data,hora,data_hora,ano,mes,dia_semana,hora_dia,periodo_dia,uf,municipio,regiao_grande_vitoria,rodovia,rodovia_label,km,latitude,longitude,causa,tipo_acidente,classificacao,fase_dia,sentido_via,condicao_metereologica,tipo_pista,tracado_via,uso_solo,mortos,feridos_graves,feridos_leves,feridos,ilesos,ignorados,veiculos,pessoas,regional,delegacia,uop,risco_alto,nivel_risco
2025-04-02,10:00,2025-04-02 10:00:00,2025.0,4.0,quarta,10.0,manha,ES,LINHARES,False,101.0,BR-101,135.9,-19.28308718,-40.08704829,Acessar a via sem observar a presença dos outros veículos,Colisão transversal,Com Vítimas Feridas,Pleno dia,Decrescente,Céu Claro,Simples,Reta,Não,0.0,0.0,2.0,2.0,0.0,1.0,3.0,3.0,SPRF-ES,DEL04-ES,UOP01-DEL04-ES,0,moderado
2025-04-02,10:00,2025-04-02 10:00:00,2025.0,4.0,quarta,10.0,manha,ES,IBIRACU,False,101.0,BR-101,221.0,-19.86692805,-40.40010383,Reação tardia ou ineficiente do condutor,Engavetamento,Sem Vítimas,Pleno dia,Decrescente,Céu Claro,Simples,Em Obras;Reta,Não,0.0,0.0,0.0,0.0,8.0,0.0,4.0,8.0,SPRF-ES,DEL02-ES,UOP01-DEL02-ES,0,baixo
2025-04-02,13:35,2025-04-02 13:35:00,2025.0,4.0,quarta,13.0,tarde,ES,SERRA,True,101.0,BR-101,254.0,-20.11862239,-40.31219925,Ingestão de álcool pelo condutor,Colisão traseira,Sem Vítimas,Pleno dia,Crescente,Céu Claro,Simples,Aclive;Reta;Interseção de Vias,Sim,0.0,0.0,0.0,0.0,3.0,1.0,4.0,4.0,SPRF-ES,DEL02-ES,UOP01-DEL02-ES,0,baixo
2025-04-02,15:45,2025-04-02 15:45:00,2025.0,4.0,quarta,15.0,tarde,ES,CARIACICA,True,101.0,BR-101,295.0,-20.3313286,-40.3994204,Trafegar com motocicleta (ou similar) entre as faixas,Colisão traseira,Com Vítimas Feridas,Pleno dia,Decrescente,Céu Claro,Dupla,Reta,Sim,0.0,1.0,0.0,1.0,2.0,0.0,3.0,3.0,SPRF-ES,DEL01-ES,UOP01-DEL01-ES,1,grave
2025-04-02,17:30,2025-04-02 17:30:00,2025.0,4.0,quarta,17.0,tarde,ES,BREJETUBA,False,262.0,BR-262,136.8,-20.2346691,-41.3406124,Velocidade Incompatível,Tombamento,Com Vítimas Feridas,Pleno dia,Crescente,Céu Claro,Simples,Curva,Não,0.0,0.0,1.0,1.0,0.0,1.0,2.0,2.0,SPRF-ES,DEL01-ES,UOP02-DEL01-ES,0,moderado
2025-04-04,07:00,2025-04-04 07:00:00,2025.0,4.0,sexta,7.0,manha,ES,SAO MATEUS,False,101.0,BR-101,85.8,-18.87268357,-39.94381959,Condutor deixou de manter distância do veículo da frente,Engavetamento,Com Vítimas Feridas,Pleno dia,Crescente,Céu Claro,Múltipla,Reta,Não,0.0,0.0,2.0,2.0,3.0,0.0,3.0,5.0,SPRF-ES,DEL04-ES,UOP02-DEL04-ES,0,moderado
2025-04-04,08:10,2025-04-04 08:10:00,2025.0,4.0,sexta,8.0,manha,ES,SERRA,True,101.0,BR-101,279.5,-20.21843833,-40.34453333,Condutor deixou de manter distância do veículo da frente,Colisão traseira,Com Vítimas Feridas,Pleno dia,Decrescente,Céu Claro,Dupla,Reta,Não,0.0,1.0,0.0,1.0,1.0,2.0,4.0,3.0,SPRF-ES,DEL02-ES,UOP01-DEL02-ES,1,grave
2025-04-04,16:20,2025-04-04 16:20:00,2025.0,4.0,sexta,16.0,tarde,ES,SERRA,True,101.0,BR-101,263.0,-20.16682298,-40.2720058,Velocidade Incompatível,Colisão traseira,Com Vítimas Feridas,Pleno dia,Decrescente,Céu Claro,Dupla,Declive;Reta,Sim,0.0,1.0,0.0,1.0,1.0,0.0,2.0,2.0,SPRF-ES,DEL02-ES,UOP01-DEL02-ES,1,grave
2025-04-05,14:20,2025-04-05 14:20:00,2025.0,4.0,sabado,14.0,tarde,ES,CARIACICA,True,101.0,BR-101,290.0,-20.29566594,-40.39384246,Suicídio (presumido),Atropelamento de Pedestre,Com Vítimas Feridas,Pleno dia,Crescente,Sol,Dupla,Reta,Sim,0.0,1.0,0.0,1.0,1.0,0.0,2.0,2.0,SPRF-ES,DEL01-ES,UOP01-DEL01-ES,1,grave
2025-04-06,10:00,2025-04-06 10:00:00,2025.0,4.0,domingo,10.0,manha,ES,SAO MATEUS,False,101.0,BR-101,62.0,-18.693832,-39.864126,Condutor deixou de manter distância do veículo da frente,Colisão lateral mesmo sentido,Com Vítimas Feridas,Pleno dia,Crescente,Nublado,Simples,Curva,Não,0.0,0.0,1.0,1.0,0.0,1.0,2.0,2.0,SPRF-ES,DEL04-ES,UOP02-DEL04-ES,0,moderado
2025-04-07,18:15,2025-04-07 18:15:00,2025.0,4.0,segunda,18.0,noite,ES,MIMOSO DO SUL,False,101.0,BR-101,450.0,-21.19133423,-41.29438877,Ausência de reação do condutor,Colisão lateral sentido oposto,Com Vítimas Feridas,Anoitecer,Decrescente,Nublado,Simples,Reta,Não,0.0,2.0,1.0,3.0,1.0,2.0,6.0,5.0,SPRF-ES,DEL03-ES,UOP02-DEL03-ES,1,grave
2025-04-08,19:20,2025-04-08 19:20:00,2025.0,4.0,terca,19.0,noite,ES,CARIACICA,True,101.0,BR-101,290.0,-20.287047,-40.392323,Demais falhas mecânicas ou elétricas,Incêndio,Sem Vítimas,Plena Noite,Crescente,Céu Claro,Dupla,Reta;Aclive,Não,0.0,0.0,0.0,0.0,1.0,0.0,1.0,1.0,SPRF-ES,DEL01-ES,UOP01-DEL01-ES,0,baixo
2025-04-09,14:30,2025-04-09 14:30:00,2025.0,4.0,quarta,14.0,tarde,ES,VIANA,True,101.0,BR-101,304.0,-20.3827135,-40.4591229,Ausência de reação do condutor,Colisão traseira,Com Vítimas Feridas,Pleno dia,Decrescente,Céu Claro,Dupla,Reta,Sim,0.0,0.0,1.0,1.0,1.0,0.0,2.0,2.0,SPRF-ES,DEL01-ES,UOP01-DEL01-ES,0,moderado
2025-02-17,17:50,2025-02-17 17:50:00,2025.0,2.0,segunda,17.0,tarde,ES,BAIXO GUANDU,False,259.0,BR-259,88.6,-19.51934626,-40.90862274,Reação tardia ou ineficiente do condutor,Colisão com objeto,Com Vítimas Fatais,Pleno dia,Crescente,Céu Claro,Simples,Curva,Não,1.0,1.0,0.0,1.0,1.0,1.0,3.0,4.0,SPRF-ES,DEL02-ES,UOP01-DEL02-ES,1,fatal
2025-04-11,03:30,2025-04-11 03:30:00,2025.0,4.0,sexta,3.0,madrugada,ES,SAO MATEUS,False,101.0,BR-101,86.0,-18.8655384,-39.9397803,Condutor Dormindo,Colisão com objeto,Com Vítimas Feridas,Plena Noite,Decrescente,Nublado,Simples,Reta,Não,0.0,0.0,1.0,1.0,0.0,1.0,2.0,2.0,SPRF-ES,DEL04-ES,UOP02-DEL04-ES,0,moderado
2025-04-11,08:30,2025-04-11 08:30:00,2025.0,4.0,sexta,8.0,manha,ES,CARIACICA,True,101.0,BR-101,290.4,-20.2932598,-40.3935374,Manobra de mudança de faixa,Colisão transversal,Com Vítimas Feridas,Pleno dia,Decrescente,Céu Claro,Dupla,Reta;Retorno Regulamentado,Sim,0.0,0.0,1.0,1.0,1.0,0.0,2.0,2.0,SPRF-ES,DEL01-ES,UOP01-DEL01-ES,0,moderado
2025-04-11,17:20,2025-04-11 17:20:00,2025.0,4.0,sexta,17.0,tarde,ES,VIANA,True,262.0,BR-262,29.0,-20.377956,-40.560521,Demais falhas mecânicas ou elétricas,Eventos atípicos,Com Vítimas Feridas,Pleno dia,Decrescente,Céu Claro,Dupla,Reta;Aclive,Não,0.0,0.0,1.0,1.0,0.0,1.0,2.0,2.0,SPRF-ES,DEL01-ES,UOP01-DEL01-ES,0,moderado
2025-04-12,16:00,2025-04-12 16:00:00,2025.0,4.0,sabado,16.0,tarde,ES,VENDA NOVA DO IMIGRANTE,False,262.0,BR-262,112.9,-20.3316244,-41.2044121,Ingestão de álcool pelo condutor,Colisão lateral sentido oposto,Com Vítimas Feridas,Pleno dia,Crescente,Céu Claro,Simples,Reta,Não,0.0,1.0,0.0,1.0,1.0,1.0,3.0,3.0,SPRF-ES,DEL01-ES,UOP02-DEL01-ES,1,grave
2025-04-12,23:12,2025-04-12 23:12:00,2025.0,4.0,sabado,23.0,noite,ES,CARIACICA,True,101.0,BR-101,289.9,-20.288292,-40.391993,Entrada inopinada do pedestre,Atropelamento de Pedestre,Com Vítimas Fatais,Plena Noite,Decrescente,Nublado,Dupla,Reta,Sim,1.0,0.0,0.0,0.0,0.0,1.0,2.0,2.0,SPRF-ES,DEL01-ES,UOP01-DEL01-ES,1,fatal
2025-04-13,01:40,2025-04-13 01:40:00,2025.0,4.0,domingo,1.0,madrugada,ES,CARIACICA,True,101.0,BR-101,284.5,-20.24729923,-40.37035622,Ausência de reação do condutor,Colisão com objeto,Com Vítimas Feridas,Plena Noite,Decrescente,Céu Claro,Dupla,Reta;Declive,Não,0.0,0.0,1.0,1.0,1.0,2.0,4.0,3.0,SPRF-ES,DEL01-ES,UOP01-DEL01-ES,0,moderado
2025-04-13,12:16,2025-04-13 12:16:00,2025.0,4.0,domingo,12.0,tarde,ES,ICONHA,False,101.0,BR-101,372.6,-20.777137,-40.779302,Ausência de reação do condutor,Colisão com objeto,Com Vítimas Feridas,Pleno dia,Crescente,Céu Claro,Simples,Reta,Não,0.0,0.0,1.0,1.0,0.0,1.0,2.0,2.0,SPRF-ES,DEL03-ES,UOP01-DEL03-ES,0,moderado
2025-04-14,17:40,2025-04-14 17:40:00,2025.0,4.0,segunda,17.0,tarde,ES,VENDA NOVA DO IMIGRANTE,False,262.0,BR-262,101.7,-20.342482,-41.1137447,Demais falhas mecânicas ou elétricas,Tombamento,Com Vítimas Feridas,Anoitecer,Crescente,Nublado,Simples,Curva,Não,0.0,0.0,1.0,1.0,0.0,0.0,1.0,1.0,SPRF-ES,DEL01-ES,UOP02-DEL01-ES,0,moderado
2025-04-14,21:30,2025-04-14 21:30:00,2025.0,4.0,segunda,21.0,noite,ES,ICONHA,False,101.0,BR-101,372.5,-20.77239177,-40.77697785,Ultrapassagem Indevida,Colisão frontal,Sem Vítimas,Plena Noite,Crescente,Nublado,Simples,Reta,Não,0.0,0.0,0.0,0.0,2.0,2.0,4.0,3.0,SPRF-ES,DEL03-ES,UOP01-DEL03-ES,0,baixo
2025-04-15,14:30,2025-04-15 14:30:00,2025.0,4.0,terca,14.0,tarde,ES,CARIACICA,True,101.0,BR-101,285.6,-20.25423855,-40.37464775,Acessar a via sem observar a presença dos outros veículos,Colisão transversal,Com Vítimas Feridas,Pleno dia,Crescente,Céu Claro,Dupla,Aclive;Reta;Interseção de Vias,Não,0.0,0.0,2.0,2.0,3.0,0.0,3.0,5.0,SPRF-ES,DEL01-ES,UOP01-DEL01-ES,0,moderado
2025-04-15,22:30,2025-04-15 22:30:00,2025.0,4.0,terca,22.0,noite,ES,VILA VELHA,True,101.0,BR-101,313.0,-20.456781,-40.463964,Reação tardia ou ineficiente do condutor,Colisão traseira,Com Vítimas Fatais,Plena Noite,Crescente,Nublado,Dupla,Reta,Não,1.0,0.0,0.0,0.0,1.0,2.0,4.0,3.0,SPRF-ES,DEL01-ES,UOP01-DEL01-ES,1,fatal
2025-04-16,08:30,2025-04-16 08:30:00,2025.0,4.0,quarta,8.0,manha,ES,LINHARES,False,101.0,BR-101,147.0,-19.3916796,-40.06701447,Condutor deixou de manter distância do veículo da frente,Colisão traseira,Com Vítimas Feridas,Pleno dia,Crescente,Céu Claro,Dupla,Reta,Não,0.0,0.0,2.0,2.0,2.0,0.0,3.0,4.0,SPRF-ES,DEL04-ES,UOP01-DEL04-ES,0,moderado
2025-04-16,09:00,2025-04-16 09:00:00,2025.0,4.0,quarta,9.0,manha,ES,FUNDAO,True,101.0,BR-101,228.8,-19.92707333,-40.40599,Condutor deixou de manter distância do veículo da frente,Colisão traseira,Com Vítimas Feridas,Pleno dia,Crescente,Nublado,Simples,Reta,Não,0.0,0.0,2.0,2.0,4.0,0.0,4.0,6.0,SPRF-ES,DEL02-ES,UOP01-DEL02-ES,0,moderado
2025-04-17,07:10,2025-04-17 07:10:00,2025.0,4.0,quinta,7.0,manha,ES,CARIACICA,True,101.0,BR-101,284.5,-20.244866,-40.369797,Pista Escorregadia,Colisão lateral mesmo sentido,Com Vítimas Feridas,Pleno dia,Decrescente,Chuva,Dupla,Curva;Declive,Sim,0.0,2.0,0.0,2.0,1.0,1.0,3.0,4.0,SPRF-ES,DEL01-ES,UOP01-DEL01-ES,1,grave
2025-04-17,12:30,2025-04-17 12:30:00,2025.0,4.0,quinta,12.0,tarde,ES,ITAPEMIRIM,False,101.0,BR-101,401.3,-20.8837865,-40.9800922,Velocidade Incompatível,Tombamento,Com Vítimas Feridas,Pleno dia,Decrescente,Garoa/Chuvisco,Simples,Curva;Declive,Não,0.0,0.0,1.0,1.0,0.0,1.0,2.0,2.0,SPRF-ES,DEL03-ES,UOP02-DEL03-ES,0,moderado
2025-04-16,19:05,2025-04-16 19:05:00,2025.0,4.0,quarta,19.0,noite,ES,IBATIBA,False,262.0,BR-262,150.7,-20.21485,-41.448973,Reação tardia ou ineficiente do condutor,Colisão traseira,Com Vítimas Feridas,Plena Noite,Crescente,Nevoeiro/Neblina,Simples,Declive;Curva,Não,0.0,0.0,1.0,1.0,1.0,1.0,3.0,3.0,SPRF-ES,DEL01-ES,UOP02-DEL01-ES,0,moderado
2025-04-16,17:30,2025-04-16 17:30:00,2025.0,4.0,quarta,17.0,tarde,ES,CARIACICA,True,101.0,BR-101,294.1,-20.32994386,-40.3988939,Chuva,Colisão transversal,Com Vítimas Feridas,Anoitecer,Crescente,Chuva,Múltipla,Reta;Declive,Sim,0.0,1.0,0.0,1.0,2.0,0.0,2.0,3.0,SPRF-ES,DEL01-ES,UOP01-DEL01-ES,1,grave
2025-04-18,22:50,2025-04-18 22:50:00,2025.0,4.0,sexta,22.0,noite,ES,CARIACICA,True,101.0,BR-101,290.0,-20.2937462,-40.3929171,Acessar a via sem observar a presença dos outros veículos,Colisão transversal,Com Vítimas Feridas,Plena Noite,Crescente,Céu Claro,Simples,Reta;Retorno Regulamentado,Sim,0.0,1.0,0.0,1.0,1.0,1.0,3.0,3.0,SPRF-ES,DEL01-ES,UOP01-DEL01-ES,1,grave
2025-04-16,14:35,2025-04-16 14:35:00,2025.0,4.0,quarta,14.0,tarde,ES,SERRA,True,101.0,BR-101,276.4,-20.209263,-40.315953,Ausência de reação do condutor,Colisão traseira,Com Vítimas Feridas,Pleno dia,Decrescente,Céu Claro,Dupla,Retorno Regulamentado,Não,0.0,1.0,0.0,1.0,1.0,1.0,3.0,3.0,SPRF-ES,DEL02-ES,UOP01-DEL02-ES,1,grave
2025-04-23,18:10,2025-04-23 18:10:00,2025.0,4.0,quarta,18.0,noite,ES,MIMOSO DO SUL,False,101.0,BR-101,442.0,-21.098541,-41.253782,Ausência de reação do condutor,Colisão lateral sentido oposto,Com Vítimas Feridas,Plena Noite,Crescente,Céu Claro,Simples,Curva,Não,0.0,1.0,2.0,3.0,0.0,2.0,5.0,4.0,SPRF-ES,DEL03-ES,UOP02-DEL03-ES,1,grave
2025-04-24,07:40,2025-04-24 07:40:00,2025.0,4.0,quinta,7.0,manha,ES,CARIACICA,True,101.0,BR-101,291.9,-20.305992,-40.395167,Trafegar com motocicleta (ou similar) entre as faixas,Colisão transversal,Com Vítimas Fatais,Pleno dia,Crescente,Sol,Dupla,Retorno Regulamentado;Reta,Sim,1.0,0.0,0.0,0.0,1.0,0.0,2.0,2.0,SPRF-ES,DEL01-ES,UOP01-DEL01-ES,1,fatal
2025-04-24,08:00,2025-04-24 08:00:00,2025.0,4.0,quinta,8.0,manha,ES,VIANA,True,101.0,BR-101,299.3,-20.3577014,-40.4262213,Condutor deixou de manter distância do veículo da frente,Colisão lateral mesmo sentido,Com Vítimas Feridas,Pleno dia,Crescente,Céu Claro,Dupla,Reta,Sim,0.0,0.0,1.0,1.0,1.0,0.0,2.0,2.0,SPRF-ES,DEL01-ES,UOP01-DEL01-ES,0,moderado
2025-04-24,10:45,2025-04-24 10:45:00,2025.0,4.0,quinta,10.0,manha,ES,CARIACICA,True,101.0,BR-101,288.8,-20.28322004,-40.39303601,Condutor deixou de manter distância do veículo da frente,Colisão traseira,Com Vítimas Feridas,Pleno dia,Crescente,Céu Claro,Dupla,Declive;Reta,Não,0.0,1.0,0.0,1.0,1.0,0.0,2.0,2.0,SPRF-ES,DEL01-ES,UOP01-DEL01-ES,1,grave
2025-04-24,22:40,2025-04-24 22:40:00,2025.0,4.0,quinta,22.0,noite,ES,SERRA,True,101.0,BR-101,280.0,-20.21771,-40.3513616,Demais falhas mecânicas ou elétricas,Incêndio,Sem Vítimas,Plena Noite,Crescente,Céu Claro,Dupla,Reta,Não,0.0,0.0,0.0,0.0,1.0,0.0,1.0,1.0,SPRF-ES,DEL02-ES,UOP01-DEL02-ES,0,baixo
2025-04-25,16:30,2025-04-25 16:30:00,2025.0,4.0,sexta,16.0,tarde,ES,AFONSO CLAUDIO,False,484.0,BR-484,98.0,-20.01336196,-41.03200468,Ausência de reação do condutor,Colisão transversal,Com Vítimas Feridas,Pleno dia,Crescente,Nublado,Simples,Aclive;Reta,Não,0.0,1.0,0.0,1.0,1.0,0.0,2.0,2.0,SPRF-ES,DEL01-ES,UOP02-DEL01-ES,1,grave
2025-04-26,10:00,2025-04-26 10:00:00,2025.0,4.0,sabado,10.0,manha,ES,MARECHAL FLORIANO,False,262.0,BR-262,64.0,-20.418668,-40.816593,Curva acentuada,Tombamento,Com Vítimas Feridas,Pleno dia,Decrescente,Céu Claro,Simples,Curva,Não,0.0,0.0,2.0,2.0,0.0,1.0,2.0,3.0,SPRF-ES,DEL01-ES,UOP02-DEL01-ES,0,moderado
2025-04-27,14:40,2025-04-27 14:40:00,2025.0,4.0,domingo,14.0,tarde,ES,RIO NOVO DO SUL,False,101.0,BR-101,393.0,-20.86647455,-40.90843678,Acessar a via sem observar a presença dos outros veículos,Colisão lateral sentido oposto,Com Vítimas Feridas,Pleno dia,Crescente,Sol,Simples,Reta,Não,0.0,1.0,0.0,1.0,1.0,1.0,3.0,3.0,SPRF-ES,DEL03-ES,UOP02-DEL03-ES,1,grave
2025-04-28,00:00,2025-04-28 00:00:00,2025.0,4.0,segunda,0.0,madrugada,ES,CONCEICAO DA BARRA,False,101.0,BR-101,33.0,-18.44622978,-39.93204117,Condutor Dormindo,Saída de leito carroçável,Com Vítimas Feridas,Plena Noite,Crescente,Céu Claro,Simples,Reta,Não,0.0,0.0,1.0,1.0,0.0,2.0,3.0,2.0,SPRF-ES,DEL04-ES,UOP02-DEL04-ES,0,moderado
2025-03-03,11:30,2025-03-03 11:30:00,2025.0,3.0,segunda,11.0,manha,ES,IBATIBA,False,262.0,BR-262,163.5,-20.241077,-41.546752,Ausência de reação do condutor,Colisão com objeto,Com Vítimas Feridas,Pleno dia,Decrescente,Céu Claro,Simples,Reta;Aclive,Não,0.0,1.0,0.0,1.0,1.0,0.0,2.0,2.0,SPRF-ES,DEL01-ES,UOP02-DEL01-ES,1,grave
2025-04-04,16:45,2025-04-04 16:45:00,2025.0,4.0,sexta,16.0,tarde,ES,FUNDAO,True,101.0,BR-101,231.1,-19.94581667,-40.40393333,Pedestre cruzava a pista fora da faixa,Atropelamento de Pedestre,Com Vítimas Feridas,Anoitecer,Crescente,Céu Claro,Simples,Reta,Não,0.0,0.0,1.0,1.0,1.0,2.0,3.0,4.0,SPRF-ES,DEL02-ES,UOP01-DEL02-ES,0,moderado
2025-04-28,22:15,2025-04-28 22:15:00,2025.0,4.0,segunda,22.0,noite,ES,IUNA,False,262.0,BR-262,184.5,-20.296857,-41.709423,Transitar na contramão,Colisão lateral sentido oposto,Com Vítimas Feridas,Plena Noite,Crescente,Nublado,Simples,Aclive;Curva,Não,0.0,0.0,1.0,1.0,1.0,0.0,2.0,2.0,SPRF-ES,DEL01-ES,UOP02-DEL01-ES,0,moderado
2025-04-29,05:55,2025-04-29 05:55:00,2025.0,4.0,terca,5.0,madrugada,ES,CARIACICA,True,101.0,BR-101,289.3,-20.2510108,-40.37269938,Acumulo de água sobre o pavimento,Saída de leito carroçável,Com Vítimas Feridas,Amanhecer,Decrescente,Céu Claro,Simples,Reta,Não,0.0,0.0,1.0,1.0,0.0,1.0,2.0,2.0,SPRF-ES,DEL01-ES,UOP01-DEL01-ES,0,moderado
2025-04-29,08:30,2025-04-29 08:30:00,2025.0,4.0,terca,8.0,manha,ES,SERRA,True,101.0,BR-101,243.0,-20.036228,-40.393767,Transitar na contramão,Colisão lateral sentido oposto,Com Vítimas Feridas,Pleno dia,Crescente,Céu Claro,Simples,Reta,Não,0.0,0.0,2.0,2.0,3.0,1.0,3.0,6.0,SPRF-ES,DEL02-ES,UOP01-DEL02-ES,0,moderado
2025-04-29,08:26,2025-04-29 08:26:00,2025.0,4.0,terca,8.0,manha,ES,SERRA,True,101.0,BR-101,268.6,-20.0507392,-40.3832832,Trafegar com motocicleta (ou similar) entre as faixas,Colisão lateral mesmo sentido,Com Vítimas Feridas,Pleno dia,Crescente,Céu Claro,Dupla,Reta,Sim,0.0,1.0,0.0,1.0,1.0,0.0,2.0,2.0,SPRF-ES,DEL02-ES,UOP01-DEL02-ES,1,grave
2025-04-29,06:50,2025-04-29 06:50:00,2025.0,4.0,terca,6.0,manha,ES,VENDA NOVA DO IMIGRANTE,False,262.0,BR-262,110.0,-20.3374556,-41.193415,Ausência de reação do condutor,Colisão traseira,Com Vítimas Feridas,Pleno dia,Crescente,Céu Claro,Simples,Reta,Sim,0.0,0.0,1.0,1.0,3.0,0.0,3.0,4.0,SPRF-ES,DEL01-ES,UOP02-DEL01-ES,0,moderado
2025-04-29,14:04,2025-04-29 14:04:00,2025.0,4.0,terca,14.0,tarde,ES,SERRA,True,101.0,BR-101,266.4,-20.19528126,-40.26923776,Ausência de reação do condutor,Colisão traseira,Com Vítimas Feridas,Pleno dia,Crescente,Nublado,Múltipla,Reta;Retorno Regulamentado,Sim,0.0,1.0,0.0,1.0,3.0,1.0,4.0,5.0,SPRF-ES,DEL02-ES,UOP01-DEL02-ES,1,grave
2025-04-29,14:55,2025-04-29 14:55:00,2025.0,4.0,terca,14.0,tarde,ES,PRESIDENTE KENNEDY,False,101.0,BR-101,438.9,-21.07210384,-41.22784281,Acessar a via sem observar a presença dos outros veículos,Colisão transversal,Com Vítimas Feridas,Pleno dia,Crescente,Nublado,Simples,Curva,Não,0.0,0.0,1.0,1.0,1.0,0.0,2.0,2.0,SPRF-ES,DEL03-ES,UOP02-DEL03-ES,0,moderado
2025-03-17,18:15,2025-03-17 18:15:00,2025.0,3.0,segunda,18.0,noite,ES,ICONHA,False,101.0,BR-101,2.0,-20.80276,-40.788913,Pedestre cruzava a pista fora da faixa,Atropelamento de Pedestre,Com Vítimas Fatais,Plena Noite,Decrescente,Chuva,Dupla,Curva,Não,1.0,0.0,0.0,0.0,1.0,0.0,2.0,2.0,SPRF-ES,DEL03-ES,UOP02-DEL03-ES,1,fatal
2025-05-02,06:00,2025-05-02 06:00:00,2025.0,5.0,sexta,6.0,manha,ES,JAGUARE,False,101.0,BR-101,93.0,-18.95676841,-39.98085022,Condutor deixou de manter distância do veículo da frente,Colisão traseira,Com Vítimas Feridas,Pleno dia,Crescente,Nublado,Simples,Reta,Não,0.0,0.0,1.0,1.0,1.0,3.0,5.0,4.0,SPRF-ES,DEL04-ES,UOP02-DEL04-ES,0,moderado
2025-05-02,09:20,2025-05-02 09:20:00,2025.0,5.0,sexta,9.0,manha,ES,CARIACICA,True,101.0,BR-101,291.0,-20.3032417,-40.3951811,Manobra de mudança de faixa,Colisão lateral mesmo sentido,Com Vítimas Feridas,Pleno dia,Decrescente,Céu Claro,Dupla,Reta,Não,0.0,0.0,2.0,2.0,1.0,1.0,3.0,4.0,SPRF-ES,DEL01-ES,UOP01-DEL01-ES,0,moderado
2025-05-02,18:00,2025-05-02 18:00:00,2025.0,5.0,sexta,18.0,noite,ES,RIO NOVO DO SUL,False,101.0,BR-101,388.9,-20.86121,-40.8796,Frear bruscamente,Colisão traseira,Com Vítimas Feridas,Plena Noite,Crescente,Céu Claro,Simples,Curva,Não,0.0,0.0,1.0,1.0,1.0,1.0,3.0,3.0,SPRF-ES,DEL03-ES,UOP02-DEL03-ES,0,moderado
2025-05-03,20:45,2025-05-03 20:45:00,2025.0,5.0,sabado,20.0,noite,ES,LINHARES,False,101.0,BR-101,122.5,-19.2824722,-40.0871742,Frear bruscamente,Colisão traseira,Com Vítimas Feridas,Plena Noite,Crescente,Nublado,Simples,Reta,Não,0.0,0.0,1.0,1.0,2.0,2.0,4.0,4.0,SPRF-ES,DEL04-ES,UOP01-DEL04-ES,0,moderado
2025-05-04,22:40,2025-05-04 22:40:00,2025.0,5.0,domingo,22.0,noite,ES,LINHARES,False,101.0,BR-101,159.5,-19.47298212,-40.11209099,Transitar na contramão,Colisão frontal,Sem Vítimas,Plena Noite,Decrescente,Nublado,Simples,Curva,Sim,0.0,0.0,0.0,0.0,2.0,0.0,2.0,2.0,SPRF-ES,DEL04-ES,UOP01-DEL04-ES,0,baixo
2025-05-05,12:03,2025-05-05 12:03:00,2025.0,5.0,segunda,12.0,tarde,ES,PEDRO CANARIO,False,101.0,BR-101,17.0,-18.305947,-39.957792,Reação tardia ou ineficiente do condutor,Colisão com objeto,Com Vítimas Feridas,Pleno dia,Crescente,Chuva,Simples,Curva;Declive,Não,0.0,1.0,0.0,1.0,0.0,0.0,1.0,1.0,SPRF-ES,DEL04-ES,UOP02-DEL04-ES,1,grave
2025-05-05,18:00,2025-05-05 18:00:00,2025.0,5.0,segunda,18.0,noite,ES,IBIRACU,False,101.0,BR-101,212.0,-19.81447381,-40.36597967,Acesso irregular,Colisão transversal,Com Vítimas Feridas,Plena Noite,Decrescente,Céu Claro,Simples,Curva,Não,0.0,1.0,0.0,1.0,2.0,1.0,3.0,4.0,SPRF-ES,DEL02-ES,UOP01-DEL02-ES,1,grave
2025-05-05,19:43,2025-05-05 19:43:00,2025.0,5.0,segunda,19.0,noite,ES,CONCEICAO DA BARRA,False,101.0,BR-101,29.0,-18.35988872,-39.94995116,Demais falhas mecânicas ou elétricas,Incêndio,Sem Vítimas,Plena Noite,Decrescente,Nublado,Simples,Aclive,Não,0.0,0.0,0.0,0.0,1.0,1.0,2.0,2.0,SPRF-ES,DEL04-ES,UOP02-DEL04-ES,0,baixo
2025-05-05,21:20,2025-05-05 21:20:00,2025.0,5.0,segunda,21.0,noite,ES,RIO NOVO DO SUL,False,101.0,BR-101,385.8,-20.84208,-40.87343,Condutor Dormindo,Colisão lateral sentido oposto,Com Vítimas Feridas,Plena Noite,Crescente,Chuva,Simples,Reta,Não,0.0,0.0,1.0,1.0,1.0,1.0,3.0,3.0,SPRF-ES,DEL03-ES,UOP01-DEL03-ES,0,moderado
2025-03-08,19:22,2025-03-08 19:22:00,2025.0,3.0,sabado,19.0,noite,ES,JAGUARE,False,101.0,BR-101,100.3,-18.99038863,-40.00019073,Acessar a via sem observar a presença dos outros veículos,Colisão transversal,Com Vítimas Feridas,Plena Noite,Decrescente,Céu Claro,Simples,Reta;Retorno Regulamentado,Sim,0.0,1.0,0.0,1.0,1.0,0.0,2.0,2.0,SPRF-ES,DEL04-ES,UOP02-DEL04-ES,1,grave