data,hora,data_hora,ano,mes,dia_semana,hora_dia,periodo_dia,uf,municipio,regiao_grande_vitoria,rodovia,rodovia_label,km,latitude,longitude,causa,tipo_acidente,classificacao,fase_dia,sentido_via,condicao_metereologica,tipo_pista,tracado_via,uso_solo,mortos,feridos_graves,feridos_leves,feridos,ilesos,ignorados,veiculos,pessoas,regional,delegacia,uop,risco_alto,nivel_risco
2025-01-23,01:40,2025-01-23 01:40:00,2025.0,1.0,quinta,1.0,madrugada,ES,SERRA,True,101.0,BR-101,271.2,-20.23267,-40.27658,Conversão proibida,Colisão transversal,Com Vítimas Feridas,Plena Noite,Crescente,Céu Claro,Múltipla,Reta,Sim,0.0,1.0,0.0,1.0,1.0,0.0,2.0,2.0,SPRF-ES,DEL02-ES,UOP01-DEL02-ES,1,grave
2025-05-07,13:00,2025-05-07 13:00:00,2025.0,5.0,quarta,13.0,tarde,ES,MARECHAL FLORIANO,False,262.0,BR-262,66.0,-20.412758,-40.830838,Velocidade Incompatível,Colisão transversal,Com Vítimas Fatais,Pleno dia,Crescente,Céu Claro,Simples,Reta,Não,1.0,0.0,0.0,0.0,1.0,0.0,2.0,2.0,SPRF-ES,DEL01-ES,UOP02-DEL01-ES,1,fatal
2025-04-29,01:00,2025-04-29 01:00:00,2025.0,4.0,terca,1.0,madrugada,ES,SAO MATEUS,False,101.0,BR-101,64.8,-18.7087572,-39.8773226,Ultrapassagem Indevida,Colisão lateral sentido oposto,Com Vítimas Fatais,Plena Noite,Decrescente,Chuva,Simples,Ponte,Sim,1.0,1.0,1.0,2.0,1.0,3.0,7.0,6.0,SPRF-ES,DEL04-ES,UOP02-DEL04-ES,1,fatal
2025-05-08,18:30,2025-05-08 18:30:00,2025.0,5.0,quinta,18.0,noite,ES,COLATINA,False,259.0,BR-259,25.2,-19.5915524,-40.50896231,Transitar na contramão,Colisão frontal,Com Vítimas Feridas,Plena Noite,Decrescente,Nublado,Simples,Curva,Não,0.0,0.0,1.0,1.0,1.0,0.0,2.0,2.0,SPRF-ES,DEL02-ES,UOP01-DEL02-ES,0,moderado
2025-05-09,08:15,2025-05-09 08:15:00,2025.0,5.0,sexta,8.0,manha,ES,CARIACICA,True,101.0,BR-101,296.9,-20.34431868,-40.40925908,Condutor deixou de manter distância do veículo da frente,Engavetamento,Com Vítimas Feridas,Pleno dia,Crescente,Nublado,Dupla,Curva,Sim,0.0,1.0,2.0,3.0,1.0,1.0,5.0,5.0,SPRF-ES,DEL01-ES,UOP01-DEL01-ES,1,grave
2025-05-09,20:40,2025-05-09 20:40:00,2025.0,5.0,sexta,20.0,noite,ES,LINHARES,False,101.0,BR-101,163.0,-19.501928,-40.131926,Ausência de reação do condutor,Colisão frontal,Com Vítimas Feridas,Plena Noite,Crescente,Céu Claro,Simples,Curva,Não,0.0,0.0,1.0,1.0,2.0,0.0,3.0,3.0,SPRF-ES,DEL04-ES,UOP01-DEL04-ES,0,moderado
2025-03-24,05:36,2025-03-24 05:36:00,2025.0,3.0,segunda,5.0,madrugada,ES,SOORETAMA,False,101.0,BR-101,120.0,-19.19146035,-40.09494781,Ultrapassagem Indevida,Colisão frontal,Com Vítimas Feridas,Amanhecer,Crescente,Céu Claro,Simples,Aclive;Reta,Não,0.0,1.0,0.0,1.0,1.0,2.0,4.0,3.0,SPRF-ES,DEL04-ES,UOP01-DEL04-ES,1,grave
2025-03-29,14:30,2025-03-29 14:30:00,2025.0,3.0,sabado,14.0,tarde,ES,CONCEICAO DA BARRA,False,101.0,BR-101,40.7,-18.504827,-39.916922,Manobra de mudança de faixa,Colisão lateral mesmo sentido,Com Vítimas Feridas,Pleno dia,Crescente,Céu Claro,Simples,Reta,Não,0.0,1.0,0.0,1.0,2.0,0.0,2.0,3.0,SPRF-ES,DEL04-ES,UOP02-DEL04-ES,1,grave
2025-05-12,14:00,2025-05-12 14:00:00,2025.0,5.0,segunda,14.0,tarde,ES,JOAO NEIVA,False,101.0,BR-101,204.8,-19.75566857,-40.37997991,Desrespeitar a preferência no cruzamento,Colisão transversal,Com Vítimas Feridas,Pleno dia,Decrescente,Nublado,Simples,Interseção de Vias;Rotatória,Sim,0.0,1.0,0.0,1.0,1.0,0.0,2.0,2.0,SPRF-ES,DEL02-ES,UOP01-DEL02-ES,1,grave
2025-05-12,19:00,2025-05-12 19:00:00,2025.0,5.0,segunda,19.0,noite,ES,SERRA,True,101.0,BR-101,267.8,-20.2071674,-40.2696285,Condutor desrespeitou a iluminação vermelha do semáforo,Colisão transversal,Com Vítimas Feridas,Plena Noite,Crescente,Chuva,Múltipla,Reta,Não,0.0,0.0,1.0,1.0,1.0,0.0,2.0,2.0,SPRF-ES,DEL02-ES,UOP01-DEL02-ES,0,moderado
2025-05-13,01:00,2025-05-13 01:00:00,2025.0,5.0,terca,1.0,madrugada,ES,PEDRO CANARIO,False,101.0,BR-101,16.5,-18.2997298,-39.9574107,Condutor Dormindo,Colisão traseira,Com Vítimas Feridas,Plena Noite,Crescente,Nublado,Simples,Reta,Sim,0.0,0.0,1.0,1.0,1.0,1.0,3.0,3.0,SPRF-ES,DEL04-ES,UOP02-DEL04-ES,0,moderado
2025-05-13,07:45,2025-05-13 07:45:00,2025.0,5.0,terca,7.0,manha,ES,SERRA,True,101.0,BR-101,279.1,-20.04883604,-40.38668633,Condutor deixou de manter distância do veículo da frente,Colisão traseira,Com Vítimas Feridas,Pleno dia,Decrescente,Garoa/Chuvisco,Dupla,Reta,Não,0.0,0.0,1.0,1.0,1.0,1.0,3.0,3.0,SPRF-ES,DEL02-ES,UOP01-DEL02-ES,0,moderado
2025-05-13,15:10,2025-05-13 15:10:00,2025.0,5.0,terca,15.0,tarde,ES,SERRA,True,101.0,BR-101,270.3,-20.22300754,-40.27019149,Condutor deixou de manter distância do veículo da frente,Colisão traseira,Com Vítimas Feridas,Pleno dia,Crescente,Nublado,Dupla,Reta,Sim,0.0,0.0,2.0,2.0,1.0,0.0,2.0,3.0,SPRF-ES,DEL02-ES,UOP01-DEL02-ES,0,moderado
2025-05-13,15:00,2025-05-13 15:00:00,2025.0,5.0,terca,15.0,tarde,ES,IBATIBA,False,262.0,BR-262,158.0,-20.23032835,-41.50016785,Ausência de reação do condutor,Colisão lateral sentido oposto,Sem Vítimas,Pleno dia,Decrescente,Nublado,Simples,Curva,Sim,0.0,0.0,0.0,0.0,2.0,2.0,4.0,4.0,SPRF-ES,DEL01-ES,UOP02-DEL01-ES,0,baixo
2025-05-14,13:30,2025-05-14 13:30:00,2025.0,5.0,quarta,13.0,tarde,ES,CARIACICA,True,101.0,BR-101,294.6,-20.329888,-40.398898,Reação tardia ou ineficiente do condutor,Colisão lateral mesmo sentido,Com Vítimas Feridas,Pleno dia,Decrescente,Céu Claro,Múltipla,Declive,Sim,0.0,0.0,1.0,1.0,3.0,1.0,5.0,5.0,SPRF-ES,DEL01-ES,UOP01-DEL01-ES,0,moderado
2025-05-02,11:46,2025-05-02 11:46:00,2025.0,5.0,sexta,11.0,manha,ES,ITAPEMIRIM,False,101.0,BR-101,409.8,-20.89646121,-41.05004936,Ausência de reação do condutor,Colisão com objeto,Com Vítimas Feridas,Pleno dia,Crescente,Céu Claro,Simples,Curva,Não,0.0,0.0,1.0,1.0,0.0,1.0,2.0,2.0,SPRF-ES,DEL03-ES,UOP02-DEL03-ES,0,moderado
2025-05-15,10:10,2025-05-15 10:10:00,2025.0,5.0,quinta,10.0,manha,ES,CONCEICAO DA BARRA,False,101.0,BR-101,49.0,-18.58277352,-39.8932871,Desrespeitar a preferência no cruzamento,Colisão transversal,Com Vítimas Feridas,Pleno dia,Crescente,Nublado,Simples,Reta,Não,0.0,0.0,2.0,2.0,1.0,2.0,4.0,4.0,SPRF-ES,DEL04-ES,UOP02-DEL04-ES,0,moderado
2025-05-15,14:00,2025-05-15 14:00:00,2025.0,5.0,quinta,14.0,tarde,ES,SERRA,True,101.0,BR-101,282.0,-20.22577477,-40.36231549,Condutor deixou de manter distância do veículo da frente,Colisão traseira,Com Vítimas Feridas,Pleno dia,Decrescente,Sol,Dupla,Reta,Não,0.0,0.0,2.0,2.0,3.0,0.0,3.0,5.0,SPRF-ES,DEL01-ES,UOP01-DEL01-ES,0,moderado
2025-05-15,17:00,2025-05-15 17:00:00,2025.0,5.0,quinta,17.0,tarde,ES,SAO MATEUS,False,101.0,BR-101,67.0,-18.71223715,-39.87815794,Ausência de reação do condutor,Atropelamento de Pedestre,Com Vítimas Feridas,Pleno dia,Crescente,Chuva,Múltipla,Reta,Sim,0.0,1.0,0.0,1.0,0.0,1.0,2.0,2.0,SPRF-ES,DEL04-ES,UOP02-DEL04-ES,1,grave
2025-05-16,16:00,2025-05-16 16:00:00,2025.0,5.0,sexta,16.0,tarde,ES,CARIACICA,True,101.0,BR-101,282.0,-20.22668406,-40.36399484,Manobra de mudança de faixa,Colisão traseira,Com Vítimas Feridas,Pleno dia,Decrescente,Céu Claro,Dupla,Curva,Não,0.0,0.0,1.0,1.0,0.0,1.0,2.0,2.0,SPRF-ES,DEL01-ES,UOP01-DEL01-ES,0,moderado
2025-03-15,12:30,2025-03-15 12:30:00,2025.0,3.0,sabado,12.0,tarde,ES,SAO MATEUS,False,101.0,BR-101,67.0,-18.72802869,-39.85997558,Condutor desrespeitou a iluminação vermelha do semáforo,Colisão transversal,Com Vítimas Feridas,Pleno dia,Crescente,Sol,Simples,Rotatória,Sim,0.0,2.0,0.0,2.0,1.0,2.0,4.0,4.0,SPRF-ES,DEL04-ES,UOP02-DEL04-ES,1,grave
2025-05-17,11:57,2025-05-17 11:57:00,2025.0,5.0,sabado,11.0,manha,ES,ANCHIETA,False,101.0,BR-101,368.9,-20.755729,-40.756496,Velocidade Incompatível,Tombamento,Com Vítimas Feridas,Pleno dia,Decrescente,Céu Claro,Simples,Aclive;Curva,Não,0.0,0.0,1.0,1.0,0.0,1.0,2.0,2.0,SPRF-ES,DEL03-ES,UOP01-DEL03-ES,0,moderado
2025-05-17,20:43,2025-05-17 20:43:00,2025.0,5.0,sabado,20.0,noite,ES,IBIRACU,False,101.0,BR-101,222.2,-19.83353291,-40.37992198,Ausência de reação do condutor,Colisão transversal,Com Vítimas Feridas,Plena Noite,Crescente,Céu Claro,Simples,Curva,Não,0.0,0.0,2.0,2.0,0.0,1.0,3.0,3.0,SPRF-ES,DEL02-ES,UOP01-DEL02-ES,0,moderado
2025-05-20,06:35,2025-05-20 06:35:00,2025.0,5.0,terca,6.0,manha,ES,SERRA,True,101.0,BR-101,276.3,-20.2091774,-40.3158721,Desrespeitar a preferência no cruzamento,Colisão transversal,Com Vítimas Fatais,Pleno dia,Decrescente,Nublado,Dupla,Retorno Regulamentado,Não,1.0,0.0,0.0,0.0,1.0,0.0,2.0,2.0,SPRF-ES,DEL02-ES,UOP01-DEL02-ES,1,fatal
2025-05-20,17:30,2025-05-20 17:30:00,2025.0,5.0,terca,17.0,tarde,ES,VIANA,True,101.0,BR-101,297.8,-20.35102005,-40.41308951,Manobra de mudança de faixa,Colisão lateral mesmo sentido,Com Vítimas Feridas,Anoitecer,Decrescente,Céu Claro,Dupla,Reta,Sim,0.0,0.0,1.0,1.0,2.0,0.0,3.0,3.0,SPRF-ES,DEL01-ES,UOP01-DEL01-ES,0,moderado
2025-05-21,04:40,2025-05-21 04:40:00,2025.0,5.0,quarta,4.0,madrugada,ES,SOORETAMA,False,101.0,BR-101,126.3,-19.19769529,-40.09539578,Condutor desrespeitou a iluminação vermelha do semáforo,Colisão transversal,Com Vítimas Feridas,Plena Noite,Crescente,Nevoeiro/Neblina,Múltipla,Interseção de Vias;Reta,Sim,0.0,2.0,17.0,19.0,13.0,0.0,2.0,32.0,SPRF-ES,DEL04-ES,UOP01-DEL04-ES,1,grave
2025-05-21,07:38,2025-05-21 07:38:00,2025.0,5.0,quarta,7.0,manha,ES,SERRA,True,101.0,BR-101,262.0,-20.15893204,-40.27622475,Manobra de mudança de faixa,Colisão lateral mesmo sentido,Com Vítimas Feridas,Pleno dia,Decrescente,Sol,Dupla,Reta;Aclive,Sim,0.0,0.0,1.0,1.0,2.0,1.0,3.0,4.0,SPRF-ES,DEL02-ES,UOP01-DEL02-ES,0,moderado
2025-05-21,08:20,2025-05-21 08:20:00,2025.0,5.0,quarta,8.0,manha,ES,CARIACICA,True,101.0,BR-101,289.9,-20.28985326,-40.39189529,Manobra de mudança de faixa,Colisão lateral mesmo sentido,Com Vítimas Feridas,Pleno dia,Crescente,Céu Claro,Dupla,Reta;Aclive,Sim,0.0,0.0,1.0,1.0,0.0,1.0,2.0,2.0,SPRF-ES,DEL01-ES,UOP01-DEL01-ES,0,moderado
2025-05-21,14:10,2025-05-21 14:10:00,2025.0,5.0,quarta,14.0,tarde,ES,CARIACICA,True,101.0,BR-101,292.0,-20.30636079,-40.39502597,Manobra de mudança de faixa,Colisão traseira,Com Vítimas Feridas,Pleno dia,Decrescente,Sol,Dupla,Reta,Sim,0.0,3.0,2.0,5.0,1.0,0.0,2.0,6.0,SPRF-ES,DEL01-ES,UOP01-DEL01-ES,1,grave
2025-05-21,15:06,2025-05-21 15:06:00,2025.0,5.0,quarta,15.0,tarde,ES,LINHARES,False,101.0,BR-101,145.5,-19.36533504,-40.06548898,Ultrapassagem Indevida,Colisão lateral mesmo sentido,Com Vítimas Feridas,Pleno dia,Crescente,Céu Claro,Múltipla,Reta,Não,0.0,0.0,1.0,1.0,1.0,0.0,2.0,2.0,SPRF-ES,DEL04-ES,UOP01-DEL04-ES,0,moderado
2025-05-22,12:20,2025-05-22 12:20:00,2025.0,5.0,quinta,12.0,tarde,ES,LINHARES,False,101.0,BR-101,149.9,-19.40454788,-40.06046426,Entrada inopinada do pedestre,Atropelamento de Pedestre,Com Vítimas Feridas,Pleno dia,Crescente,Céu Claro,Simples,Curva,Sim,0.0,1.0,0.0,1.0,1.0,1.0,3.0,3.0,SPRF-ES,DEL04-ES,UOP01-DEL04-ES,1,grave
2025-04-05,18:40,2025-04-05 18:40:00,2025.0,4.0,sabado,18.0,noite,ES,PEDRO CANARIO,False,101.0,BR-101,17.5,-18.309158,-39.957192,Transitar na contramão,Colisão frontal,Com Vítimas Fatais,Plena Noite,Crescente,Céu Claro,Simples,Curva,Não,1.0,0.0,0.0,0.0,1.0,1.0,3.0,3.0,SPRF-ES,DEL04-ES,UOP02-DEL04-ES,1,fatal
2025-05-22,17:30,2025-05-22 17:30:00,2025.0,5.0,quinta,17.0,tarde,ES,PEDRO CANARIO,False,101.0,BR-101,17.5,-18.30828844,-39.95766163,Ausência de reação do condutor,Colisão traseira,Com Vítimas Feridas,Anoitecer,Decrescente,Céu Claro,Simples,Aclive,Não,0.0,0.0,1.0,1.0,1.0,1.0,3.0,3.0,SPRF-ES,DEL04-ES,UOP02-DEL04-ES,0,moderado
2025-05-22,22:30,2025-05-22 22:30:00,2025.0,5.0,quinta,22.0,noite,ES,LINHARES,False,101.0,BR-101,159.0,-19.47009318,-40.11117491,Acessar a via sem observar a presença dos outros veículos,Colisão transversal,Sem Vítimas,Plena Noite,Crescente,Céu Claro,Simples,Interseção de Vias,Sim,0.0,0.0,0.0,0.0,1.0,1.0,2.0,2.0,SPRF-ES,DEL04-ES,UOP01-DEL04-ES,0,baixo
2025-05-23,12:00,2025-05-23 12:00:00,2025.0,5.0,sexta,12.0,tarde,ES,VIANA,True,101.0,BR-101,299.0,-20.3556635,-40.41816163,Condutor deixou de manter distância do veículo da frente,Colisão lateral sentido oposto,Com Vítimas Feridas,Pleno dia,Crescente,Sol,Múltipla,Interseção de Vias,Sim,0.0,1.0,0.0,1.0,1.0,0.0,2.0,2.0,SPRF-ES,DEL01-ES,UOP01-DEL01-ES,1,grave
2025-05-26,00:05,2025-05-26 00:05:00,2025.0,5.0,segunda,0.0,madrugada,ES,LINHARES,False,101.0,BR-101,161.7,-19.48712572,-40.12382039,Condutor Dormindo,Colisão frontal,Com Vítimas Feridas,Plena Noite,Crescente,Garoa/Chuvisco,Simples,Reta,Não,0.0,0.0,1.0,1.0,1.0,3.0,5.0,3.0,SPRF-ES,DEL04-ES,UOP01-DEL04-ES,0,moderado
2025-05-26,16:40,2025-05-26 16:40:00,2025.0,5.0,segunda,16.0,tarde,ES,SERRA,True,101.0,BR-101,265.7,-20.1882207,-40.2684512,Condutor deixou de manter distância do veículo da frente,Engavetamento,Com Vítimas Feridas,Anoitecer,Crescente,Chuva,Múltipla,Aclive,Sim,0.0,0.0,2.0,2.0,3.0,2.0,5.0,6.0,SPRF-ES,DEL02-ES,UOP01-DEL02-ES,0,moderado
2025-05-26,20:30,2025-05-26 20:30:00,2025.0,5.0,segunda,20.0,noite,ES,ARACRUZ,False,101.0,BR-101,173.8,-19.59125251,-40.19418848,Transitar na contramão,Colisão frontal,Com Vítimas Feridas,Plena Noite,Decrescente,Nublado,Simples,Reta,Sim,0.0,1.0,0.0,1.0,1.0,1.0,3.0,3.0,SPRF-ES,DEL04-ES,UOP01-DEL04-ES,1,grave
2025-05-26,21:00,2025-05-26 21:00:00,2025.0,5.0,segunda,21.0,noite,ES,ARACRUZ,False,101.0,BR-101,173.5,-19.58383203,-40.18936642,Ausência de reação do condutor,Colisão traseira,Com Vítimas Feridas,Plena Noite,Crescente,Chuva,Simples,Reta,Não,0.0,0.0,1.0,1.0,7.0,5.0,9.0,9.0,SPRF-ES,DEL04-ES,UOP01-DEL04-ES,0,moderado
2025-05-27,05:50,2025-05-27 05:50:00,2025.0,5.0,terca,5.0,madrugada,ES,CACHOEIRO DE ITAPEMIRIM,False,101.0,BR-101,396.1,-20.9274621,-41.0795597,Transitar na contramão,Colisão lateral sentido oposto,Com Vítimas Feridas,Amanhecer,Crescente,Nublado,Dupla,Reta,Não,0.0,1.0,0.0,1.0,1.0,1.0,3.0,3.0,SPRF-ES,DEL03-ES,UOP02-DEL03-ES,1,grave
2025-05-27,14:30,2025-05-27 14:30:00,2025.0,5.0,terca,14.0,tarde,ES,SERRA,True,101.0,BR-101,270.0,-20.0488541,-40.3866988,Manobra de mudança de faixa,Colisão lateral mesmo sentido,Com Vítimas Feridas,Pleno dia,Decrescente,Céu Claro,Dupla,Reta,Sim,0.0,0.0,1.0,1.0,0.0,1.0,2.0,2.0,SPRF-ES,DEL02-ES,UOP01-DEL02-ES,0,moderado
2025-05-27,16:30,2025-05-27 16:30:00,2025.0,5.0,terca,16.0,tarde,ES,MIMOSO DO SUL,False,101.0,BR-101,461.0,-21.22106116,-41.30764961,Fumaça,Incêndio,Sem Vítimas,Pleno dia,Crescente,Céu Claro,Simples,Reta,Não,0.0,0.0,0.0,0.0,1.0,1.0,2.0,2.0,SPRF-ES,DEL03-ES,UOP02-DEL03-ES,0,baixo
2025-05-28,12:10,2025-05-28 12:10:00,2025.0,5.0,quarta,12.0,tarde,ES,GUARAPARI,True,101.0,BR-101,340.1,-20.647547,-40.567375,Mal súbito do condutor,Colisão traseira,Com Vítimas Feridas,Pleno dia,Crescente,Céu Claro,Dupla,Reta;Aclive,Não,0.0,1.0,0.0,1.0,1.0,1.0,3.0,3.0,SPRF-ES,DEL03-ES,UOP01-DEL03-ES,1,grave
2025-05-30,08:40,2025-05-30 08:40:00,2025.0,5.0,sexta,8.0,manha,ES,JAGUARE,False,101.0,BR-101,94.0,-18.93118263,-39.97336328,Reação tardia ou ineficiente do condutor,Colisão traseira,Com Vítimas Feridas,Pleno dia,Crescente,Nublado,Simples,Reta,Sim,0.0,0.0,1.0,1.0,2.0,0.0,2.0,3.0,SPRF-ES,DEL04-ES,UOP02-DEL04-ES,0,moderado
2025-05-30,17:00,2025-05-30 17:00:00,2025.0,5.0,sexta,17.0,tarde,ES,VENDA NOVA DO IMIGRANTE,False,262.0,BR-262,105.0,-20.3267103,-41.145418,Acessar a via sem observar a presença dos outros veículos,Colisão lateral mesmo sentido,Com Vítimas Feridas,Plena Noite,Crescente,Garoa/Chuvisco,Simples,Reta,Sim,0.0,0.0,1.0,1.0,3.0,1.0,4.0,5.0,SPRF-ES,DEL01-ES,UOP02-DEL01-ES,0,moderado
2025-05-30,19:20,2025-05-30 19:20:00,2025.0,5.0,sexta,19.0,noite,ES,SERRA,True,101.0,BR-101,278.0,-20.2171155,-40.3302993,Demais falhas mecânicas ou elétricas,Colisão com objeto,Com Vítimas Feridas,Plena Noite,Decrescente,Nublado,Dupla,Reta,Sim,0.0,1.0,0.0,1.0,1.0,1.0,3.0,3.0,SPRF-ES,DEL02-ES,UOP01-DEL02-ES,1,grave
2025-05-31,06:00,2025-05-31 06:00:00,2025.0,5.0,sabado,6.0,manha,ES,IBATIBA,False,101.0,BR-101,150.8,-20.215768,-41.447737,Problema com o freio,Tombamento,Com Vítimas Feridas,Amanhecer,Decrescente,Céu Claro,Simples,Declive,Não,0.0,0.0,1.0,1.0,0.0,1.0,2.0,2.0,SPRF-ES,DEL04-ES,UOP01-DEL04-ES,0,moderado
2025-06-02,16:40,2025-06-02 16:40:00,2025.0,6.0,segunda,16.0,tarde,ES,CARIACICA,True,101.0,BR-101,289.8,-20.28693761,-40.39235187,Ausência de reação do condutor,Colisão traseira,Com Vítimas Feridas,Pleno dia,Crescente,Céu Claro,Dupla,Reta;Aclive,Sim,0.0,0.0,1.0,1.0,1.0,0.0,2.0,2.0,SPRF-ES,DEL01-ES,UOP01-DEL01-ES,0,moderado
2025-06-02,21:30,2025-06-02 21:30:00,2025.0,6.0,segunda,21.0,noite,ES,LINHARES,False,101.0,BR-101,167.5,-19.52374731,-40.14863952,Condutor deixou de manter distância do veículo da frente,Colisão traseira,Com Vítimas Feridas,Plena Noite,Decrescente,Chuva,Simples,Reta;Interseção de Vias,Sim,0.0,0.0,1.0,1.0,1.0,0.0,2.0,2.0,SPRF-ES,DEL04-ES,UOP01-DEL04-ES,0,moderado
2025-06-03,08:00,2025-06-03 08:00:00,2025.0,6.0,terca,8.0,manha,ES,SERRA,True,101.0,BR-101,268.1,-20.210093,-40.269801,Entrada inopinada do pedestre,Atropelamento de Pedestre,Com Vítimas Feridas,Pleno dia,Crescente,Nublado,Múltipla,Reta,Sim,0.0,0.0,2.0,2.0,1.0,0.0,3.0,3.0,SPRF-ES,DEL02-ES,UOP01-DEL02-ES,0,moderado
2025-06-03,11:50,2025-06-03 11:50:00,2025.0,6.0,terca,11.0,manha,ES,CARIACICA,True,101.0,BR-101,285.0,-20.25414499,-40.37475586,Demais falhas mecânicas ou elétricas,Incêndio,Sem Vítimas,Pleno dia,Crescente,Sol,Dupla,Reta;Declive,Não,0.0,0.0,0.0,0.0,1.0,0.0,1.0,1.0,SPRF-ES,DEL01-ES,UOP01-DEL01-ES,0,baixo
2025-06-03,17:10,2025-06-03 17:10:00,2025.0,6.0,terca,17.0,tarde,ES,COLATINA,False,259.0,BR-259,54.0,-19.4994086,-40.631988,Ausência de reação do condutor,Colisão traseira,Com Vítimas Feridas,Anoitecer,Crescente,Céu Claro,Simples,Reta,Não,0.0,0.0,1.0,1.0,1.0,1.0,3.0,3.0,SPRF-ES,DEL02-ES,UOP01-DEL02-ES,0,moderado
2025-06-03,23:00,2025-06-03 23:00:00,2025.0,6.0,terca,23.0,noite,ES,BAIXO GUANDU,False,259.0,BR-259,103.0,-19.517013,-41.020092,Reação tardia ou ineficiente do condutor,Colisão transversal,Com Vítimas Feridas,Plena Noite,Decrescente,Céu Claro,Simples,Reta,Não,0.0,0.0,1.0,1.0,1.0,1.0,3.0,3.0,SPRF-ES,DEL02-ES,UOP01-DEL02-ES,0,moderado
2025-06-04,04:25,2025-06-04 04:25:00,2025.0,6.0,quarta,4.0,madrugada,ES,PEDRO CANARIO,False,101.0,BR-101,12.0,-18.18759687,-39.92194788,Acessar a via sem observar a presença dos outros veículos,Colisão transversal,Com Vítimas Feridas,Amanhecer,Crescente,Nevoeiro/Neblina,Simples,Interseção de Vias,Não,0.0,0.0,2.0,2.0,0.0,1.0,2.0,3.0,SPRF-ES,DEL04-ES,UOP02-DEL04-ES,0,moderado
2025-04-27,16:55,2025-04-27 16:55:00,2025.0,4.0,domingo,16.0,tarde,ES,GUARAPARI,True,101.0,BR-101,361.0,-20.6580058,-40.6172825,Reação tardia ou ineficiente do condutor,Tombamento,Com Vítimas Fatais,Pleno dia,Crescente,Nublado,Simples,Declive;Curva,Não,2.0,3.0,25.0,28.0,2.0,3.0,6.0,34.0,SPRF-ES,DEL03-ES,UOP01-DEL03-ES,1,fatal
2025-06-05,08:40,2025-06-05 08:40:00,2025.0,6.0,quinta,8.0,manha,ES,VILA VELHA,True,101.0,BR-101,315.9,-20.47619455,-40.4710242,Ultrapassagem Indevida,Tombamento,Com Vítimas Feridas,Pleno dia,Crescente,Céu Claro,Dupla,Retorno Regulamentado,Não,0.0,0.0,1.0,1.0,1.0,1.0,3.0,3.0,SPRF-ES,DEL01-ES,UOP01-DEL01-ES,0,moderado
2025-06-05,22:00,2025-06-05 22:00:00,2025.0,6.0,quinta,22.0,noite,ES,SERRA,True,101.0,BR-101,280.3,-20.2180495,-40.3505219,Reação tardia ou ineficiente do condutor,Colisão traseira,Com Vítimas Feridas,Plena Noite,Decrescente,Céu Claro,Dupla,Reta,Não,0.0,0.0,1.0,1.0,1.0,1.0,3.0,3.0,SPRF-ES,DEL02-ES,UOP01-DEL02-ES,0,moderado
2025-05-13,18:44,2025-05-13 18:44:00,2025.0,5.0,terca,18.0,noite,ES,SERRA,True,101.0,BR-101,278.9,-20.04884377,-40.38640213,Manobra de mudança de faixa,Colisão lateral mesmo sentido,Com Vítimas Fatais,Plena Noite,Crescente,Garoa/Chuvisco,Dupla,Reta;Declive,Não,1.0,0.0,0.0,0.0,1.0,1.0,3.0,3.0,SPRF-ES,DEL02-ES,UOP01-DEL02-ES,1,fatal
2025-05-29,15:19,2025-05-29 15:19:00,2025.0,5.0,quinta,15.0,tarde,ES,CARIACICA,True,101.0,BR-101,294.0,-20.325679,-40.396456,Reação tardia ou ineficiente do condutor,Engavetamento,Com Vítimas Feridas,Pleno dia,Crescente,Nublado,Múltipla,Reta,Não,0.0,1.0,0.0,1.0,5.0,2.0,8.0,7.0,SPRF-ES,DEL01-ES,UOP01-DEL01-ES,1,grave
2025-06-06,18:58,2025-06-06 18:58:00,2025.0,6.0,sexta,18.0,noite,ES,CARIACICA,True,101.0,BR-101,287.0,-20.264964,-40.38486,Acessar a via sem observar a presença dos outros veículos,Colisão transversal,Com Vítimas Feridas,Plena Noite,Crescente,Nublado,Dupla,Reta,Sim,0.0,0.0,1.0,1.0,2.0,0.0,2.0,3.0,SPRF-ES,DEL01-ES,UOP01-DEL01-ES,0,moderado
2025-06-07,02:40,2025-06-07 02:40:00,2025.0,6.0,sabado,2.0,madrugada,ES,ATILIO VIVACQUA,False,101.0,BR-101,424.0,-20.9900251,-41.1248792,Condutor Dormindo,Saída de leito carroçável,Com Vítimas Feridas,Plena Noite,Crescente,Céu Claro,Simples,Reta,Não,0.0,0.0,1.0,1.0,0.0,1.0,2.0,2.0,SPRF-ES,DEL03-ES,UOP02-DEL03-ES,0,moderado