data,hora,data_hora,ano,mes,dia_semana,hora_dia,periodo_dia,uf,municipio,regiao_grande_vitoria,rodovia,rodovia_label,km,latitude,longitude,causa,tipo_acidente,classificacao,fase_dia,sentido_via,condicao_metereologica,tipo_pista,tracado_via,uso_solo,mortos,feridos_graves,feridos_leves,feridos,ilesos,ignorados,veiculos,pessoas,regional,delegacia,uop,risco_alto,nivel_risco
2025-06-07,11:40,2025-06-07 11:40:00,2025.0,6.0,sabado,11.0,manha,ES,CARIACICA,True,101.0,BR-101,294.7,-20.330668,-40.399523,Manobra de mudança de faixa,Colisão lateral mesmo sentido,Com Vítimas Feridas,Pleno dia,Crescente,Céu Claro,Dupla,Reta,Sim,0.0,0.0,1.0,1.0,1.0,0.0,2.0,2.0,SPRF-ES,DEL01-ES,UOP01-DEL01-ES,0,moderado
2025-06-07,14:00,2025-06-07 14:00:00,2025.0,6.0,sabado,14.0,tarde,ES,IBIRACU,False,101.0,BR-101,210.0,-19.79871833,-40.36991667,Condutor Dormindo,Colisão com objeto,Com Vítimas Feridas,Pleno dia,Decrescente,Nublado,Simples,Reta,Não,0.0,1.0,0.0,1.0,0.0,1.0,2.0,2.0,SPRF-ES,DEL02-ES,UOP01-DEL02-ES,1,grave
2025-05-15,06:30,2025-05-15 06:30:00,2025.0,5.0,quinta,6.0,manha,ES,ITAPEMIRIM,False,101.0,BR-101,414.5,-20.92705,-41.078952,Transitar na contramão,Colisão frontal,Com Vítimas Fatais,Pleno dia,Crescente,Garoa/Chuvisco,Dupla,Reta,Não,1.0,0.0,0.0,0.0,1.0,1.0,3.0,3.0,SPRF-ES,DEL03-ES,UOP02-DEL03-ES,1,fatal
2025-06-07,13:15,2025-06-07 13:15:00,2025.0,6.0,sabado,13.0,tarde,ES,LINHARES,False,101.0,BR-101,148.9,-19.4005451,-40.06181248,Estacionar ou parar em local proibido,Colisão traseira,Com Vítimas Feridas,Pleno dia,Decrescente,Céu Claro,Dupla,Reta,Sim,0.0,0.0,1.0,1.0,3.0,0.0,3.0,4.0,SPRF-ES,DEL04-ES,UOP01-DEL04-ES,0,moderado
2025-06-07,09:55,2025-06-07 09:55:00,2025.0,6.0,sabado,9.0,manha,ES,LINHARES,False,101.0,BR-101,169.4,-19.54004872,-40.16106158,Ausência de reação do condutor,Colisão traseira,Com Vítimas Feridas,Pleno dia,Decrescente,Céu Claro,Simples,Reta,Não,0.0,0.0,1.0,1.0,2.0,0.0,2.0,3.0,SPRF-ES,DEL04-ES,UOP01-DEL04-ES,0,moderado
2025-06-08,11:00,2025-06-08 11:00:00,2025.0,6.0,domingo,11.0,manha,ES,DOMINGOS MARTINS,False,262.0,BR-262,75.6,-20.41571057,-40.906412,Condutor Dormindo,Colisão lateral sentido oposto,Com Vítimas Feridas,Pleno dia,Crescente,Céu Claro,Simples,Curva,Não,0.0,0.0,2.0,2.0,1.0,1.0,3.0,4.0,SPRF-ES,DEL01-ES,UOP02-DEL01-ES,0,moderado
2025-06-09,17:00,2025-06-09 17:00:00,2025.0,6.0,segunda,17.0,tarde,ES,LINHARES,False,101.0,BR-101,153.6,-19.4260248,-40.08060572,Frear bruscamente,Saída de leito carroçável,Sem Vítimas,Pleno dia,Crescente,Céu Claro,Simples,Reta,Não,0.0,0.0,0.0,0.0,2.0,1.0,3.0,3.0,SPRF-ES,DEL04-ES,UOP01-DEL04-ES,0,baixo
2025-06-10,14:48,2025-06-10 14:48:00,2025.0,6.0,terca,14.0,tarde,ES,DOMINGOS MARTINS,False,262.0,BR-262,34.0,-20.37298673,-40.59223652,Ausência de reação do condutor,Colisão frontal,Com Vítimas Feridas,Pleno dia,Crescente,Chuva,Simples,Curva,Não,0.0,0.0,2.0,2.0,2.0,0.0,3.0,4.0,SPRF-ES,DEL01-ES,UOP01-DEL01-ES,0,moderado
2025-06-11,10:00,2025-06-11 10:00:00,2025.0,6.0,quarta,10.0,manha,ES,LINHARES,False,101.0,BR-101,147.9,-19.38730807,-40.06719486,Acessar a via sem observar a presença dos outros veículos,Colisão transversal,Com Vítimas Feridas,Pleno dia,Decrescente,Céu Claro,Dupla,Interseção de Vias,Não,0.0,0.0,1.0,1.0,1.0,0.0,2.0,2.0,SPRF-ES,DEL04-ES,UOP01-DEL04-ES,0,moderado
2025-04-15,00:01,2025-04-15 00:01:00,2025.0,4.0,terca,0.0,madrugada,ES,ARACRUZ,False,101.0,BR-101,199.0,-19.70215553,-40.32475638,Reação tardia ou ineficiente do condutor,Engavetamento,Com Vítimas Feridas,Plena Noite,Crescente,Nublado,Simples,Reta,Não,0.0,1.0,0.0,1.0,2.0,2.0,5.0,4.0,SPRF-ES,DEL04-ES,UOP01-DEL04-ES,1,grave
2025-06-13,09:40,2025-06-13 09:40:00,2025.0,6.0,sexta,9.0,manha,ES,SAO MATEUS,False,101.0,BR-101,61.0,-18.6818032,-39.8636157,Ausência de reação do condutor,Colisão traseira,Com Vítimas Feridas,Pleno dia,Decrescente,Céu Claro,Simples,Reta,Não,0.0,0.0,2.0,2.0,1.0,2.0,4.0,5.0,SPRF-ES,DEL04-ES,UOP02-DEL04-ES,0,moderado
2025-06-13,09:50,2025-06-13 09:50:00,2025.0,6.0,sexta,9.0,manha,ES,ATILIO VIVACQUA,False,101.0,BR-101,428.0,-21.01852,-41.152062,Demais falhas mecânicas ou elétricas,Incêndio,Sem Vítimas,Pleno dia,Decrescente,Nublado,Simples,Reta,Não,0.0,0.0,0.0,0.0,1.0,1.0,2.0,2.0,SPRF-ES,DEL03-ES,UOP02-DEL03-ES,0,baixo
2025-06-13,22:10,2025-06-13 22:10:00,2025.0,6.0,sexta,22.0,noite,ES,VIANA,True,262.0,BR-262,27.9,-20.38508788,-40.55464458,Ultrapassagem Indevida,Colisão frontal,Com Vítimas Feridas,Plena Noite,Crescente,Céu Claro,Simples,Curva,Não,0.0,1.0,5.0,6.0,2.0,0.0,3.0,8.0,SPRF-ES,DEL01-ES,UOP01-DEL01-ES,1,grave
2025-06-14,11:00,2025-06-14 11:00:00,2025.0,6.0,sabado,11.0,manha,ES,BREJETUBA,False,262.0,BR-262,133.9,-20.239755,-41.324804,Velocidade Incompatível,Tombamento,Com Vítimas Feridas,Pleno dia,Crescente,Nublado,Simples,Curva,Não,0.0,0.0,1.0,1.0,0.0,1.0,2.0,2.0,SPRF-ES,DEL01-ES,UOP02-DEL01-ES,0,moderado
2025-06-15,15:15,2025-06-15 15:15:00,2025.0,6.0,domingo,15.0,tarde,ES,ARACRUZ,False,101.0,BR-101,168.3,-19.6315622,-40.22641595,Reação tardia ou ineficiente do condutor,Colisão lateral sentido oposto,Com Vítimas Feridas,Pleno dia,Decrescente,Nublado,Simples,Reta,Não,0.0,0.0,1.0,1.0,1.0,1.0,3.0,3.0,SPRF-ES,DEL04-ES,UOP01-DEL04-ES,0,moderado
2025-06-16,08:20,2025-06-16 08:20:00,2025.0,6.0,segunda,8.0,manha,ES,CARIACICA,True,101.0,BR-101,292.0,-20.311765,-40.394838,Conversão proibida,Colisão transversal,Sem Vítimas,Pleno dia,Crescente,Céu Claro,Simples,Reta,Sim,0.0,0.0,0.0,0.0,2.0,0.0,2.0,2.0,SPRF-ES,DEL01-ES,UOP01-DEL01-ES,0,baixo
2025-06-16,14:40,2025-06-16 14:40:00,2025.0,6.0,segunda,14.0,tarde,ES,LINHARES,False,101.0,BR-101,145.8,-19.36956033,-40.0656265,Condutor desrespeitou a iluminação vermelha do semáforo,Colisão transversal,Com Vítimas Feridas,Pleno dia,Crescente,Céu Claro,Simples,Interseção de Vias,Sim,0.0,0.0,1.0,1.0,1.0,0.0,2.0,2.0,SPRF-ES,DEL04-ES,UOP01-DEL04-ES,0,moderado
2025-06-17,05:10,2025-06-17 05:10:00,2025.0,6.0,terca,5.0,madrugada,ES,SAO MATEUS,False,101.0,BR-101,71.9,-18.75957957,-39.8632249,Condutor deixou de manter distância do veículo da frente,Colisão traseira,Com Vítimas Feridas,Amanhecer,Crescente,Nublado,Simples,Reta,Não,0.0,0.0,3.0,3.0,0.0,1.0,2.0,4.0,SPRF-ES,DEL04-ES,UOP02-DEL04-ES,0,moderado
2025-06-17,08:30,2025-06-17 08:30:00,2025.0,6.0,terca,8.0,manha,ES,CARIACICA,True,101.0,BR-101,289.1,-20.2802085,-40.3924459,Acessar a via sem observar a presença dos outros veículos,Colisão transversal,Com Vítimas Feridas,Pleno dia,Decrescente,Nublado,Dupla,Retorno Regulamentado;Reta,Não,0.0,1.0,0.0,1.0,1.0,0.0,2.0,2.0,SPRF-ES,DEL01-ES,UOP01-DEL01-ES,1,grave
2025-06-17,10:00,2025-06-17 10:00:00,2025.0,6.0,terca,10.0,manha,ES,VENDA NOVA DO IMIGRANTE,False,262.0,BR-262,111.4,-20.33781648,-41.19782925,Velocidade Incompatível,Engavetamento,Com Vítimas Feridas,Pleno dia,Decrescente,Chuva,Simples,Declive;Reta,Sim,0.0,0.0,1.0,1.0,4.0,0.0,4.0,5.0,SPRF-ES,DEL01-ES,UOP02-DEL01-ES,0,moderado
2025-05-16,07:30,2025-05-16 07:30:00,2025.0,5.0,sexta,7.0,manha,ES,MARECHAL FLORIANO,False,262.0,BR-262,55.4,-20.41187503,-40.75031726,Mal súbito do condutor,Colisão frontal,Com Vítimas Fatais,Pleno dia,Crescente,Nublado,Simples,Declive;Curva,Não,1.0,2.0,0.0,2.0,3.0,0.0,3.0,6.0,SPRF-ES,DEL01-ES,UOP01-DEL01-ES,1,fatal
2025-06-17,14:20,2025-06-17 14:20:00,2025.0,6.0,terca,14.0,tarde,ES,JOAO NEIVA,False,101.0,BR-101,202.9,-19.7448,-40.3698,Carga excessiva e/ou mal acondicionada,Colisão lateral mesmo sentido,Com Vítimas Feridas,Pleno dia,Crescente,Céu Claro,Simples,Reta,Não,0.0,0.0,1.0,1.0,1.0,1.0,3.0,3.0,SPRF-ES,DEL04-ES,UOP01-DEL04-ES,0,moderado
2025-06-17,19:55,2025-06-17 19:55:00,2025.0,6.0,terca,19.0,noite,ES,CONCEICAO DA BARRA,False,101.0,BR-101,49.7,-18.58279993,-39.89322679,Condutor deixou de manter distância do veículo da frente,Colisão lateral mesmo sentido,Com Vítimas Feridas,Pleno dia,Crescente,Garoa/Chuvisco,Simples,Rotatória,Sim,0.0,0.0,1.0,1.0,1.0,2.0,4.0,3.0,SPRF-ES,DEL04-ES,UOP02-DEL04-ES,0,moderado
2025-06-18,07:35,2025-06-18 07:35:00,2025.0,6.0,quarta,7.0,manha,ES,ITAPEMIRIM,False,101.0,BR-101,413.0,-20.92037791,-41.07704312,Ausência de reação do condutor,Colisão lateral sentido oposto,Com Vítimas Feridas,Pleno dia,Crescente,Céu Claro,Simples,Curva,Não,0.0,0.0,1.0,1.0,1.0,1.0,3.0,3.0,SPRF-ES,DEL03-ES,UOP02-DEL03-ES,0,moderado
2025-06-18,15:50,2025-06-18 15:50:00,2025.0,6.0,quarta,15.0,tarde,ES,CARIACICA,True,101.0,BR-101,295.0,-20.33092746,-40.39940953,Trafegar com motocicleta (ou similar) entre as faixas,Colisão traseira,Com Vítimas Feridas,Pleno dia,Decrescente,Nublado,Dupla,Reta,Não,0.0,1.0,0.0,1.0,2.0,0.0,3.0,3.0,SPRF-ES,DEL01-ES,UOP01-DEL01-ES,1,grave
2025-06-18,19:10,2025-06-18 19:10:00,2025.0,6.0,quarta,19.0,noite,ES,PINHEIROS,False,101.0,BR-101,33.0,-18.36126093,-39.95319843,Condutor Dormindo,Colisão lateral mesmo sentido,Com Vítimas Feridas,Plena Noite,Crescente,Céu Claro,Simples,Reta,Não,0.0,0.0,2.0,2.0,1.0,0.0,2.0,3.0,SPRF-ES,DEL04-ES,UOP02-DEL04-ES,0,moderado
2025-06-19,06:40,2025-06-19 06:40:00,2025.0,6.0,quinta,6.0,manha,ES,MIMOSO DO SUL,False,101.0,BR-101,444.0,-21.1953988,-41.25640244,Ausência de reação do condutor,Colisão transversal,Com Vítimas Feridas,Amanhecer,Crescente,Céu Claro,Simples,Reta,Não,0.0,0.0,3.0,3.0,0.0,0.0,2.0,3.0,SPRF-ES,DEL03-ES,UOP02-DEL03-ES,0,moderado
2025-06-19,08:10,2025-06-19 08:10:00,2025.0,6.0,quinta,8.0,manha,ES,VIANA,True,101.0,BR-101,304.0,-20.382593,-40.45945,Objeto estático sobre o leito carroçável,Colisão com objeto,Com Vítimas Feridas,Pleno dia,Crescente,Nublado,Dupla,Reta,Sim,0.0,0.0,2.0,2.0,1.0,1.0,3.0,4.0,SPRF-ES,DEL01-ES,UOP01-DEL01-ES,0,moderado
2025-05-21,16:01,2025-05-21 16:01:00,2025.0,5.0,quarta,16.0,tarde,ES,ANCHIETA,False,101.0,BR-101,362.5,-20.717532,-40.732352,Condutor deixou de manter distância do veículo da frente,Colisão traseira,Com Vítimas Feridas,Pleno dia,Decrescente,Céu Claro,Simples,Reta,Não,0.0,1.0,0.0,1.0,3.0,0.0,3.0,4.0,SPRF-ES,DEL03-ES,UOP01-DEL03-ES,1,grave
2025-06-22,18:00,2025-06-22 18:00:00,2025.0,6.0,domingo,18.0,noite,ES,CARIACICA,True,101.0,BR-101,285.0,-20.263947,-40.3782337,Desrespeitar a preferência no cruzamento,Colisão transversal,Com Vítimas Feridas,Plena Noite,Crescente,Céu Claro,Dupla,Aclive;Reta;Retorno Regulamentado,Sim,0.0,0.0,1.0,1.0,1.0,0.0,2.0,2.0,SPRF-ES,DEL01-ES,UOP01-DEL01-ES,0,moderado
2025-06-23,18:00,2025-06-23 18:00:00,2025.0,6.0,segunda,18.0,noite,ES,GUARAPARI,True,101.0,BR-101,329.8,-20.591389,-40.499247,Conversão proibida,Colisão transversal,Com Vítimas Feridas,Plena Noite,Decrescente,Céu Claro,Dupla,Reta;Retorno Regulamentado,Não,0.0,0.0,1.0,1.0,4.0,0.0,2.0,5.0,SPRF-ES,DEL03-ES,UOP01-DEL03-ES,0,moderado
2025-06-24,08:10,2025-06-24 08:10:00,2025.0,6.0,terca,8.0,manha,ES,VILA VELHA,True,101.0,BR-101,312.0,-20.437771,-40.4595223,Reação tardia ou ineficiente do condutor,Colisão lateral mesmo sentido,Com Vítimas Feridas,Pleno dia,Decrescente,Céu Claro,Dupla,Reta,Não,0.0,0.0,1.0,1.0,1.0,0.0,2.0,2.0,SPRF-ES,DEL01-ES,UOP01-DEL01-ES,0,moderado
2025-06-24,14:55,2025-06-24 14:55:00,2025.0,6.0,terca,14.0,tarde,ES,DOMINGOS MARTINS,False,262.0,BR-262,32.6,-20.37759519,-40.58069587,Transitar na contramão,Colisão lateral sentido oposto,Com Vítimas Feridas,Pleno dia,Decrescente,Sol,Simples,Curva,Não,0.0,0.0,1.0,1.0,1.0,0.0,2.0,2.0,SPRF-ES,DEL01-ES,UOP01-DEL01-ES,0,moderado
2025-06-24,15:40,2025-06-24 15:40:00,2025.0,6.0,terca,15.0,tarde,ES,FUNDAO,True,101.0,BR-101,230.0,-19.98322683,-40.41366609,Condutor Dormindo,Colisão frontal,Com Vítimas Feridas,Pleno dia,Crescente,Céu Claro,Simples,Curva,Não,0.0,0.0,1.0,1.0,2.0,2.0,5.0,4.0,SPRF-ES,DEL02-ES,UOP01-DEL02-ES,0,moderado
2025-06-25,18:40,2025-06-25 18:40:00,2025.0,6.0,quarta,18.0,noite,ES,MARECHAL FLORIANO,False,262.0,BR-262,47.8,-20.41172881,-40.69087696,Transitar na contramão,Colisão lateral sentido oposto,Com Vítimas Fatais,Plena Noite,Crescente,Céu Claro,Simples,Reta,Sim,1.0,0.0,0.0,0.0,1.0,0.0,2.0,2.0,SPRF-ES,DEL01-ES,UOP01-DEL01-ES,1,fatal
2025-06-26,04:20,2025-06-26 04:20:00,2025.0,6.0,quinta,4.0,madrugada,ES,SERRA,True,101.0,BR-101,8.6,-20.129867,-40.338686,Reação tardia ou ineficiente do condutor,Colisão com objeto,Sem Vítimas,Plena Noite,Crescente,Céu Claro,Dupla,Curva,Não,0.0,0.0,0.0,0.0,1.0,0.0,1.0,1.0,SPRF-ES,DEL02-ES,UOP01-DEL02-ES,0,baixo
2025-06-26,08:00,2025-06-26 08:00:00,2025.0,6.0,quinta,8.0,manha,ES,VILA VELHA,True,101.0,BR-101,314.1,-20.464522,-40.465338,Demais falhas mecânicas ou elétricas,Tombamento,Com Vítimas Feridas,Pleno dia,Decrescente,Céu Claro,Dupla,Reta,Não,0.0,0.0,1.0,1.0,0.0,1.0,2.0,2.0,SPRF-ES,DEL01-ES,UOP01-DEL01-ES,0,moderado
2025-06-27,05:38,2025-06-27 05:38:00,2025.0,6.0,sexta,5.0,madrugada,ES,LINHARES,False,101.0,BR-101,131.0,-19.239573,-40.091783,Falta de acostamento,Colisão traseira,Com Vítimas Fatais,Plena Noite,Crescente,Nevoeiro/Neblina,Dupla,Aclive,Não,1.0,0.0,0.0,0.0,1.0,1.0,3.0,3.0,SPRF-ES,DEL04-ES,UOP01-DEL04-ES,1,fatal
2025-06-27,14:12,2025-06-27 14:12:00,2025.0,6.0,sexta,14.0,tarde,ES,DOMINGOS MARTINS,False,262.0,BR-262,34.0,-20.37286062,-40.59232573,Ausência de reação do condutor,Colisão frontal,Com Vítimas Feridas,Pleno dia,Decrescente,Céu Claro,Simples,Declive;Curva,Não,0.0,2.0,1.0,3.0,2.0,1.0,4.0,6.0,SPRF-ES,DEL01-ES,UOP01-DEL01-ES,1,grave
2025-06-28,07:30,2025-06-28 07:30:00,2025.0,6.0,sabado,7.0,manha,ES,JAGUARE,False,101.0,BR-101,100.0,-18.98246939,-39.99647554,Ultrapassagem Indevida,Colisão frontal,Com Vítimas Feridas,Pleno dia,Decrescente,Sol,Simples,Reta,Não,0.0,1.0,0.0,1.0,1.0,1.0,3.0,3.0,SPRF-ES,DEL04-ES,UOP02-DEL04-ES,1,grave
2025-06-30,06:50,2025-06-30 06:50:00,2025.0,6.0,segunda,6.0,manha,ES,COLATINA,False,259.0,BR-259,40.5,-19.55600253,-40.55195242,Condutor Dormindo,Colisão lateral sentido oposto,Com Vítimas Feridas,Pleno dia,Crescente,Sol,Simples,Curva,Não,0.0,1.0,0.0,1.0,3.0,0.0,3.0,4.0,SPRF-ES,DEL02-ES,UOP01-DEL02-ES,1,grave
2025-07-01,07:50,2025-07-01 07:50:00,2025.0,7.0,terca,7.0,manha,ES,SERRA,True,101.0,BR-101,276.4,-20.20911167,-40.31606667,Acessar a via sem observar a presença dos outros veículos,Colisão transversal,Com Vítimas Feridas,Pleno dia,Crescente,Sol,Dupla,Reta,Não,0.0,1.0,0.0,1.0,1.0,1.0,3.0,3.0,SPRF-ES,DEL02-ES,UOP01-DEL02-ES,1,grave
2025-07-01,09:40,2025-07-01 09:40:00,2025.0,7.0,terca,9.0,manha,ES,MARECHAL FLORIANO,False,262.0,BR-262,69.0,-20.416166,-40.862988,Ausência de reação do condutor,Saída de leito carroçável,Com Vítimas Feridas,Pleno dia,Decrescente,Sol,Simples,Declive;Curva,Não,0.0,0.0,1.0,1.0,0.0,1.0,2.0,2.0,SPRF-ES,DEL01-ES,UOP02-DEL01-ES,0,moderado
2025-07-01,22:10,2025-07-01 22:10:00,2025.0,7.0,terca,22.0,noite,ES,ITAPEMIRIM,False,101.0,BR-101,407.9,-20.8898128,-41.03797114,Velocidade Incompatível,Tombamento,Com Vítimas Feridas,Plena Noite,Crescente,Nublado,Simples,Curva,Não,0.0,0.0,1.0,1.0,1.0,1.0,2.0,3.0,SPRF-ES,DEL03-ES,UOP02-DEL03-ES,0,moderado
2025-07-02,08:40,2025-07-02 08:40:00,2025.0,7.0,quarta,8.0,manha,ES,SERRA,True,101.0,BR-101,277.8,-20.21002025,-40.31698466,Ausência de reação do condutor,Colisão lateral mesmo sentido,Com Vítimas Feridas,Pleno dia,Crescente,Sol,Dupla,Reta,Não,0.0,2.0,0.0,2.0,3.0,1.0,5.0,6.0,SPRF-ES,DEL02-ES,UOP01-DEL02-ES,1,grave
2025-07-02,15:00,2025-07-02 15:00:00,2025.0,7.0,quarta,15.0,tarde,ES,LINHARES,False,101.0,BR-101,133.2,-19.25978667,-40.08962667,Ultrapassagem Indevida,Colisão frontal,Com Vítimas Fatais,Pleno dia,Crescente,Céu Claro,Simples,Reta,Não,1.0,2.0,0.0,2.0,1.0,1.0,3.0,5.0,SPRF-ES,DEL04-ES,UOP01-DEL04-ES,1,fatal
2025-07-03,07:02,2025-07-03 07:02:00,2025.0,7.0,quinta,7.0,manha,ES,SERRA,True,101.0,BR-101,264.0,-20.17465913,-40.26669413,Manobra de mudança de faixa,Tombamento,Com Vítimas Fatais,Pleno dia,Crescente,Chuva,Múltipla,Reta,Sim,1.0,0.0,1.0,1.0,0.0,1.0,2.0,3.0,SPRF-ES,DEL02-ES,UOP01-DEL02-ES,1,fatal
2025-07-03,14:59,2025-07-03 14:59:00,2025.0,7.0,quinta,14.0,tarde,ES,MIMOSO DO SUL,False,101.0,BR-101,434.9,-21.05580434,-41.19702919,Ultrapassagem Indevida,Colisão lateral mesmo sentido,Com Vítimas Feridas,Pleno dia,Decrescente,Chuva,Simples,Reta,Não,0.0,1.0,0.0,1.0,1.0,0.0,2.0,2.0,SPRF-ES,DEL03-ES,UOP02-DEL03-ES,1,grave
2025-07-03,16:47,2025-07-03 16:47:00,2025.0,7.0,quinta,16.0,tarde,ES,ANCHIETA,False,101.0,BR-101,369.6,-20.762657,-40.760368,Ultrapassagem Indevida,Colisão frontal,Com Vítimas Feridas,Anoitecer,Decrescente,Chuva,Simples,Curva,Não,0.0,1.0,0.0,1.0,1.0,1.0,3.0,3.0,SPRF-ES,DEL03-ES,UOP01-DEL03-ES,1,grave
2025-07-05,13:07,2025-07-05 13:07:00,2025.0,7.0,sabado,13.0,tarde,ES,SERRA,True,101.0,BR-101,242.7,-20.03757,-40.39311,Condutor usando celular,Colisão frontal,Com Vítimas Fatais,Pleno dia,Crescente,Céu Claro,Simples,Curva,Não,1.0,1.0,0.0,1.0,0.0,3.0,5.0,3.0,SPRF-ES,DEL02-ES,UOP01-DEL02-ES,1,fatal
2025-07-05,20:10,2025-07-05 20:10:00,2025.0,7.0,sabado,20.0,noite,ES,VILA VELHA,True,101.0,BR-101,314.2,-20.46500915,-40.46546683,Velocidade Incompatível,Colisão com objeto,Com Vítimas Feridas,Plena Noite,Decrescente,Céu Claro,Dupla,Curva,Não,0.0,0.0,1.0,1.0,0.0,1.0,2.0,2.0,SPRF-ES,DEL01-ES,UOP01-DEL01-ES,0,moderado
2025-07-07,07:50,2025-07-07 07:50:00,2025.0,7.0,segunda,7.0,manha,ES,SERRA,True,101.0,BR-101,267.9,-20.2021626,-40.26913762,Acessar a via sem observar a presença dos outros veículos,Colisão transversal,Com Vítimas Feridas,Pleno dia,Crescente,Céu Claro,Múltipla,Interseção de Vias,Sim,0.0,0.0,2.0,2.0,1.0,0.0,2.0,3.0,SPRF-ES,DEL02-ES,UOP01-DEL02-ES,0,moderado
2025-07-07,21:30,2025-07-07 21:30:00,2025.0,7.0,segunda,21.0,noite,ES,SERRA,True,101.0,BR-101,12.5,-20.154161,-40.3477242,Animais na Pista,Atropelamento de Animal,Sem Vítimas,Plena Noite,Crescente,Nublado,Dupla,Reta,Não,0.0,0.0,0.0,0.0,1.0,0.0,1.0,1.0,SPRF-ES,DEL02-ES,UOP01-DEL02-ES,0,baixo
2025-07-08,10:00,2025-07-08 10:00:00,2025.0,7.0,terca,10.0,manha,ES,DOMINGOS MARTINS,False,262.0,BR-262,77.8,-20.40832649,-40.91604228,Velocidade Incompatível,Tombamento,Com Vítimas Feridas,Pleno dia,Decrescente,Nublado,Dupla,Curva,Não,0.0,1.0,0.0,1.0,0.0,1.0,2.0,2.0,SPRF-ES,DEL01-ES,UOP02-DEL01-ES,1,grave
2025-07-08,12:40,2025-07-08 12:40:00,2025.0,7.0,terca,12.0,tarde,ES,COLATINA,False,259.0,BR-259,64.0,-19.53508686,-40.62809945,Reação tardia ou ineficiente do condutor,Colisão frontal,Com Vítimas Feridas,Pleno dia,Crescente,Nublado,Simples,Reta,Não,0.0,1.0,0.0,1.0,1.0,0.0,2.0,2.0,SPRF-ES,DEL02-ES,UOP01-DEL02-ES,1,grave
2025-07-09,06:40,2025-07-09 06:40:00,2025.0,7.0,quarta,6.0,manha,ES,VIANA,True,101.0,BR-101,298.2,-20.354467,-40.416822,Acessar a via sem observar a presença dos outros veículos,Colisão lateral mesmo sentido,Com Vítimas Feridas,Pleno dia,Crescente,Nublado,Dupla,Reta,Sim,0.0,0.0,1.0,1.0,1.0,0.0,2.0,2.0,SPRF-ES,DEL01-ES,UOP01-DEL01-ES,0,moderado
2025-07-09,12:30,2025-07-09 12:30:00,2025.0,7.0,quarta,12.0,tarde,ES,RIO NOVO DO SUL,False,101.0,BR-101,389.0,-20.8610104,-40.87625083,Avarias e/ou desgaste excessivo no pneu,Saída de leito carroçável,Com Vítimas Feridas,Pleno dia,Crescente,Nublado,Simples,Curva,Não,0.0,0.0,1.0,1.0,0.0,1.0,2.0,2.0,SPRF-ES,DEL03-ES,UOP02-DEL03-ES,0,moderado
2025-07-10,20:20,2025-07-10 20:20:00,2025.0,7.0,quinta,20.0,noite,ES,ARACRUZ,False,101.0,BR-101,176.4,-19.59720186,-40.200224,Acessar a via sem observar a presença dos outros veículos,Colisão transversal,Com Vítimas Feridas,Plena Noite,Decrescente,Chuva,Simples,Interseção de Vias;Rotatória;Retorno Regulamentado,Sim,0.0,0.0,1.0,1.0,1.0,1.0,3.0,3.0,SPRF-ES,DEL04-ES,UOP01-DEL04-ES,0,moderado
2025-07-11,02:30,2025-07-11 02:30:00,2025.0,7.0,sexta,2.0,madrugada,ES,ANCHIETA,False,101.0,BR-101,368.0,-20.756072,-40.75604,Velocidade Incompatível,Colisão frontal,Com Vítimas Feridas,Plena Noite,Crescente,Chuva,Simples,Curva,Não,0.0,2.0,0.0,2.0,0.0,2.0,4.0,3.0,SPRF-ES,DEL03-ES,UOP01-DEL03-ES,1,grave
2025-07-11,07:15,2025-07-11 07:15:00,2025.0,7.0,sexta,7.0,manha,ES,GUARAPARI,True,101.0,BR-101,332.0,-20.606718,-40.507827,Condutor deixou de manter distância do veículo da frente,Colisão traseira,Com Vítimas Feridas,Amanhecer,Decrescente,Chuva,Dupla,Reta,Não,0.0,1.0,0.0,1.0,1.0,0.0,2.0,2.0,SPRF-ES,DEL03-ES,UOP01-DEL03-ES,1,grave
2025-06-12,10:30,2025-06-12 10:30:00,2025.0,6.0,quinta,10.0,manha,ES,SERRA,True,101.0,BR-101,269.0,-20.2216338,-40.2703312,Ausência de reação do condutor,Colisão lateral mesmo sentido,Com Vítimas Feridas,Pleno dia,Crescente,Céu Claro,Dupla,Reta,Sim,0.0,1.0,0.0,1.0,1.0,2.0,4.0,4.0,SPRF-ES,DEL02-ES,UOP01-DEL02-ES,1,grave
2025-07-14,09:30,2025-07-14 09:30:00,2025.0,7.0,segunda,9.0,manha,ES,FUNDAO,True,101.0,BR-101,231.0,-19.94374081,-40.40621281,Reação tardia ou ineficiente do condutor,Colisão traseira,Com Vítimas Feridas,Pleno dia,Decrescente,Céu Claro,Dupla,Curva,Sim,0.0,1.0,0.0,1.0,8.0,1.0,6.0,10.0,SPRF-ES,DEL02-ES,UOP01-DEL02-ES,1,grave