data,hora,data_hora,ano,mes,dia_semana,hora_dia,periodo_dia,uf,municipio,regiao_grande_vitoria,rodovia,rodovia_label,km,latitude,longitude,causa,tipo_acidente,classificacao,fase_dia,sentido_via,condicao_metereologica,tipo_pista,tracado_via,uso_solo,mortos,feridos_graves,feridos_leves,feridos,ilesos,ignorados,veiculos,pessoas,regional,delegacia,uop,risco_alto,nivel_risco
2025-07-15,10:00,2025-07-15 10:00:00,2025.0,7.0,terca,10.0,manha,ES,PEDRO CANARIO,False,101.0,BR-101,17.5,-18.3066359,-39.9573907,Velocidade Incompatível,Colisão frontal,Com Vítimas Fatais,Pleno dia,Decrescente,Céu Claro,Simples,Curva,Não,1.0,0.0,8.0,8.0,0.0,16.0,21.0,11.0,SPRF-ES,DEL04-ES,UOP02-DEL04-ES,1,fatal
2025-07-15,14:25,2025-07-15 14:25:00,2025.0,7.0,terca,14.0,tarde,ES,COLATINA,False,259.0,BR-259,62.4,-19.52439724,-40.70305109,Pedestre andava na pista,Atropelamento de Pedestre,Com Vítimas Feridas,Pleno dia,Crescente,Céu Claro,Simples,Reta,Não,0.0,1.0,0.0,1.0,1.0,0.0,2.0,2.0,SPRF-ES,DEL02-ES,UOP01-DEL02-ES,1,grave
2025-07-16,04:00,2025-07-16 04:00:00,2025.0,7.0,quarta,4.0,madrugada,ES,SERRA,True,101.0,BR-101,273.0,-20.21588308,-40.2808214,Ausência de reação do condutor,Colisão traseira,Com Vítimas Feridas,Plena Noite,Crescente,Céu Claro,Dupla,Reta,Sim,0.0,1.0,0.0,1.0,1.0,1.0,3.0,3.0,SPRF-ES,DEL02-ES,UOP01-DEL02-ES,1,grave
2025-07-16,07:45,2025-07-16 07:45:00,2025.0,7.0,quarta,7.0,manha,ES,LINHARES,False,101.0,BR-101,145.6,-19.3664892,-40.0649349,Manobra de mudança de faixa,Colisão lateral mesmo sentido,Com Vítimas Feridas,Pleno dia,Decrescente,Céu Claro,Múltipla,Reta;Declive,Sim,0.0,0.0,1.0,1.0,1.0,0.0,2.0,2.0,SPRF-ES,DEL04-ES,UOP01-DEL04-ES,0,moderado
2025-07-17,03:00,2025-07-17 03:00:00,2025.0,7.0,quinta,3.0,madrugada,ES,COLATINA,False,259.0,BR-259,51.2,-19.50214548,-40.61637908,Condutor Dormindo,Tombamento,Com Vítimas Feridas,Plena Noite,Crescente,Nublado,Simples,Declive;Curva,Não,0.0,1.0,0.0,1.0,0.0,2.0,3.0,3.0,SPRF-ES,DEL02-ES,UOP01-DEL02-ES,1,grave
2025-07-17,08:09,2025-07-17 08:09:00,2025.0,7.0,quinta,8.0,manha,ES,IUNA,False,262.0,BR-262,194.2,-20.28325149,-41.76383972,Reação tardia ou ineficiente do condutor,Tombamento,Com Vítimas Feridas,Pleno dia,Crescente,Céu Claro,Simples,Declive;Curva,Não,0.0,2.0,0.0,2.0,0.0,0.0,1.0,2.0,SPRF-ES,DEL01-ES,UOP02-DEL01-ES,1,grave
2025-07-17,21:00,2025-07-17 21:00:00,2025.0,7.0,quinta,21.0,noite,ES,SAO MATEUS,False,101.0,BR-101,69.0,-18.734815,-39.860305,Suicídio (presumido),Colisão frontal,Com Vítimas Fatais,Plena Noite,Crescente,Céu Claro,Simples,Aclive;Reta,Não,1.0,0.0,0.0,0.0,1.0,0.0,2.0,2.0,SPRF-ES,DEL04-ES,UOP02-DEL04-ES,1,fatal
2025-07-17,21:30,2025-07-17 21:30:00,2025.0,7.0,quinta,21.0,noite,ES,ITAPEMIRIM,False,101.0,BR-101,406.7,-20.8910509,-41.03899956,Reação tardia ou ineficiente do condutor,Saída de leito carroçável,Com Vítimas Feridas,Plena Noite,Crescente,Céu Claro,Simples,Reta,Não,0.0,1.0,0.0,1.0,0.0,1.0,2.0,2.0,SPRF-ES,DEL03-ES,UOP02-DEL03-ES,1,grave
2025-07-18,05:00,2025-07-18 05:00:00,2025.0,7.0,sexta,5.0,madrugada,ES,RIO NOVO DO SUL,False,101.0,BR-101,383.7,-20.82923314,-40.85781097,Condutor Dormindo,Colisão frontal,Com Vítimas Fatais,Plena Noite,Crescente,Céu Claro,Simples,Curva,Não,1.0,0.0,7.0,7.0,0.0,2.0,6.0,9.0,SPRF-ES,DEL03-ES,UOP01-DEL03-ES,1,fatal
2025-07-18,07:30,2025-07-18 07:30:00,2025.0,7.0,sexta,7.0,manha,ES,IBATIBA,False,262.0,BR-262,151.0,-20.21494735,-41.44941866,Problema com o freio,Tombamento,Com Vítimas Feridas,Pleno dia,Crescente,Céu Claro,Simples,Declive;Curva,Não,0.0,0.0,1.0,1.0,0.0,0.0,1.0,1.0,SPRF-ES,DEL01-ES,UOP02-DEL01-ES,0,moderado
2025-07-18,08:40,2025-07-18 08:40:00,2025.0,7.0,sexta,8.0,manha,ES,DOMINGOS MARTINS,False,262.0,BR-262,76.4,-20.410259,-40.917099,Reação tardia ou ineficiente do condutor,Saída de leito carroçável,Com Vítimas Fatais,Pleno dia,Crescente,Céu Claro,Simples,Curva,Não,1.0,1.0,0.0,1.0,0.0,1.0,2.0,3.0,SPRF-ES,DEL01-ES,UOP02-DEL01-ES,1,fatal
2025-07-19,19:00,2025-07-19 19:00:00,2025.0,7.0,sabado,19.0,noite,ES,MARECHAL FLORIANO,False,262.0,BR-262,53.0,-20.413946,-40.733933,Ingestão de álcool pelo condutor,Colisão frontal,Com Vítimas Feridas,Plena Noite,Crescente,Garoa/Chuvisco,Simples,Curva,Não,0.0,1.0,0.0,1.0,1.0,1.0,3.0,3.0,SPRF-ES,DEL01-ES,UOP01-DEL01-ES,1,grave
2025-07-20,09:00,2025-07-20 09:00:00,2025.0,7.0,domingo,9.0,manha,ES,GUARAPARI,True,101.0,BR-101,0.0,-20.6585386,-40.6135151,Condutor Dormindo,Tombamento,Sem Vítimas,Pleno dia,Crescente,Sol,Dupla,Curva;Aclive,Não,0.0,0.0,0.0,0.0,1.0,2.0,2.0,3.0,SPRF-ES,DEL03-ES,UOP02-DEL03-ES,0,baixo
2025-07-21,07:10,2025-07-21 07:10:00,2025.0,7.0,segunda,7.0,manha,ES,JOAO NEIVA,False,101.0,BR-101,202.1,-19.74270827,-40.36509647,Velocidade Incompatível,Saída de leito carroçável,Com Vítimas Feridas,Pleno dia,Decrescente,Céu Claro,Simples,Curva,Não,0.0,1.0,0.0,1.0,1.0,3.0,5.0,3.0,SPRF-ES,DEL04-ES,UOP01-DEL04-ES,1,grave
2025-07-22,09:15,2025-07-22 09:15:00,2025.0,7.0,terca,9.0,manha,ES,SOORETAMA,False,101.0,BR-101,125.3,-19.18720461,-40.09451866,Pedestre cruzava a pista fora da faixa,Atropelamento de Pedestre,Com Vítimas Feridas,Pleno dia,Crescente,Céu Claro,Simples,Reta,Sim,0.0,0.0,1.0,1.0,2.0,0.0,2.0,3.0,SPRF-ES,DEL04-ES,UOP01-DEL04-ES,0,moderado
2025-07-22,09:40,2025-07-22 09:40:00,2025.0,7.0,terca,9.0,manha,ES,ATILIO VIVACQUA,False,101.0,BR-101,431.0,-21.05295076,-41.19356378,Acumulo de areia ou detritos sobre o pavimento,Eventos atípicos,Com Vítimas Feridas,Pleno dia,Decrescente,Céu Claro,Simples,Reta,Não,0.0,0.0,2.0,2.0,0.0,0.0,1.0,2.0,SPRF-ES,DEL03-ES,UOP02-DEL03-ES,0,moderado
2025-07-22,18:00,2025-07-22 18:00:00,2025.0,7.0,terca,18.0,noite,ES,CARIACICA,True,101.0,BR-101,282.0,-20.2267744,-40.3643961,Objeto estático sobre o leito carroçável,Colisão com objeto,Com Vítimas Feridas,Plena Noite,Crescente,Céu Claro,Dupla,Viaduto,Não,0.0,1.0,0.0,1.0,1.0,0.0,2.0,2.0,SPRF-ES,DEL01-ES,UOP01-DEL01-ES,1,grave
2025-07-23,12:30,2025-07-23 12:30:00,2025.0,7.0,quarta,12.0,tarde,ES,SAO MATEUS,False,101.0,BR-101,53.8,-18.637979,-39.8773582,Mal súbito do condutor,Colisão lateral sentido oposto,Com Vítimas Feridas,Pleno dia,Crescente,Céu Claro,Simples,Reta,Não,0.0,1.0,0.0,1.0,1.0,2.0,4.0,3.0,SPRF-ES,DEL04-ES,UOP02-DEL04-ES,1,grave
2025-07-24,03:00,2025-07-24 03:00:00,2025.0,7.0,quinta,3.0,madrugada,ES,SERRA,True,101.0,BR-101,272.4,-20.2237503,-40.2876038,Condutor Dormindo,Saída de leito carroçável,Com Vítimas Feridas,Plena Noite,Crescente,Céu Claro,Múltipla,Reta,Sim,0.0,0.0,1.0,1.0,0.0,2.0,3.0,2.0,SPRF-ES,DEL02-ES,UOP01-DEL02-ES,0,moderado
2025-07-24,17:00,2025-07-24 17:00:00,2025.0,7.0,quinta,17.0,tarde,ES,SERRA,True,101.0,BR-101,269.3,-20.22075232,-40.27018563,Acessar a via sem observar a presença dos outros veículos,Colisão lateral mesmo sentido,Com Vítimas Feridas,Anoitecer,Decrescente,Céu Claro,Simples,Reta,Sim,0.0,0.0,1.0,1.0,1.0,0.0,2.0,2.0,SPRF-ES,DEL02-ES,UOP01-DEL02-ES,0,moderado
2025-07-24,20:00,2025-07-24 20:00:00,2025.0,7.0,quinta,20.0,noite,ES,MIMOSO DO SUL,False,101.0,BR-101,457.0,-21.19999687,-41.3009119,Acessar a via sem observar a presença dos outros veículos,Colisão lateral mesmo sentido,Com Vítimas Feridas,Plena Noite,Crescente,Céu Claro,Simples,Reta,Não,0.0,0.0,2.0,2.0,0.0,0.0,2.0,2.0,SPRF-ES,DEL03-ES,UOP02-DEL03-ES,0,moderado
2025-07-25,08:50,2025-07-25 08:50:00,2025.0,7.0,sexta,8.0,manha,ES,VIANA,True,262.0,BR-262,24.9,-20.37904784,-40.5347965,Demais falhas mecânicas ou elétricas,Incêndio,Sem Vítimas,Pleno dia,Crescente,Céu Claro,Simples,Reta;Aclive,Não,0.0,0.0,0.0,0.0,1.0,0.0,1.0,1.0,SPRF-ES,DEL01-ES,UOP01-DEL01-ES,0,baixo
2025-07-25,09:40,2025-07-25 09:40:00,2025.0,7.0,sexta,9.0,manha,ES,CONCEICAO DO CASTELO,False,262.0,BR-262,120.8,-20.29467,-41.227997,Ausência de reação do condutor,Tombamento,Com Vítimas Feridas,Pleno dia,Decrescente,Sol,Simples,Declive;Curva,Não,0.0,0.0,1.0,1.0,0.0,0.0,1.0,1.0,SPRF-ES,DEL01-ES,UOP02-DEL01-ES,0,moderado
2025-07-25,19:00,2025-07-25 19:00:00,2025.0,7.0,sexta,19.0,noite,ES,SERRA,True,101.0,BR-101,278.8,-20.218005,-40.339229,Condutor deixou de manter distância do veículo da frente,Colisão traseira,Com Vítimas Feridas,Plena Noite,Crescente,Céu Claro,Múltipla,Curva,Não,0.0,0.0,1.0,1.0,0.0,1.0,2.0,2.0,SPRF-ES,DEL02-ES,UOP01-DEL02-ES,0,moderado
2025-07-28,09:37,2025-07-28 09:37:00,2025.0,7.0,segunda,9.0,manha,ES,CARIACICA,True,101.0,BR-101,291.0,-20.36576062,-40.37303925,Condutor deixou de manter distância do veículo da frente,Colisão traseira,Com Vítimas Feridas,Pleno dia,Decrescente,Sol,Dupla,Reta,Sim,0.0,0.0,1.0,1.0,1.0,0.0,2.0,2.0,SPRF-ES,DEL01-ES,UOP01-DEL01-ES,0,moderado
2025-07-28,14:37,2025-07-28 14:37:00,2025.0,7.0,segunda,14.0,tarde,ES,GUARAPARI,True,101.0,BR-101,344.0,-20.65876971,-40.61394081,Ausência de reação do condutor,Tombamento,Com Vítimas Feridas,Pleno dia,Crescente,Céu Claro,Dupla,Curva,Não,0.0,0.0,1.0,1.0,0.0,1.0,2.0,2.0,SPRF-ES,DEL03-ES,UOP01-DEL03-ES,0,moderado
2025-07-29,07:30,2025-07-29 07:30:00,2025.0,7.0,terca,7.0,manha,ES,SERRA,True,101.0,BR-101,265.4,-20.185471,-40.267666,Condutor deixou de manter distância do veículo da frente,Colisão lateral mesmo sentido,Com Vítimas Fatais,Pleno dia,Crescente,Céu Claro,Múltipla,Reta;Aclive,Sim,1.0,0.0,2.0,2.0,1.0,1.0,5.0,5.0,SPRF-ES,DEL02-ES,UOP01-DEL02-ES,1,fatal
2025-07-31,22:35,2025-07-31 22:35:00,2025.0,7.0,quinta,22.0,noite,ES,ANCHIETA,False,101.0,BR-101,368.5,-20.75808023,-40.75608015,Velocidade Incompatível,Colisão lateral sentido oposto,Com Vítimas Feridas,Plena Noite,Decrescente,Nublado,Simples,Curva,Não,0.0,0.0,1.0,1.0,4.0,0.0,2.0,5.0,SPRF-ES,DEL03-ES,UOP01-DEL03-ES,0,moderado
2025-08-01,19:25,2025-08-01 19:25:00,2025.0,8.0,sexta,19.0,noite,ES,JAGUARE,False,101.0,BR-101,93.7,-18.92786519,-39.97036457,Pedestre - Ingestão de álcool/ substâncias psicoativas,Atropelamento de Pedestre,Com Vítimas Fatais,Plena Noite,Decrescente,Nublado,Simples,Reta;Declive,Sim,1.0,0.0,0.0,0.0,1.0,0.0,2.0,2.0,SPRF-ES,DEL04-ES,UOP02-DEL04-ES,1,fatal
2025-08-02,10:39,2025-08-02 10:39:00,2025.0,8.0,sabado,10.0,manha,ES,SOORETAMA,False,101.0,BR-101,125.0,-19.186308,-40.094521,Condutor desrespeitou a iluminação vermelha do semáforo,Colisão transversal,Sem Vítimas,Pleno dia,Crescente,Nublado,Simples,Retorno Regulamentado,Não,0.0,0.0,0.0,0.0,3.0,1.0,4.0,4.0,SPRF-ES,DEL04-ES,UOP01-DEL04-ES,0,baixo
2025-06-29,20:30,2025-06-29 20:30:00,2025.0,6.0,domingo,20.0,noite,ES,CONCEICAO DA BARRA,False,101.0,BR-101,20.0,-18.323983,-39.95838817,Reação tardia ou ineficiente do condutor,Colisão traseira,Com Vítimas Fatais,Plena Noite,Crescente,Céu Claro,Simples,Reta,Não,1.0,0.0,1.0,1.0,1.0,3.0,5.0,5.0,SPRF-ES,DEL04-ES,UOP02-DEL04-ES,1,fatal
2025-08-04,03:49,2025-08-04 03:49:00,2025.0,8.0,segunda,3.0,madrugada,ES,GUARAPARI,True,101.0,BR-101,337.9,-20.64008814,-40.54699659,Condutor Dormindo,Saída de leito carroçável,Com Vítimas Feridas,Plena Noite,Decrescente,Céu Claro,Dupla,Reta,Não,0.0,0.0,1.0,1.0,0.0,1.0,2.0,2.0,SPRF-ES,DEL03-ES,UOP01-DEL03-ES,0,moderado
2025-07-24,04:50,2025-07-24 04:50:00,2025.0,7.0,quinta,4.0,madrugada,ES,SERRA,True,101.0,BR-101,260.6,-20.14709458,-40.28098404,Ausência de reação do condutor,Saída de leito carroçável,Com Vítimas Feridas,Plena Noite,Crescente,Céu Claro,Dupla,Curva,Sim,0.0,1.0,0.0,1.0,0.0,1.0,2.0,2.0,SPRF-ES,DEL02-ES,UOP01-DEL02-ES,1,grave
2025-08-04,07:10,2025-08-04 07:10:00,2025.0,8.0,segunda,7.0,manha,ES,ITAPEMIRIM,False,101.0,BR-101,406.7,-20.8930026,-41.0277974,Velocidade Incompatível,Tombamento,Com Vítimas Feridas,Pleno dia,Crescente,Céu Claro,Simples,Curva,Não,0.0,2.0,1.0,3.0,0.0,0.0,1.0,3.0,SPRF-ES,DEL03-ES,UOP02-DEL03-ES,1,grave
2025-08-04,07:30,2025-08-04 07:30:00,2025.0,8.0,segunda,7.0,manha,ES,CARIACICA,True,101.0,BR-101,297.0,-20.346398,-40.4109828,Velocidade Incompatível,Colisão traseira,Com Vítimas Feridas,Pleno dia,Crescente,Céu Claro,Dupla,Reta,Não,0.0,1.0,0.0,1.0,1.0,0.0,2.0,2.0,SPRF-ES,DEL01-ES,UOP01-DEL01-ES,1,grave
2025-08-05,08:43,2025-08-05 08:43:00,2025.0,8.0,terca,8.0,manha,ES,CONCEICAO DA BARRA,False,101.0,BR-101,35.0,-18.4611303,-39.92972374,Ultrapassagem Indevida,Colisão lateral mesmo sentido,Com Vítimas Feridas,Pleno dia,Decrescente,Sol,Simples,Reta;Declive,Não,0.0,1.0,0.0,1.0,1.0,2.0,4.0,3.0,SPRF-ES,DEL04-ES,UOP02-DEL04-ES,1,grave
2025-08-06,01:57,2025-08-06 01:57:00,2025.0,8.0,quarta,1.0,madrugada,ES,GUARAPARI,True,101.0,BR-101,329.0,-20.58985126,-40.49787319,Ausência de reação do condutor,Tombamento,Com Vítimas Feridas,Plena Noite,Crescente,Céu Claro,Dupla,Curva,Não,0.0,0.0,1.0,1.0,0.0,1.0,2.0,2.0,SPRF-ES,DEL03-ES,UOP01-DEL03-ES,0,moderado
2025-08-06,17:30,2025-08-06 17:30:00,2025.0,8.0,quarta,17.0,tarde,ES,DOMINGOS MARTINS,False,262.0,BR-262,75.4,-20.4148,-40.907122,Reação tardia ou ineficiente do condutor,Tombamento,Com Vítimas Feridas,Anoitecer,Crescente,Céu Claro,Simples,Aclive;Curva,Não,0.0,0.0,1.0,1.0,0.0,1.0,2.0,2.0,SPRF-ES,DEL01-ES,UOP02-DEL01-ES,0,moderado
2025-08-06,17:15,2025-08-06 17:15:00,2025.0,8.0,quarta,17.0,tarde,ES,RIO NOVO DO SUL,False,101.0,BR-101,395.0,-20.8660547,-40.93232123,Transitar na contramão,Colisão frontal,Com Vítimas Feridas,Pleno dia,Decrescente,Céu Claro,Simples,Interseção de Vias,Sim,0.0,0.0,1.0,1.0,1.0,2.0,4.0,4.0,SPRF-ES,DEL03-ES,UOP02-DEL03-ES,0,moderado
2025-08-07,09:35,2025-08-07 09:35:00,2025.0,8.0,quinta,9.0,manha,ES,BAIXO GUANDU,False,259.0,BR-259,99.0,-19.51449231,-40.98175049,Ausência de reação do condutor,Colisão lateral sentido oposto,Com Vítimas Feridas,Pleno dia,Decrescente,Nublado,Simples,Reta,Não,0.0,0.0,1.0,1.0,1.0,1.0,3.0,3.0,SPRF-ES,DEL02-ES,UOP01-DEL02-ES,0,moderado
2025-08-07,16:50,2025-08-07 16:50:00,2025.0,8.0,quinta,16.0,tarde,ES,SOORETAMA,False,101.0,BR-101,109.6,-19.05914005,-40.03339744,Transitar na contramão,Colisão lateral sentido oposto,Com Vítimas Feridas,Anoitecer,Decrescente,Céu Claro,Simples,Reta;Declive,Não,0.0,1.0,0.0,1.0,1.0,1.0,3.0,3.0,SPRF-ES,DEL04-ES,UOP01-DEL04-ES,1,grave
2025-08-07,21:45,2025-08-07 21:45:00,2025.0,8.0,quinta,21.0,noite,ES,MARECHAL FLORIANO,False,262.0,BR-262,64.0,-20.41732735,-40.81572024,Curva acentuada,Tombamento,Com Vítimas Feridas,Plena Noite,Crescente,Céu Claro,Simples,Declive;Curva,Não,0.0,0.0,4.0,4.0,0.0,1.0,2.0,5.0,SPRF-ES,DEL01-ES,UOP02-DEL01-ES,0,moderado
2025-08-08,13:32,2025-08-08 13:32:00,2025.0,8.0,sexta,13.0,tarde,ES,SERRA,True,101.0,BR-101,268.0,-20.19350004,-40.26860386,Ausência de reação do condutor,Colisão traseira,Com Vítimas Feridas,Pleno dia,Crescente,Céu Claro,Múltipla,Interseção de Vias,Sim,0.0,0.0,1.0,1.0,1.0,1.0,3.0,3.0,SPRF-ES,DEL02-ES,UOP01-DEL02-ES,0,moderado
2025-08-08,13:39,2025-08-08 13:39:00,2025.0,8.0,sexta,13.0,tarde,ES,DOMINGOS MARTINS,False,262.0,BR-262,34.4,-20.3756717,-40.5926317,Condutor deixou de manter distância do veículo da frente,Colisão traseira,Com Vítimas Feridas,Pleno dia,Crescente,Céu Claro,Simples,Declive;Curva,Não,0.0,0.0,1.0,1.0,2.0,0.0,3.0,3.0,SPRF-ES,DEL01-ES,UOP01-DEL01-ES,0,moderado
2025-08-08,15:07,2025-08-08 15:07:00,2025.0,8.0,sexta,15.0,tarde,ES,JOAO NEIVA,False,259.0,BR-259,0.0,-19.74631119,-40.37715554,Condutor deixou de manter distância do veículo da frente,Colisão traseira,Sem Vítimas,Pleno dia,Decrescente,Céu Claro,Simples,Interseção de Vias;Reta;Rotatória,Não,0.0,0.0,0.0,0.0,2.0,1.0,3.0,3.0,SPRF-ES,DEL02-ES,UOP01-DEL02-ES,0,baixo
2025-08-10,20:30,2025-08-10 20:30:00,2025.0,8.0,domingo,20.0,noite,ES,IUNA,False,262.0,BR-262,195.0,-20.28403644,-41.77212238,Ingestão de álcool pelo condutor,Colisão frontal,Com Vítimas Feridas,Plena Noite,Crescente,Céu Claro,Simples,Declive;Reta,Não,0.0,0.0,1.0,1.0,1.0,1.0,3.0,3.0,SPRF-ES,DEL01-ES,UOP02-DEL01-ES,0,moderado
2025-08-11,00:20,2025-08-11 00:20:00,2025.0,8.0,segunda,0.0,madrugada,ES,ITAPEMIRIM,False,101.0,BR-101,407.3,-20.8920294,-41.03289366,Condutor deixou de manter distância do veículo da frente,Colisão traseira,Com Vítimas Feridas,Plena Noite,Crescente,Nublado,Simples,Reta,Não,0.0,0.0,1.0,1.0,4.0,1.0,3.0,6.0,SPRF-ES,DEL03-ES,UOP02-DEL03-ES,0,moderado
2025-08-11,14:30,2025-08-11 14:30:00,2025.0,8.0,segunda,14.0,tarde,ES,CARIACICA,True,101.0,BR-101,294.7,-20.32858392,-40.39806889,Condutor deixou de manter distância do veículo da frente,Colisão traseira,Com Vítimas Feridas,Pleno dia,Crescente,Céu Claro,Dupla,Reta,Não,0.0,0.0,1.0,1.0,1.0,0.0,2.0,2.0,SPRF-ES,DEL01-ES,UOP01-DEL01-ES,0,moderado
2025-08-11,16:50,2025-08-11 16:50:00,2025.0,8.0,segunda,16.0,tarde,ES,VIANA,True,101.0,BR-101,299.8,-20.357113,-40.429917,Condutor desrespeitou a iluminação vermelha do semáforo,Colisão lateral sentido oposto,Com Vítimas Feridas,Pleno dia,Crescente,Céu Claro,Múltipla,Viaduto,Sim,0.0,0.0,1.0,1.0,1.0,0.0,2.0,2.0,SPRF-ES,DEL01-ES,UOP01-DEL01-ES,0,moderado
2025-08-12,16:00,2025-08-12 16:00:00,2025.0,8.0,terca,16.0,tarde,ES,LINHARES,False,101.0,BR-101,145.3,-19.36387572,-40.06504177,Ultrapassagem Indevida,Colisão frontal,Com Vítimas Fatais,Pleno dia,Crescente,Céu Claro,Múltipla,Aclive;Reta,Sim,1.0,0.0,1.0,1.0,3.0,1.0,5.0,6.0,SPRF-ES,DEL04-ES,UOP01-DEL04-ES,1,fatal
2025-08-13,10:40,2025-08-13 10:40:00,2025.0,8.0,quarta,10.0,manha,ES,LINHARES,False,101.0,BR-101,148.6,-19.3946961,-40.06539161,Condutor desrespeitou a iluminação vermelha do semáforo,Colisão transversal,Sem Vítimas,Pleno dia,Decrescente,Céu Claro,Múltipla,Reta;Interseção de Vias,Sim,0.0,0.0,0.0,0.0,2.0,1.0,3.0,3.0,SPRF-ES,DEL04-ES,UOP01-DEL04-ES,0,baixo
2025-08-13,12:15,2025-08-13 12:15:00,2025.0,8.0,quarta,12.0,tarde,ES,JOAO NEIVA,False,101.0,BR-101,204.8,-19.76488109,-40.37321091,Acessar a via sem observar a presença dos outros veículos,Colisão transversal,Com Vítimas Feridas,Pleno dia,Decrescente,Céu Claro,Simples,Reta;Interseção de Vias,Sim,0.0,0.0,1.0,1.0,1.0,1.0,3.0,3.0,SPRF-ES,DEL02-ES,UOP01-DEL02-ES,0,moderado
2025-08-13,14:20,2025-08-13 14:20:00,2025.0,8.0,quarta,14.0,tarde,ES,CONCEICAO DA BARRA,False,101.0,BR-101,37.6,-18.4785749,-39.925121,Acessar a via sem observar a presença dos outros veículos,Colisão transversal,Com Vítimas Feridas,Pleno dia,Crescente,Nublado,Simples,Interseção de Vias;Rotatória,Sim,0.0,0.0,1.0,1.0,1.0,0.0,2.0,2.0,SPRF-ES,DEL04-ES,UOP02-DEL04-ES,0,moderado
2025-08-13,16:30,2025-08-13 16:30:00,2025.0,8.0,quarta,16.0,tarde,ES,VIANA,True,101.0,BR-101,297.6,-20.35064302,-40.41293621,Reação tardia ou ineficiente do condutor,Colisão traseira,Com Vítimas Feridas,Pleno dia,Crescente,Céu Claro,Dupla,Reta,Sim,0.0,0.0,1.0,1.0,1.0,0.0,2.0,2.0,SPRF-ES,DEL01-ES,UOP01-DEL01-ES,0,moderado
2025-08-15,15:55,2025-08-15 15:55:00,2025.0,8.0,sexta,15.0,tarde,ES,VIANA,True,101.0,BR-101,298.8,-20.35825198,-40.42111443,Velocidade Incompatível,Saída de leito carroçável,Com Vítimas Fatais,Pleno dia,Decrescente,Céu Claro,Múltipla,Aclive;Viaduto;Curva,Sim,1.0,0.0,0.0,0.0,0.0,2.0,3.0,3.0,SPRF-ES,DEL01-ES,UOP01-DEL01-ES,1,fatal
2025-08-15,16:10,2025-08-15 16:10:00,2025.0,8.0,sexta,16.0,tarde,ES,CARIACICA,True,101.0,BR-101,289.0,-20.281496,-40.393254,Objeto estático sobre o leito carroçável,Colisão com objeto,Com Vítimas Feridas,Pleno dia,Crescente,Céu Claro,Dupla,Aclive;Reta,Sim,0.0,0.0,2.0,2.0,3.0,1.0,4.0,6.0,SPRF-ES,DEL01-ES,UOP01-DEL01-ES,0,moderado
2025-08-17,18:28,2025-08-17 18:28:00,2025.0,8.0,domingo,18.0,noite,ES,ARACRUZ,False,101.0,BR-101,184.0,-19.62624494,-40.22249353,Ultrapassagem Indevida,Colisão lateral sentido oposto,Com Vítimas Feridas,Plena Noite,Crescente,Céu Claro,Simples,Reta;Declive,Não,0.0,2.0,0.0,2.0,1.0,0.0,2.0,3.0,SPRF-ES,DEL04-ES,UOP01-DEL04-ES,1,grave
2025-08-18,07:50,2025-08-18 07:50:00,2025.0,8.0,segunda,7.0,manha,ES,CARIACICA,True,101.0,BR-101,286.7,-20.263472,-40.38244,Trafegar com motocicleta (ou similar) entre as faixas,Colisão traseira,Com Vítimas Feridas,Pleno dia,Decrescente,Céu Claro,Dupla,Reta,Não,0.0,1.0,0.0,1.0,1.0,0.0,2.0,2.0,SPRF-ES,DEL01-ES,UOP01-DEL01-ES,1,grave
2025-08-18,23:30,2025-08-18 23:30:00,2025.0,8.0,segunda,23.0,noite,ES,DOMINGOS MARTINS,False,262.0,BR-262,83.4,-20.40638235,-40.96955359,Chuva,Colisão frontal,Com Vítimas Feridas,Plena Noite,Crescente,Chuva,Simples,Curva,Não,0.0,0.0,1.0,1.0,1.0,0.0,2.0,2.0,SPRF-ES,DEL01-ES,UOP02-DEL01-ES,0,moderado
2025-08-07,20:15,2025-08-07 20:15:00,2025.0,8.0,quinta,20.0,noite,ES,GUARAPARI,True,101.0,BR-101,341.9,-20.6375918,-40.5423498,Avarias e/ou desgaste excessivo no pneu,Saída de leito carroçável,Com Vítimas Feridas,Plena Noite,Crescente,Céu Claro,Dupla,Reta,Não,0.0,0.0,2.0,2.0,1.0,1.0,3.0,4.0,SPRF-ES,DEL03-ES,UOP01-DEL03-ES,0,moderado
2025-06-05,19:00,2025-06-05 19:00:00,2025.0,6.0,quinta,19.0,noite,ES,CARIACICA,True,101.0,BR-101,294.0,-20.32407,-40.395329,Velocidade Incompatível,Colisão traseira,Com Vítimas Feridas,Plena Noite,Crescente,Céu Claro,Dupla,Declive;Curva,Não,0.0,1.0,0.0,1.0,3.0,1.0,4.0,5.0,SPRF-ES,DEL01-ES,UOP01-DEL01-ES,1,grave