data,hora,data_hora,ano,mes,dia_semana,hora_dia,periodo_dia,uf,municipio,regiao_grande_vitoria,rodovia,rodovia_label,km,latitude,longitude,causa,tipo_acidente,classificacao,fase_dia,sentido_via,condicao_metereologica,tipo_pista,tracado_via,uso_solo,mortos,feridos_graves,feridos_leves,feridos,ilesos,ignorados,veiculos,pessoas,regional,delegacia,uop,risco_alto,nivel_risco
2025-08-21,08:30,2025-08-21 08:30:00,2025.0,8.0,quinta,8.0,manha,ES,SAO MATEUS,False,101.0,BR-101,66.0,-18.7169109,-39.8741581,Acessar a via sem observar a presença dos outros veículos,Colisão lateral mesmo sentido,Com Vítimas Feridas,Pleno dia,Crescente,Céu Claro,Dupla,Reta,Não,0.0,0.0,1.0,1.0,1.0,0.0,2.0,2.0,SPRF-ES,DEL04-ES,UOP02-DEL04-ES,0,moderado
2025-08-21,10:20,2025-08-21 10:20:00,2025.0,8.0,quinta,10.0,manha,ES,LINHARES,False,101.0,BR-101,137.6,-19.29834461,-40.08486271,Ausência de reação do condutor,Tombamento,Com Vítimas Feridas,Pleno dia,Decrescente,Céu Claro,Simples,Curva,Não,0.0,0.0,1.0,1.0,1.0,0.0,1.0,2.0,SPRF-ES,DEL04-ES,UOP01-DEL04-ES,0,moderado
2025-08-21,18:06,2025-08-21 18:06:00,2025.0,8.0,quinta,18.0,noite,ES,CARIACICA,True,101.0,BR-101,294.3,-20.3294315,-40.3984085,Problema com o freio,Colisão traseira,Com Vítimas Feridas,Plena Noite,Crescente,Nublado,Dupla,Reta,Sim,0.0,1.0,1.0,2.0,2.0,1.0,4.0,5.0,SPRF-ES,DEL01-ES,UOP01-DEL01-ES,1,grave
2025-08-21,18:20,2025-08-21 18:20:00,2025.0,8.0,quinta,18.0,noite,ES,RIO NOVO DO SUL,False,101.0,BR-101,391.0,-20.8626616,-40.88424683,Velocidade Incompatível,Tombamento,Com Vítimas Feridas,Plena Noite,Crescente,Céu Claro,Simples,Curva,Não,0.0,0.0,1.0,1.0,0.0,1.0,2.0,2.0,SPRF-ES,DEL03-ES,UOP02-DEL03-ES,0,moderado
2025-08-22,14:35,2025-08-22 14:35:00,2025.0,8.0,sexta,14.0,tarde,ES,LINHARES,False,101.0,BR-101,170.0,-19.55875591,-40.17409578,Acessar a via sem observar a presença dos outros veículos,Colisão transversal,Com Vítimas Feridas,Pleno dia,Crescente,Céu Claro,Simples,Retorno Regulamentado,Não,0.0,1.0,0.0,1.0,1.0,0.0,2.0,2.0,SPRF-ES,DEL04-ES,UOP01-DEL04-ES,1,grave
2025-08-22,17:20,2025-08-22 17:20:00,2025.0,8.0,sexta,17.0,tarde,ES,CARIACICA,True,101.0,BR-101,282.9,-20.22729265,-40.36510913,Reação tardia ou ineficiente do condutor,Tombamento,Com Vítimas Feridas,Anoitecer,Crescente,Céu Claro,Dupla,Reta,Sim,0.0,0.0,1.0,1.0,1.0,0.0,2.0,2.0,SPRF-ES,DEL01-ES,UOP01-DEL01-ES,0,moderado
2025-08-23,05:30,2025-08-23 05:30:00,2025.0,8.0,sabado,5.0,madrugada,ES,ARACRUZ,False,101.0,BR-101,173.0,-19.57983492,-40.18741496,Ausência de reação do condutor,Colisão lateral mesmo sentido,Com Vítimas Feridas,Amanhecer,Decrescente,Céu Claro,Simples,Reta,Não,0.0,0.0,1.0,1.0,1.0,2.0,4.0,3.0,SPRF-ES,DEL04-ES,UOP01-DEL04-ES,0,moderado
2025-08-23,22:25,2025-08-23 22:25:00,2025.0,8.0,sabado,22.0,noite,ES,SAO MATEUS,False,101.0,BR-101,66.3,-18.71809576,-39.87041323,Reação tardia ou ineficiente do condutor,Colisão traseira,Com Vítimas Feridas,Plena Noite,Decrescente,Nublado,Dupla,Reta,Sim,0.0,1.0,0.0,1.0,1.0,0.0,2.0,2.0,SPRF-ES,DEL04-ES,UOP02-DEL04-ES,1,grave
2025-08-24,16:49,2025-08-24 16:49:00,2025.0,8.0,domingo,16.0,tarde,ES,PEDRO CANARIO,False,101.0,BR-101,10.6,-18.24953919,-39.95289022,Ingestão de álcool pelo condutor,Colisão lateral sentido oposto,Com Vítimas Feridas,Anoitecer,Crescente,Céu Claro,Simples,Curva,Não,0.0,0.0,3.0,3.0,1.0,3.0,4.0,6.0,SPRF-ES,DEL04-ES,UOP02-DEL04-ES,0,moderado
2025-08-24,19:10,2025-08-24 19:10:00,2025.0,8.0,domingo,19.0,noite,ES,SOORETAMA,False,101.0,BR-101,127.0,-19.20350404,-40.09548354,Ingestão de álcool pelo condutor,Colisão com objeto,Com Vítimas Feridas,Plena Noite,Crescente,Céu Claro,Múltipla,Reta,Sim,0.0,1.0,0.0,1.0,0.0,0.0,1.0,1.0,SPRF-ES,DEL04-ES,UOP01-DEL04-ES,1,grave
2025-08-26,06:40,2025-08-26 06:40:00,2025.0,8.0,terca,6.0,manha,ES,RIO NOVO DO SUL,False,101.0,BR-101,400.7,-20.8725998,-40.94670296,Velocidade Incompatível,Colisão frontal,Com Vítimas Fatais,Pleno dia,Crescente,Sol,Simples,Curva,Não,1.0,0.0,1.0,1.0,2.0,2.0,6.0,5.0,SPRF-ES,DEL03-ES,UOP02-DEL03-ES,1,fatal
2025-08-26,09:10,2025-08-26 09:10:00,2025.0,8.0,terca,9.0,manha,ES,IBATIBA,False,262.0,BR-262,161.2,-20.2346,-41.52572,Ausência de reação do condutor,Colisão traseira,Com Vítimas Fatais,Pleno dia,Crescente,Céu Claro,Simples,Aclive;Reta,Não,1.0,0.0,0.0,0.0,1.0,1.0,3.0,3.0,SPRF-ES,DEL01-ES,UOP02-DEL01-ES,1,fatal
2025-08-26,10:44,2025-08-26 10:44:00,2025.0,8.0,terca,10.0,manha,ES,SERRA,True,101.0,BR-101,268.0,-20.1547043,-40.269764,Ausência de reação do condutor,Colisão lateral mesmo sentido,Com Vítimas Feridas,Pleno dia,Crescente,Céu Claro,Dupla,Reta,Sim,0.0,0.0,1.0,1.0,1.0,0.0,2.0,2.0,SPRF-ES,DEL02-ES,UOP01-DEL02-ES,0,moderado
2025-08-26,17:15,2025-08-26 17:15:00,2025.0,8.0,terca,17.0,tarde,ES,SERRA,True,101.0,BR-101,280.6,-20.21913333,-40.35536667,Acessar a via sem observar a presença dos outros veículos,Colisão transversal,Com Vítimas Feridas,Anoitecer,Crescente,Nublado,Dupla,Reta,Não,0.0,1.0,0.0,1.0,1.0,1.0,3.0,3.0,SPRF-ES,DEL02-ES,UOP01-DEL02-ES,1,grave
2025-08-27,14:15,2025-08-27 14:15:00,2025.0,8.0,quarta,14.0,tarde,ES,MUNIZ FREIRE,False,262.0,BR-262,144.2,-20.23898,-41.40374,Acessar a via sem observar a presença dos outros veículos,Colisão transversal,Com Vítimas Feridas,Pleno dia,Crescente,Céu Claro,Simples,Interseção de Vias,Não,0.0,2.0,0.0,2.0,1.0,0.0,2.0,3.0,SPRF-ES,DEL01-ES,UOP02-DEL01-ES,1,grave
2025-08-12,18:40,2025-08-12 18:40:00,2025.0,8.0,terca,18.0,noite,ES,IBATIBA,False,262.0,BR-262,155.0,-20.21611537,-41.45542383,Reação tardia ou ineficiente do condutor,Colisão frontal,Com Vítimas Feridas,Plena Noite,Crescente,Céu Claro,Simples,Aclive;Reta,Não,0.0,1.0,0.0,1.0,1.0,1.0,3.0,3.0,SPRF-ES,DEL01-ES,UOP02-DEL01-ES,1,grave
2025-08-29,09:57,2025-08-29 09:57:00,2025.0,8.0,sexta,9.0,manha,ES,JAGUARE,False,101.0,BR-101,96.0,-18.950113,-39.981121,Acessar a via sem observar a presença dos outros veículos,Colisão transversal,Com Vítimas Feridas,Pleno dia,Decrescente,Céu Claro,Simples,Reta,Não,0.0,2.0,0.0,2.0,1.0,0.0,2.0,3.0,SPRF-ES,DEL04-ES,UOP02-DEL04-ES,1,grave
2025-08-29,14:50,2025-08-29 14:50:00,2025.0,8.0,sexta,14.0,tarde,ES,VIANA,True,101.0,BR-101,298.6,-20.35702039,-40.41938424,Manobra de mudança de faixa,Colisão lateral mesmo sentido,Com Vítimas Feridas,Pleno dia,Decrescente,Céu Claro,Dupla,Reta;Retorno Regulamentado,Sim,0.0,0.0,1.0,1.0,1.0,0.0,2.0,2.0,SPRF-ES,DEL01-ES,UOP01-DEL01-ES,0,moderado
2025-06-03,00:30,2025-06-03 00:30:00,2025.0,6.0,terca,0.0,madrugada,ES,CARIACICA,True,101.0,BR-101,295.3,-20.33226236,-40.40030956,Condutor deixou de manter distância do veículo da frente,Colisão traseira,Com Vítimas Feridas,Plena Noite,Decrescente,Chuva,Dupla,Reta,Não,0.0,1.0,0.0,1.0,0.0,1.0,2.0,2.0,SPRF-ES,DEL01-ES,UOP01-DEL01-ES,1,grave
2025-08-30,16:30,2025-08-30 16:30:00,2025.0,8.0,sabado,16.0,tarde,ES,MIMOSO DO SUL,False,101.0,BR-101,427.9,-21.13574526,-41.27855301,Chuva,Colisão frontal,Com Vítimas Fatais,Pleno dia,Crescente,Chuva,Simples,Curva,Não,1.0,0.0,0.0,0.0,1.0,0.0,2.0,2.0,SPRF-ES,DEL03-ES,UOP02-DEL03-ES,1,fatal
2025-08-30,18:20,2025-08-30 18:20:00,2025.0,8.0,sabado,18.0,noite,ES,RIO NOVO DO SUL,False,101.0,BR-101,390.0,-20.865465,-40.887843,Reação tardia ou ineficiente do condutor,Colisão traseira,Com Vítimas Feridas,Plena Noite,Crescente,Chuva,Dupla,Reta,Não,0.0,0.0,1.0,1.0,1.0,3.0,5.0,3.0,SPRF-ES,DEL03-ES,UOP02-DEL03-ES,0,moderado
2025-08-30,19:40,2025-08-30 19:40:00,2025.0,8.0,sabado,19.0,noite,ES,RIO NOVO DO SUL,False,101.0,BR-101,391.1,-20.866396,-40.889924,Transitar na contramão,Colisão lateral sentido oposto,Com Vítimas Feridas,Plena Noite,Crescente,Chuva,Dupla,Curva,Não,0.0,0.0,1.0,1.0,1.0,1.0,3.0,3.0,SPRF-ES,DEL03-ES,UOP02-DEL03-ES,0,moderado
2025-09-01,10:00,2025-09-01 10:00:00,2025.0,9.0,segunda,10.0,manha,ES,VENDA NOVA DO IMIGRANTE,False,262.0,BR-262,110.2,-20.336944,-41.1826369,Acessar a via sem observar a presença dos outros veículos,Colisão transversal,Com Vítimas Feridas,Pleno dia,Decrescente,Chuva,Simples,Reta;Retorno Regulamentado,Sim,0.0,1.0,0.0,1.0,1.0,0.0,2.0,2.0,SPRF-ES,DEL01-ES,UOP02-DEL01-ES,1,grave
2025-09-01,15:10,2025-09-01 15:10:00,2025.0,9.0,segunda,15.0,tarde,ES,SERRA,True,101.0,BR-101,1.0,-20.07018122,-40.36432743,Reação tardia ou ineficiente do condutor,Tombamento,Com Vítimas Feridas,Pleno dia,Crescente,Chuva,Dupla,Curva,Não,0.0,0.0,1.0,1.0,0.0,1.0,2.0,2.0,SPRF-ES,DEL02-ES,UOP01-DEL02-ES,0,moderado
2025-08-01,08:45,2025-08-01 08:45:00,2025.0,8.0,sexta,8.0,manha,ES,ATILIO VIVACQUA,False,101.0,BR-101,425.0,-20.99179929,-41.1224229,Reação tardia ou ineficiente do condutor,Tombamento,Com Vítimas Feridas,Pleno dia,Decrescente,Sol,Simples,Reta,Não,0.0,0.0,1.0,1.0,0.0,1.0,2.0,2.0,SPRF-ES,DEL03-ES,UOP02-DEL03-ES,0,moderado
2025-03-19,05:40,2025-03-19 05:40:00,2025.0,3.0,quarta,5.0,madrugada,ES,SERRA,True,101.0,BR-101,3.2,-20.11136907,-40.34649567,Condutor Dormindo,Colisão traseira,Sem Vítimas,Amanhecer,Decrescente,Céu Claro,Simples,Reta,Não,0.0,0.0,0.0,0.0,2.0,4.0,6.0,3.0,SPRF-ES,DEL02-ES,UOP01-DEL02-ES,0,baixo
2025-09-02,19:40,2025-09-02 19:40:00,2025.0,9.0,terca,19.0,noite,ES,VIANA,True,101.0,BR-101,299.0,-20.35783825,-40.42699551,Acumulo de água sobre o pavimento,Colisão com objeto,Sem Vítimas,Plena Noite,Crescente,Chuva,Dupla,Curva,Sim,0.0,0.0,0.0,0.0,1.0,0.0,1.0,1.0,SPRF-ES,DEL01-ES,UOP01-DEL01-ES,0,baixo
2025-09-03,03:20,2025-09-03 03:20:00,2025.0,9.0,quarta,3.0,madrugada,ES,GUARAPARI,True,101.0,BR-101,330.5,-20.59532329,-40.50277124,Ausência de reação do condutor,Tombamento,Sem Vítimas,Plena Noite,Crescente,Céu Claro,Dupla,Curva,Não,0.0,0.0,0.0,0.0,1.0,1.0,2.0,2.0,SPRF-ES,DEL03-ES,UOP01-DEL03-ES,0,baixo
2025-09-03,04:59,2025-09-03 04:59:00,2025.0,9.0,quarta,4.0,madrugada,ES,PINHEIROS,False,101.0,BR-101,19.8,-18.32371151,-39.95850103,Acessar a via sem observar a presença dos outros veículos,Colisão transversal,Com Vítimas Feridas,Amanhecer,Crescente,Céu Claro,Simples,Curva,Não,0.0,0.0,3.0,3.0,1.0,2.0,4.0,5.0,SPRF-ES,DEL04-ES,UOP02-DEL04-ES,0,moderado
2025-09-03,17:15,2025-09-03 17:15:00,2025.0,9.0,quarta,17.0,tarde,ES,SAO MATEUS,False,101.0,BR-101,60.6,-18.67733462,-39.86500594,Demais falhas mecânicas ou elétricas,Atropelamento de Pedestre,Com Vítimas Feridas,Anoitecer,Crescente,Céu Claro,Simples,Reta,Não,0.0,0.0,1.0,1.0,1.0,0.0,2.0,2.0,SPRF-ES,DEL04-ES,UOP02-DEL04-ES,0,moderado
2025-09-04,07:30,2025-09-04 07:30:00,2025.0,9.0,quinta,7.0,manha,ES,RIO NOVO DO SUL,False,101.0,BR-101,395.5,-20.86926878,-40.94151735,Suicídio (presumido),Colisão frontal,Com Vítimas Feridas,Pleno dia,Crescente,Céu Claro,Simples,Reta,Não,0.0,0.0,1.0,1.0,1.0,1.0,3.0,3.0,SPRF-ES,DEL03-ES,UOP02-DEL03-ES,0,moderado
2025-09-04,13:30,2025-09-04 13:30:00,2025.0,9.0,quinta,13.0,tarde,ES,JAGUARE,False,101.0,BR-101,101.0,-18.990131,-40.000366,Acessar a via sem observar a presença dos outros veículos,Colisão transversal,Com Vítimas Feridas,Pleno dia,Decrescente,Céu Claro,Simples,Aclive,Sim,0.0,0.0,1.0,1.0,1.0,0.0,2.0,2.0,SPRF-ES,DEL04-ES,UOP02-DEL04-ES,0,moderado
2025-08-03,12:30,2025-08-03 12:30:00,2025.0,8.0,domingo,12.0,tarde,ES,CONCEICAO DA BARRA,False,101.0,BR-101,28.9,-18.37805076,-39.94661524,Ultrapassagem Indevida,Saída de leito carroçável,Com Vítimas Feridas,Pleno dia,Crescente,Céu Claro,Simples,Reta,Não,0.0,0.0,1.0,1.0,1.0,0.0,2.0,2.0,SPRF-ES,DEL04-ES,UOP02-DEL04-ES,0,moderado
2025-09-05,11:30,2025-09-05 11:30:00,2025.0,9.0,sexta,11.0,manha,ES,MARECHAL FLORIANO,False,262.0,BR-262,54.0,-20.414707,-40.740879,Mal súbito do condutor,Saída de leito carroçável,Com Vítimas Feridas,Pleno dia,Decrescente,Sol,Simples,Curva,Não,0.0,0.0,1.0,1.0,0.0,0.0,1.0,1.0,SPRF-ES,DEL01-ES,UOP01-DEL01-ES,0,moderado
2025-09-05,12:15,2025-09-05 12:15:00,2025.0,9.0,sexta,12.0,tarde,ES,BAIXO GUANDU,False,259.0,BR-259,101.3,-19.52179445,-41.01431161,Acessar a via sem observar a presença dos outros veículos,Colisão transversal,Com Vítimas Feridas,Pleno dia,Decrescente,Sol,Dupla,Interseção de Vias,Não,0.0,1.0,1.0,2.0,1.0,0.0,2.0,3.0,SPRF-ES,DEL02-ES,UOP01-DEL02-ES,1,grave
2025-09-06,20:40,2025-09-06 20:40:00,2025.0,9.0,sabado,20.0,noite,ES,VIANA,True,101.0,BR-101,303.0,-20.3827311,-40.4596009,Condutor usando celular,Saída de leito carroçável,Sem Vítimas,Plena Noite,Crescente,Nublado,Múltipla,Reta,Sim,0.0,0.0,0.0,0.0,1.0,1.0,2.0,2.0,SPRF-ES,DEL01-ES,UOP01-DEL01-ES,0,baixo
2025-09-07,12:30,2025-09-07 12:30:00,2025.0,9.0,domingo,12.0,tarde,ES,SAO MATEUS,False,101.0,BR-101,69.2,-18.7377772,-39.86086456,Reação tardia ou ineficiente do condutor,Colisão traseira,Com Vítimas Feridas,Pleno dia,Crescente,Sol,Simples,Reta,Sim,0.0,0.0,1.0,1.0,1.0,0.0,2.0,2.0,SPRF-ES,DEL04-ES,UOP02-DEL04-ES,0,moderado
2025-09-07,16:35,2025-09-07 16:35:00,2025.0,9.0,domingo,16.0,tarde,ES,ANCHIETA,False,101.0,BR-101,368.7,-20.75584527,-40.75623496,Velocidade Incompatível,Colisão com objeto,Com Vítimas Feridas,Pleno dia,Crescente,Céu Claro,Simples,Curva,Não,0.0,0.0,1.0,1.0,0.0,1.0,2.0,2.0,SPRF-ES,DEL03-ES,UOP01-DEL03-ES,0,moderado
2025-09-07,19:00,2025-09-07 19:00:00,2025.0,9.0,domingo,19.0,noite,ES,SAO MATEUS,False,101.0,BR-101,73.9,-18.776851,-39.873005,Acessar a via sem observar a presença dos outros veículos,Colisão transversal,Com Vítimas Feridas,Plena Noite,Crescente,Céu Claro,Simples,Reta,Não,0.0,0.0,1.0,1.0,0.0,1.0,2.0,2.0,SPRF-ES,DEL04-ES,UOP02-DEL04-ES,0,moderado
2025-09-07,20:30,2025-09-07 20:30:00,2025.0,9.0,domingo,20.0,noite,ES,SAO MATEUS,False,101.0,BR-101,88.3,-18.8857256,-39.9501186,Acessar a via sem observar a presença dos outros veículos,Colisão transversal,Com Vítimas Fatais,Plena Noite,Crescente,Nublado,Simples,Reta,Não,1.0,0.0,0.0,0.0,2.0,0.0,2.0,3.0,SPRF-ES,DEL04-ES,UOP02-DEL04-ES,1,fatal
2025-09-08,10:11,2025-09-08 10:11:00,2025.0,9.0,segunda,10.0,manha,ES,PINHEIROS,False,101.0,BR-101,28.0,-18.394302,-39.940893,Velocidade Incompatível,Tombamento,Com Vítimas Feridas,Pleno dia,Decrescente,Céu Claro,Simples,Reta;Declive,Não,0.0,0.0,1.0,1.0,0.0,2.0,3.0,2.0,SPRF-ES,DEL04-ES,UOP02-DEL04-ES,0,moderado
2025-09-08,17:00,2025-09-08 17:00:00,2025.0,9.0,segunda,17.0,tarde,ES,VENDA NOVA DO IMIGRANTE,False,262.0,BR-262,102.0,-20.326887,-41.135094,Condutor deixou de manter distância do veículo da frente,Colisão traseira,Com Vítimas Feridas,Pleno dia,Crescente,Céu Claro,Simples,Reta,Sim,0.0,0.0,1.0,1.0,2.0,0.0,3.0,3.0,SPRF-ES,DEL01-ES,UOP02-DEL01-ES,0,moderado
2025-09-09,06:25,2025-09-09 06:25:00,2025.0,9.0,terca,6.0,manha,ES,MARECHAL FLORIANO,False,262.0,BR-262,64.0,-20.41826,-40.81618,Ausência de reação do condutor,Tombamento,Sem Vítimas,Amanhecer,Decrescente,Céu Claro,Simples,Curva;Declive,Não,0.0,0.0,0.0,0.0,1.0,1.0,2.0,2.0,SPRF-ES,DEL01-ES,UOP02-DEL01-ES,0,baixo
2025-09-09,15:50,2025-09-09 15:50:00,2025.0,9.0,terca,15.0,tarde,ES,SERRA,True,101.0,BR-101,262.8,-20.1637356,-40.27451181,Falta de acostamento,Colisão lateral mesmo sentido,Com Vítimas Feridas,Pleno dia,Decrescente,Sol,Dupla,Reta,Sim,0.0,0.0,1.0,1.0,1.0,0.0,2.0,2.0,SPRF-ES,DEL02-ES,UOP01-DEL02-ES,0,moderado
2025-09-10,06:30,2025-09-10 06:30:00,2025.0,9.0,quarta,6.0,manha,ES,SERRA,True,101.0,BR-101,14.8,-20.18072549,-40.3403306,Reação tardia ou ineficiente do condutor,Tombamento,Com Vítimas Feridas,Pleno dia,Crescente,Céu Claro,Dupla,Reta,Não,0.0,0.0,1.0,1.0,0.0,0.0,1.0,1.0,SPRF-ES,DEL02-ES,UOP01-DEL02-ES,0,moderado
2025-09-10,13:02,2025-09-10 13:02:00,2025.0,9.0,quarta,13.0,tarde,ES,LINHARES,False,101.0,BR-101,161.0,-19.488438,-40.125034,Acessar a via sem observar a presença dos outros veículos,Colisão transversal,Com Vítimas Feridas,Pleno dia,Crescente,Céu Claro,Simples,Reta,Não,0.0,1.0,0.0,1.0,1.0,1.0,3.0,3.0,SPRF-ES,DEL04-ES,UOP01-DEL04-ES,1,grave
2025-09-10,14:20,2025-09-10 14:20:00,2025.0,9.0,quarta,14.0,tarde,ES,VENDA NOVA DO IMIGRANTE,False,101.0,BR-101,101.5,-20.34266951,-41.1137116,Velocidade Incompatível,Tombamento,Com Vítimas Feridas,Pleno dia,Crescente,Sol,Simples,Curva,Não,0.0,0.0,1.0,1.0,0.0,1.0,2.0,2.0,SPRF-ES,DEL04-ES,UOP02-DEL04-ES,0,moderado
2025-09-10,19:00,2025-09-10 19:00:00,2025.0,9.0,quarta,19.0,noite,ES,SERRA,True,101.0,BR-101,16.7,-20.07971406,-40.36634445,Ausência de reação do condutor,Colisão com objeto,Sem Vítimas,Plena Noite,Crescente,Céu Claro,Dupla,Curva,Não,0.0,0.0,0.0,0.0,1.0,1.0,2.0,2.0,SPRF-ES,DEL02-ES,UOP01-DEL02-ES,0,baixo
2025-09-10,21:10,2025-09-10 21:10:00,2025.0,9.0,quarta,21.0,noite,ES,VILA VELHA,True,101.0,BR-101,315.0,-20.47643682,-40.47060582,Velocidade Incompatível,Tombamento,Com Vítimas Feridas,Plena Noite,Decrescente,Nublado,Dupla,Aclive;Curva,Não,0.0,0.0,1.0,1.0,0.0,1.0,2.0,2.0,SPRF-ES,DEL01-ES,UOP01-DEL01-ES,0,moderado
2025-09-11,04:50,2025-09-11 04:50:00,2025.0,9.0,quinta,4.0,madrugada,ES,ITAPEMIRIM,False,101.0,BR-101,406.5,-20.89356564,-41.02660252,Reação tardia ou ineficiente do condutor,Tombamento,Com Vítimas Fatais,Amanhecer,Crescente,Céu Claro,Simples,Curva,Não,1.0,0.0,0.0,0.0,0.0,1.0,2.0,2.0,SPRF-ES,DEL03-ES,UOP02-DEL03-ES,1,fatal
2025-09-03,14:00,2025-09-03 14:00:00,2025.0,9.0,quarta,14.0,tarde,ES,SERRA,True,101.0,BR-101,281.0,-20.22191,-40.35798,Acessar a via sem observar a presença dos outros veículos,Colisão traseira,Com Vítimas Feridas,Pleno dia,Crescente,Nublado,Dupla,Retorno Regulamentado;Reta,Não,0.0,0.0,1.0,1.0,5.0,0.0,2.0,6.0,SPRF-ES,DEL02-ES,UOP01-DEL02-ES,0,moderado
2025-09-12,00:00,2025-09-12 00:00:00,2025.0,9.0,sexta,0.0,madrugada,ES,CARIACICA,True,101.0,BR-101,310.0,-20.3372167,-40.384865,Ingestão de álcool pelo condutor,Saída de leito carroçável,Com Vítimas Feridas,Plena Noite,Crescente,Céu Claro,Dupla,Curva,Não,0.0,0.0,1.0,1.0,0.0,0.0,1.0,1.0,SPRF-ES,DEL01-ES,UOP01-DEL01-ES,0,moderado
2025-09-13,05:15,2025-09-13 05:15:00,2025.0,9.0,sabado,5.0,madrugada,ES,CARIACICA,True,101.0,BR-101,294.0,-20.3226261,-40.3951829,Ausência de reação do condutor,Colisão com objeto,Com Vítimas Feridas,Amanhecer,Crescente,Chuva,Dupla,Reta,Não,0.0,0.0,1.0,1.0,1.0,0.0,1.0,2.0,SPRF-ES,DEL01-ES,UOP01-DEL01-ES,0,moderado
2025-09-13,10:00,2025-09-13 10:00:00,2025.0,9.0,sabado,10.0,manha,ES,LINHARES,False,101.0,BR-101,141.2,-19.32763566,-40.07115441,Manobra de mudança de faixa,Saída de leito carroçável,Sem Vítimas,Pleno dia,Decrescente,Nublado,Múltipla,Reta,Sim,0.0,0.0,0.0,0.0,2.0,2.0,4.0,3.0,SPRF-ES,DEL04-ES,UOP01-DEL04-ES,0,baixo
2025-09-13,13:10,2025-09-13 13:10:00,2025.0,9.0,sabado,13.0,tarde,ES,LINHARES,False,101.0,BR-101,114.4,-19.09878349,-40.05296775,Transitar na contramão,Colisão frontal,Com Vítimas Fatais,Pleno dia,Decrescente,Nublado,Dupla,Reta,Não,1.0,0.0,0.0,0.0,1.0,1.0,3.0,3.0,SPRF-ES,DEL04-ES,UOP01-DEL04-ES,1,fatal
2025-09-14,22:00,2025-09-14 22:00:00,2025.0,9.0,domingo,22.0,noite,ES,VENDA NOVA DO IMIGRANTE,False,262.0,BR-262,97.0,-20.3602235,-41.07678192,Demais falhas mecânicas ou elétricas,Incêndio,Sem Vítimas,Plena Noite,Decrescente,Nublado,Simples,Reta,Sim,0.0,0.0,0.0,0.0,1.0,1.0,2.0,2.0,SPRF-ES,DEL01-ES,UOP02-DEL01-ES,0,baixo
2025-09-15,11:00,2025-09-15 11:00:00,2025.0,9.0,segunda,11.0,manha,ES,DOMINGOS MARTINS,False,262.0,BR-262,33.5,-20.3144188,-40.5813394,Problema com o freio,Saída de leito carroçável,Com Vítimas Feridas,Pleno dia,Decrescente,Nublado,Simples,Curva,Não,0.0,0.0,2.0,2.0,0.0,0.0,1.0,2.0,SPRF-ES,DEL01-ES,UOP01-DEL01-ES,0,moderado
2025-07-20,03:20,2025-07-20 03:20:00,2025.0,7.0,domingo,3.0,madrugada,ES,CONCEICAO DA BARRA,False,101.0,BR-101,46.9,-18.57059561,-39.89702225,Ausência de reação do condutor,Colisão frontal,Com Vítimas Fatais,Amanhecer,Crescente,Céu Claro,Simples,Reta,Não,1.0,0.0,0.0,0.0,1.0,3.0,5.0,3.0,SPRF-ES,DEL04-ES,UOP02-DEL04-ES,1,fatal
2025-07-15,05:00,2025-07-15 05:00:00,2025.0,7.0,terca,5.0,madrugada,ES,IBATIBA,False,262.0,BR-262,183.0,-20.29248927,-41.66445291,Ausência de reação do condutor,Colisão com objeto,Com Vítimas Feridas,Amanhecer,Decrescente,Céu Claro,Simples,Reta,Não,0.0,0.0,1.0,1.0,0.0,1.0,2.0,2.0,SPRF-ES,DEL01-ES,UOP02-DEL01-ES,0,moderado
2025-09-16,18:50,2025-09-16 18:50:00,2025.0,9.0,terca,18.0,noite,ES,CARIACICA,True,101.0,BR-101,288.0,-20.27330493,-40.39187908,Acessar a via sem observar a presença dos outros veículos,Colisão transversal,Com Vítimas Feridas,Plena Noite,Crescente,Céu Claro,Dupla,Interseção de Vias,Sim,0.0,1.0,0.0,1.0,1.0,1.0,3.0,3.0,SPRF-ES,DEL01-ES,UOP01-DEL01-ES,1,grave
2025-09-17,10:00,2025-09-17 10:00:00,2025.0,9.0,quarta,10.0,manha,ES,FUNDAO,True,101.0,BR-101,229.8,-19.9349553,-40.4055385,Conversão proibida,Colisão transversal,Com Vítimas Feridas,Pleno dia,Crescente,Sol,Simples,Reta,Sim,0.0,1.0,1.0,2.0,1.0,2.0,4.0,4.0,SPRF-ES,DEL02-ES,UOP01-DEL02-ES,1,grave
2025-09-18,06:00,2025-09-18 06:00:00,2025.0,9.0,quinta,6.0,manha,ES,IBATIBA,False,262.0,BR-262,155.0,-20.2280532,-41.4723587,Ausência de reação do condutor,Colisão lateral sentido oposto,Com Vítimas Feridas,Pleno dia,Decrescente,Nublado,Dupla,Reta,Não,0.0,1.0,0.0,1.0,3.0,1.0,4.0,5.0,SPRF-ES,DEL01-ES,UOP02-DEL01-ES,1,grave