data,hora,data_hora,ano,mes,dia_semana,hora_dia,periodo_dia,uf,municipio,regiao_grande_vitoria,rodovia,rodovia_label,km,latitude,longitude,causa,tipo_acidente,classificacao,fase_dia,sentido_via,condicao_metereologica,tipo_pista,tracado_via,uso_solo,mortos,feridos_graves,feridos_leves,feridos,ilesos,ignorados,veiculos,pessoas,regional,delegacia,uop,risco_alto,nivel_risco
2025-11-22,17:50,2025-11-22 17:50:00,2025.0,11.0,sabado,17.0,tarde,ES,CONCEICAO DO CASTELO,False,262.0,BR-262,116.0,-20.313868,-41.238448,Reação tardia ou ineficiente do condutor,Colisão lateral sentido oposto,Sem Vítimas,Anoitecer,Decrescente,Céu Claro,Simples,Curva,Não,0.0,0.0,0.0,0.0,1.0,2.0,3.0,3.0,SPRF-ES,DEL01-ES,UOP02-DEL01-ES,0,baixo
2025-11-24,21:00,2025-11-24 21:00:00,2025.0,11.0,segunda,21.0,noite,ES,SOORETAMA,False,101.0,BR-101,107.0,-19.05531805,-40.03156034,Carga excessiva e/ou mal acondicionada,Tombamento,Com Vítimas Feridas,Plena Noite,Crescente,Garoa/Chuvisco,Simples,Reta;Aclive,Não,0.0,0.0,1.0,1.0,0.0,1.0,2.0,2.0,SPRF-ES,DEL04-ES,UOP01-DEL04-ES,0,moderado
2025-11-24,23:10,2025-11-24 23:10:00,2025.0,11.0,segunda,23.0,noite,ES,SAO MATEUS,False,101.0,BR-101,65.2,-18.7139114,-39.8782659,Ausência de reação do condutor,Colisão traseira,Com Vítimas Feridas,Plena Noite,Decrescente,Chuva,Simples,Reta,Sim,0.0,0.0,1.0,1.0,1.0,2.0,4.0,3.0,SPRF-ES,DEL04-ES,UOP02-DEL04-ES,0,moderado
2025-11-25,12:04,2025-11-25 12:04:00,2025.0,11.0,terca,12.0,tarde,ES,CARIACICA,True,101.0,BR-101,296.0,-20.340795,-40.40415,Entrada inopinada do pedestre,Colisão transversal,Com Vítimas Feridas,Pleno dia,Decrescente,Céu Claro,Dupla,Reta,Sim,0.0,1.0,0.0,1.0,1.0,1.0,3.0,3.0,SPRF-ES,DEL01-ES,UOP01-DEL01-ES,1,grave
2025-10-29,16:00,2025-10-29 16:00:00,2025.0,10.0,quarta,16.0,tarde,ES,DOMINGOS MARTINS,False,262.0,BR-262,33.0,-20.3727536,-40.5602744,Transitar na contramão,Colisão lateral sentido oposto,Com Vítimas Feridas,Pleno dia,Crescente,Ignorado,Simples,Curva,Não,0.0,0.0,1.0,1.0,0.0,1.0,2.0,2.0,SPRF-ES,DEL01-ES,UOP01-DEL01-ES,0,moderado
2025-11-25,20:50,2025-11-25 20:50:00,2025.0,11.0,terca,20.0,noite,ES,SAO MATEUS,False,101.0,BR-101,68.5,-18.73670022,-39.86082165,Ingestão de álcool pelo condutor,Colisão frontal,Sem Vítimas,Plena Noite,Crescente,Chuva,Simples,Reta;Aclive,Sim,0.0,0.0,0.0,0.0,2.0,0.0,2.0,2.0,SPRF-ES,DEL04-ES,UOP02-DEL04-ES,0,baixo
2025-11-26,05:33,2025-11-26 05:33:00,2025.0,11.0,quarta,5.0,madrugada,ES,ANCHIETA,False,101.0,BR-101,350.0,-20.6600383,-40.64919,Avarias e/ou desgaste excessivo no pneu,Tombamento,Com Vítimas Feridas,Amanhecer,Crescente,Céu Claro,Dupla,Reta,Não,0.0,0.0,1.0,1.0,1.0,0.0,1.0,2.0,SPRF-ES,DEL03-ES,UOP01-DEL03-ES,0,moderado
2025-11-26,18:30,2025-11-26 18:30:00,2025.0,11.0,quarta,18.0,noite,ES,ATILIO VIVACQUA,False,101.0,BR-101,431.0,-21.02721,-41.17779,Ultrapassagem Indevida,Colisão traseira,Sem Vítimas,Plena Noite,Crescente,Céu Claro,Simples,Reta,Não,0.0,0.0,0.0,0.0,2.0,3.0,5.0,4.0,SPRF-ES,DEL03-ES,UOP02-DEL03-ES,0,baixo
2025-11-27,03:10,2025-11-27 03:10:00,2025.0,11.0,quinta,3.0,madrugada,ES,ICONHA,False,101.0,BR-101,379.9,-20.80616779,-40.83191156,Velocidade Incompatível,Tombamento,Com Vítimas Feridas,Plena Noite,Decrescente,Nublado,Simples,Curva;Aclive;Ponte,Não,0.0,0.0,1.0,1.0,0.0,1.0,2.0,2.0,SPRF-ES,DEL03-ES,UOP01-DEL03-ES,0,moderado
2025-11-27,06:25,2025-11-27 06:25:00,2025.0,11.0,quinta,6.0,manha,ES,ICONHA,False,101.0,BR-101,3.7,-20.8095175,-40.80182791,Reação tardia ou ineficiente do condutor,Colisão lateral mesmo sentido,Com Vítimas Feridas,Pleno dia,Crescente,Nublado,Dupla,Curva,Não,0.0,0.0,1.0,1.0,4.0,7.0,12.0,6.0,SPRF-ES,DEL03-ES,UOP02-DEL03-ES,0,moderado
2025-11-27,15:35,2025-11-27 15:35:00,2025.0,11.0,quinta,15.0,tarde,ES,ICONHA,False,101.0,BR-101,5.0,-20.802307,-40.820183,Ausência de reação do condutor,Colisão traseira,Com Vítimas Feridas,Pleno dia,Crescente,Nublado,Dupla,Curva;Aclive,Não,0.0,0.0,1.0,1.0,0.0,2.0,3.0,3.0,SPRF-ES,DEL03-ES,UOP02-DEL03-ES,0,moderado
2025-11-27,18:45,2025-11-27 18:45:00,2025.0,11.0,quinta,18.0,noite,ES,SAO MATEUS,False,101.0,BR-101,87.2,-18.87525154,-39.9450752,Acessar a via sem observar a presença dos outros veículos,Colisão transversal,Com Vítimas Feridas,Plena Noite,Decrescente,Céu Claro,Simples,Retorno Regulamentado,Não,0.0,0.0,1.0,1.0,1.0,2.0,4.0,3.0,SPRF-ES,DEL04-ES,UOP02-DEL04-ES,0,moderado
2025-11-29,02:35,2025-11-29 02:35:00,2025.0,11.0,sabado,2.0,madrugada,ES,COLATINA,False,259.0,BR-259,38.3,-19.56368925,-40.49945574,Reação tardia ou ineficiente do condutor,Colisão traseira,Com Vítimas Feridas,Plena Noite,Crescente,Céu Claro,Simples,Reta,Não,0.0,0.0,1.0,1.0,0.0,1.0,2.0,2.0,SPRF-ES,DEL02-ES,UOP01-DEL02-ES,0,moderado
2025-11-29,07:30,2025-11-29 07:30:00,2025.0,11.0,sabado,7.0,manha,ES,ANCHIETA,False,101.0,BR-101,350.0,-20.6596807,-40.64847197,Velocidade Incompatível,Saída de leito carroçável,Com Vítimas Fatais,Pleno dia,Crescente,Céu Claro,Múltipla,Reta,Não,1.0,0.0,0.0,0.0,0.0,2.0,3.0,3.0,SPRF-ES,DEL03-ES,UOP01-DEL03-ES,1,fatal
2025-10-31,21:30,2025-10-31 21:30:00,2025.0,10.0,sexta,21.0,noite,ES,PEDRO CANARIO,False,101.0,BR-101,2.0,-18.193239,-39.92292,Acesso irregular,Colisão transversal,Com Vítimas Feridas,Plena Noite,Crescente,Céu Claro,Simples,Declive,Não,0.0,1.0,0.0,1.0,1.0,2.0,4.0,3.0,SPRF-ES,DEL04-ES,UOP02-DEL04-ES,1,grave
2025-12-01,03:50,2025-12-01 03:50:00,2025.0,12.0,segunda,3.0,madrugada,ES,SERRA,True,101.0,BR-101,270.5,-20.22970333,-40.2726,Condutor desrespeitou a iluminação vermelha do semáforo,Colisão transversal,Com Vítimas Feridas,Amanhecer,Decrescente,Céu Claro,Múltipla,Reta,Sim,0.0,0.0,3.0,3.0,0.0,1.0,3.0,4.0,SPRF-ES,DEL02-ES,UOP01-DEL02-ES,0,moderado
2025-12-01,06:00,2025-12-01 06:00:00,2025.0,12.0,segunda,6.0,manha,ES,ARACRUZ,False,101.0,BR-101,188.0,-19.676311,-40.264986,Velocidade Incompatível,Saída de leito carroçável,Com Vítimas Feridas,Pleno dia,Decrescente,Céu Claro,Simples,Reta;Declive,Não,0.0,1.0,0.0,1.0,0.0,1.0,2.0,2.0,SPRF-ES,DEL04-ES,UOP01-DEL04-ES,1,grave
2025-12-01,06:25,2025-12-01 06:25:00,2025.0,12.0,segunda,6.0,manha,ES,COLATINA,False,259.0,BR-259,35.0,-19.554195,-40.496105,Ausência de reação do condutor,Tombamento,Com Vítimas Fatais,Amanhecer,Crescente,Sol,Simples,Curva,Não,1.0,0.0,0.0,0.0,0.0,1.0,2.0,2.0,SPRF-ES,DEL02-ES,UOP01-DEL02-ES,1,fatal
2025-12-01,07:30,2025-12-01 07:30:00,2025.0,12.0,segunda,7.0,manha,ES,ATILIO VIVACQUA,False,101.0,BR-101,431.9,-21.0306909,-41.1798055,Ultrapassagem Indevida,Colisão com objeto,Com Vítimas Feridas,Pleno dia,Crescente,Céu Claro,Simples,Reta,Não,0.0,1.0,0.0,1.0,1.0,0.0,1.0,2.0,SPRF-ES,DEL03-ES,UOP02-DEL03-ES,1,grave
2025-12-01,09:19,2025-12-01 09:19:00,2025.0,12.0,segunda,9.0,manha,ES,SERRA,True,101.0,BR-101,11.0,-20.15203898,-40.34684926,Ausência de reação do condutor,Colisão traseira,Com Vítimas Feridas,Pleno dia,Crescente,Céu Claro,Dupla,Reta,Não,0.0,0.0,2.0,2.0,3.0,0.0,3.0,5.0,SPRF-ES,DEL02-ES,UOP01-DEL02-ES,0,moderado
2025-09-09,13:20,2025-09-09 13:20:00,2025.0,9.0,terca,13.0,tarde,ES,COLATINA,False,259.0,BR-259,45.0,-19.5257504,-40.5892541,Reação tardia ou ineficiente do condutor,Colisão lateral sentido oposto,Com Vítimas Feridas,Pleno dia,Crescente,Céu Claro,Simples,Declive;Curva,Não,0.0,1.0,0.0,1.0,1.0,0.0,2.0,2.0,SPRF-ES,DEL02-ES,UOP01-DEL02-ES,1,grave
2025-12-03,23:10,2025-12-03 23:10:00,2025.0,12.0,quarta,23.0,noite,ES,VIANA,True,101.0,BR-101,303.3,-20.3777702,-40.44848442,Estacionar ou parar em local proibido,Colisão traseira,Com Vítimas Feridas,Plena Noite,Crescente,Chuva,Dupla,Reta,Sim,0.0,0.0,1.0,1.0,1.0,1.0,3.0,3.0,SPRF-ES,DEL01-ES,UOP01-DEL01-ES,0,moderado
2025-08-31,00:17,2025-08-31 00:17:00,2025.0,8.0,domingo,0.0,madrugada,ES,MIMOSO DO SUL,False,101.0,BR-101,438.7,-21.16747341,-41.2875193,Acessar a via sem observar a presença dos outros veículos,Colisão transversal,Com Vítimas Feridas,Plena Noite,Decrescente,Chuva,Simples,Curva,Não,0.0,0.0,1.0,1.0,1.0,0.0,2.0,2.0,SPRF-ES,DEL03-ES,UOP02-DEL03-ES,0,moderado
2025-12-05,10:15,2025-12-05 10:15:00,2025.0,12.0,sexta,10.0,manha,ES,SAO MATEUS,False,101.0,BR-101,67.0,-18.71958138,-39.86735551,Condutor deixou de manter distância do veículo da frente,Colisão traseira,Com Vítimas Feridas,Pleno dia,Decrescente,Nublado,Múltipla,Reta,Sim,0.0,1.0,0.0,1.0,0.0,1.0,2.0,2.0,SPRF-ES,DEL04-ES,UOP02-DEL04-ES,1,grave
2025-12-05,21:30,2025-12-05 21:30:00,2025.0,12.0,sexta,21.0,noite,ES,IBIRACU,False,101.0,BR-101,208.3,-19.78626969,-40.37100077,Reação tardia ou ineficiente do condutor,Colisão traseira,Com Vítimas Fatais,Plena Noite,Decrescente,Nublado,Simples,Reta,Não,1.0,0.0,0.0,0.0,1.0,1.0,3.0,3.0,SPRF-ES,DEL02-ES,UOP01-DEL02-ES,1,fatal
2025-12-06,18:45,2025-12-06 18:45:00,2025.0,12.0,sabado,18.0,noite,ES,SERRA,True,101.0,BR-101,243.0,-20.04814033,-40.38682955,Acessar a via sem observar a presença dos outros veículos,Colisão transversal,Com Vítimas Feridas,Plena Noite,Decrescente,Nublado,Simples,Reta;Em Obras,Não,0.0,0.0,1.0,1.0,1.0,0.0,2.0,2.0,SPRF-ES,DEL02-ES,UOP01-DEL02-ES,0,moderado
2025-12-06,23:00,2025-12-06 23:00:00,2025.0,12.0,sabado,23.0,noite,ES,LINHARES,False,101.0,BR-101,144.1,-19.3560059,-40.0640973,Velocidade Incompatível,Colisão traseira,Com Vítimas Feridas,Plena Noite,Crescente,Garoa/Chuvisco,Múltipla,Reta;Declive,Sim,0.0,1.0,0.0,1.0,1.0,1.0,3.0,3.0,SPRF-ES,DEL04-ES,UOP01-DEL04-ES,1,grave
2025-12-07,09:50,2025-12-07 09:50:00,2025.0,12.0,domingo,9.0,manha,ES,ITAPEMIRIM,False,101.0,BR-101,424.0,-20.95338051,-41.09117255,Ingestão de álcool pelo condutor,Colisão transversal,Com Vítimas Feridas,Pleno dia,Crescente,Céu Claro,Simples,Reta;Ponte,Não,0.0,1.0,0.0,1.0,1.0,0.0,2.0,2.0,SPRF-ES,DEL03-ES,UOP02-DEL03-ES,1,grave
2025-12-07,13:40,2025-12-07 13:40:00,2025.0,12.0,domingo,13.0,tarde,ES,ICONHA,False,101.0,BR-101,2.0,-20.795919,-40.789608,Velocidade Incompatível,Tombamento,Com Vítimas Feridas,Pleno dia,Crescente,Sol,Simples,Curva,Não,0.0,1.0,0.0,1.0,0.0,1.0,2.0,2.0,SPRF-ES,DEL03-ES,UOP02-DEL03-ES,1,grave
2025-12-07,21:40,2025-12-07 21:40:00,2025.0,12.0,domingo,21.0,noite,ES,SAO MATEUS,False,101.0,BR-101,54.6,-18.63471241,-39.87768173,Transitar na contramão,Colisão lateral sentido oposto,Com Vítimas Feridas,Plena Noite,Crescente,Nublado,Simples,Reta;Declive,Não,0.0,1.0,0.0,1.0,1.0,1.0,3.0,3.0,SPRF-ES,DEL04-ES,UOP02-DEL04-ES,1,grave
2025-12-08,00:15,2025-12-08 00:15:00,2025.0,12.0,segunda,0.0,madrugada,ES,MARECHAL FLORIANO,False,262.0,BR-262,65.4,-20.41458284,-40.82562775,Transitar na contramão,Colisão frontal,Com Vítimas Fatais,Pleno dia,Crescente,Nublado,Simples,Curva,Não,1.0,0.0,1.0,1.0,0.0,0.0,2.0,2.0,SPRF-ES,DEL01-ES,UOP02-DEL01-ES,1,fatal
2025-12-10,16:49,2025-12-10 16:49:00,2025.0,12.0,quarta,16.0,tarde,ES,ARACRUZ,False,101.0,BR-101,192.9,-19.6976989,-40.3027,Ultrapassagem Indevida,Colisão lateral mesmo sentido,Com Vítimas Feridas,Pleno dia,Crescente,Nublado,Simples,Aclive;Reta,Não,0.0,0.0,2.0,2.0,1.0,1.0,3.0,4.0,SPRF-ES,DEL04-ES,UOP01-DEL04-ES,0,moderado
2025-11-18,05:19,2025-11-18 05:19:00,2025.0,11.0,terca,5.0,madrugada,ES,ANCHIETA,False,101.0,BR-101,350.0,-20.66582851,-40.6559093,Velocidade Incompatível,Saída de leito carroçável,Com Vítimas Feridas,Amanhecer,Decrescente,Céu Claro,Dupla,Curva,Não,0.0,0.0,1.0,1.0,0.0,0.0,1.0,1.0,SPRF-ES,DEL03-ES,UOP01-DEL03-ES,0,moderado
2025-12-11,16:20,2025-12-11 16:20:00,2025.0,12.0,quinta,16.0,tarde,ES,SERRA,True,101.0,BR-101,276.2,-20.20920745,-40.31581074,Acessar a via sem observar a presença dos outros veículos,Colisão transversal,Com Vítimas Feridas,Pleno dia,Crescente,Sol,Dupla,Retorno Regulamentado,Não,0.0,0.0,1.0,1.0,1.0,0.0,2.0,2.0,SPRF-ES,DEL02-ES,UOP01-DEL02-ES,0,moderado
2025-12-11,13:10,2025-12-11 13:10:00,2025.0,12.0,quinta,13.0,tarde,ES,DOMINGOS MARTINS,False,262.0,BR-262,73.1,-20.4102246,-40.8875398,Carga excessiva e/ou mal acondicionada,Tombamento,Com Vítimas Feridas,Pleno dia,Crescente,Sol,Simples,Curva,Não,0.0,0.0,1.0,1.0,0.0,1.0,2.0,2.0,SPRF-ES,DEL01-ES,UOP02-DEL01-ES,0,moderado
2025-12-11,22:30,2025-12-11 22:30:00,2025.0,12.0,quinta,22.0,noite,ES,LINHARES,False,101.0,BR-101,148.7,-19.39407,-40.065524,Reação tardia ou ineficiente do condutor,Tombamento,Com Vítimas Feridas,Plena Noite,Decrescente,Céu Claro,Dupla,Reta,Sim,0.0,0.0,1.0,1.0,1.0,0.0,2.0,2.0,SPRF-ES,DEL04-ES,UOP01-DEL04-ES,0,moderado
2025-12-12,05:50,2025-12-12 05:50:00,2025.0,12.0,sexta,5.0,madrugada,ES,VILA VELHA,True,101.0,BR-101,315.0,-20.476867,-40.470719,Reação tardia ou ineficiente do condutor,Tombamento,Com Vítimas Feridas,Amanhecer,Crescente,Nublado,Dupla,Aclive;Curva,Não,0.0,0.0,2.0,2.0,0.0,0.0,1.0,2.0,SPRF-ES,DEL01-ES,UOP01-DEL01-ES,0,moderado
2025-12-13,14:20,2025-12-13 14:20:00,2025.0,12.0,sabado,14.0,tarde,ES,ATILIO VIVACQUA,False,101.0,BR-101,433.5,-21.04699314,-41.18531455,Reação tardia ou ineficiente do condutor,Colisão lateral sentido oposto,Com Vítimas Feridas,Pleno dia,Decrescente,Chuva,Simples,Aclive;Curva,Não,0.0,0.0,3.0,3.0,1.0,1.0,3.0,5.0,SPRF-ES,DEL03-ES,UOP02-DEL03-ES,0,moderado
2025-12-13,17:10,2025-12-13 17:10:00,2025.0,12.0,sabado,17.0,tarde,ES,PEDRO CANARIO,False,101.0,BR-101,6.1,-18.21981907,-39.94482717,Transitar na contramão,Colisão lateral sentido oposto,Com Vítimas Feridas,Pleno dia,Crescente,Céu Claro,Simples,Declive;Curva,Não,0.0,0.0,2.0,2.0,1.0,1.0,3.0,4.0,SPRF-ES,DEL04-ES,UOP02-DEL04-ES,0,moderado
2025-12-15,01:30,2025-12-15 01:30:00,2025.0,12.0,segunda,1.0,madrugada,ES,COLATINA,False,259.0,BR-259,50.0,-19.506574,-40.609384,Condutor deixou de manter distância do veículo da frente,Colisão traseira,Com Vítimas Feridas,Anoitecer,Crescente,Céu Claro,Simples,Reta,Não,0.0,0.0,1.0,1.0,0.0,1.0,2.0,2.0,SPRF-ES,DEL02-ES,UOP01-DEL02-ES,0,moderado
2025-12-15,05:00,2025-12-15 05:00:00,2025.0,12.0,segunda,5.0,madrugada,ES,VILA VELHA,True,101.0,BR-101,315.9,-20.47830914,-40.47069426,Velocidade Incompatível,Tombamento,Com Vítimas Fatais,Amanhecer,Decrescente,Céu Claro,Múltipla,Curva;Declive,Não,1.0,0.0,0.0,0.0,0.0,0.0,1.0,1.0,SPRF-ES,DEL01-ES,UOP01-DEL01-ES,1,fatal
2025-12-15,07:00,2025-12-15 07:00:00,2025.0,12.0,segunda,7.0,manha,ES,RIO NOVO DO SUL,False,101.0,BR-101,393.0,-20.8658748,-40.9272727,Condutor Dormindo,Tombamento,Com Vítimas Feridas,Pleno dia,Crescente,Sol,Simples,Curva,Não,0.0,0.0,1.0,1.0,0.0,0.0,1.0,1.0,SPRF-ES,DEL03-ES,UOP02-DEL03-ES,0,moderado
2025-12-15,11:25,2025-12-15 11:25:00,2025.0,12.0,segunda,11.0,manha,ES,LINHARES,False,101.0,BR-101,148.7,-19.39469534,-40.06529331,Pedestre andava na pista,Atropelamento de Pedestre,Com Vítimas Feridas,Pleno dia,Crescente,Céu Claro,Simples,Interseção de Vias;Reta,Sim,0.0,1.0,0.0,1.0,1.0,0.0,2.0,2.0,SPRF-ES,DEL04-ES,UOP01-DEL04-ES,1,grave
2025-12-17,10:00,2025-12-17 10:00:00,2025.0,12.0,quarta,10.0,manha,ES,SERRA,True,101.0,BR-101,263.0,-20.17821939,-40.26548863,Reação tardia ou ineficiente do condutor,Colisão traseira,Com Vítimas Feridas,Pleno dia,Crescente,Céu Claro,Dupla,Reta,Sim,0.0,0.0,1.0,1.0,2.0,0.0,2.0,3.0,SPRF-ES,DEL02-ES,UOP01-DEL02-ES,0,moderado
2025-12-17,23:00,2025-12-17 23:00:00,2025.0,12.0,quarta,23.0,noite,ES,IBIRACU,False,101.0,BR-101,223.0,-19.86378577,-40.3916198,Ausência de reação do condutor,Tombamento,Com Vítimas Feridas,Plena Noite,Decrescente,Céu Claro,Simples,Curva;Declive,Não,0.0,0.0,1.0,1.0,0.0,1.0,2.0,2.0,SPRF-ES,DEL02-ES,UOP01-DEL02-ES,0,moderado
2025-12-18,08:30,2025-12-18 08:30:00,2025.0,12.0,quinta,8.0,manha,ES,VIANA,True,262.0,BR-262,25.9,-20.3800904,-40.54263067,Demais falhas mecânicas ou elétricas,Incêndio,Sem Vítimas,Pleno dia,Crescente,Céu Claro,Simples,Reta,Não,0.0,0.0,0.0,0.0,1.0,0.0,1.0,1.0,SPRF-ES,DEL01-ES,UOP01-DEL01-ES,0,baixo
2025-12-18,09:30,2025-12-18 09:30:00,2025.0,12.0,quinta,9.0,manha,ES,SERRA,True,101.0,BR-101,270.0,-20.04885,-40.3866983,Manobra de mudança de faixa,Colisão lateral mesmo sentido,Com Vítimas Feridas,Pleno dia,Decrescente,Sol,Múltipla,Reta,Sim,0.0,0.0,1.0,1.0,2.0,1.0,4.0,4.0,SPRF-ES,DEL02-ES,UOP01-DEL02-ES,0,moderado
2025-12-16,19:20,2025-12-16 19:20:00,2025.0,12.0,terca,19.0,noite,ES,SERRA,True,101.0,BR-101,266.0,-20.19588751,-40.26885308,Manobra de mudança de faixa,Colisão lateral mesmo sentido,Sem Vítimas,Pleno dia,Crescente,Céu Claro,Múltipla,Interseção de Vias;Reta,Não,0.0,0.0,0.0,0.0,4.0,2.0,4.0,5.0,SPRF-ES,DEL02-ES,UOP01-DEL02-ES,0,baixo
2025-12-19,09:20,2025-12-19 09:20:00,2025.0,12.0,sexta,9.0,manha,ES,LINHARES,False,101.0,BR-101,112.0,-19.06624756,-40.03673047,Carga excessiva e/ou mal acondicionada,Derramamento de carga,Com Vítimas Feridas,Pleno dia,Decrescente,Céu Claro,Simples,Reta,Não,0.0,0.0,1.0,1.0,1.0,0.0,2.0,2.0,SPRF-ES,DEL04-ES,UOP01-DEL04-ES,0,moderado
2025-12-19,14:20,2025-12-19 14:20:00,2025.0,12.0,sexta,14.0,tarde,ES,COLATINA,False,259.0,BR-259,34.0,-19.56935363,-40.50385594,Ausência de reação do condutor,Colisão traseira,Com Vítimas Feridas,Pleno dia,Crescente,Nublado,Simples,Curva,Não,0.0,2.0,0.0,2.0,2.0,0.0,3.0,4.0,SPRF-ES,DEL02-ES,UOP01-DEL02-ES,1,grave
2025-12-20,03:15,2025-12-20 03:15:00,2025.0,12.0,sabado,3.0,madrugada,ES,IBATIBA,False,262.0,BR-262,151.0,-20.21502206,-41.44939988,Problema com o freio,Colisão com objeto,Sem Vítimas,Plena Noite,Crescente,Céu Claro,Simples,Curva,Não,0.0,0.0,0.0,0.0,1.0,0.0,1.0,1.0,SPRF-ES,DEL01-ES,UOP02-DEL01-ES,0,baixo
2025-12-22,04:20,2025-12-22 04:20:00,2025.0,12.0,segunda,4.0,madrugada,ES,CARIACICA,True,101.0,BR-101,296.0,-20.34241663,-40.4053645,Acesso irregular,Colisão frontal,Com Vítimas Fatais,Plena Noite,Crescente,Céu Claro,Múltipla,Reta,Sim,1.0,0.0,0.0,0.0,1.0,2.0,4.0,4.0,SPRF-ES,DEL01-ES,UOP01-DEL01-ES,1,fatal
2025-12-22,05:30,2025-12-22 05:30:00,2025.0,12.0,segunda,5.0,madrugada,ES,RIO NOVO DO SUL,False,101.0,BR-101,385.9,-20.841671,-40.872402,Velocidade Incompatível,Derramamento de carga,Com Vítimas Fatais,Amanhecer,Crescente,Nublado,Simples,Curva,Não,1.0,2.0,0.0,2.0,3.0,2.0,5.0,7.0,SPRF-ES,DEL03-ES,UOP01-DEL03-ES,1,fatal
2025-12-22,11:30,2025-12-22 11:30:00,2025.0,12.0,segunda,11.0,manha,ES,IBIRACU,False,101.0,BR-101,205.0,-19.77308452,-40.37149429,Reação tardia ou ineficiente do condutor,Colisão frontal,Com Vítimas Feridas,Pleno dia,Crescente,Chuva,Simples,Curva,Não,0.0,0.0,1.0,1.0,4.0,1.0,3.0,6.0,SPRF-ES,DEL02-ES,UOP01-DEL02-ES,0,moderado
2025-12-22,13:50,2025-12-22 13:50:00,2025.0,12.0,segunda,13.0,tarde,ES,CARIACICA,True,101.0,BR-101,288.5,-20.27532121,-40.39228678,Velocidade Incompatível,Colisão com objeto,Com Vítimas Feridas,Pleno dia,Decrescente,Céu Claro,Dupla,Curva,Sim,0.0,3.0,0.0,3.0,1.0,1.0,3.0,5.0,SPRF-ES,DEL01-ES,UOP01-DEL01-ES,1,grave
2025-12-23,07:30,2025-12-23 07:30:00,2025.0,12.0,terca,7.0,manha,ES,CONCEICAO DA BARRA,False,101.0,BR-101,30.1,-18.42063121,-39.93451953,Condutor deixou de manter distância do veículo da frente,Engavetamento,Com Vítimas Feridas,Pleno dia,Crescente,Sol,Simples,Reta;Aclive,Não,0.0,1.0,1.0,2.0,3.0,3.0,7.0,6.0,SPRF-ES,DEL04-ES,UOP02-DEL04-ES,1,grave
2025-12-23,14:30,2025-12-23 14:30:00,2025.0,12.0,terca,14.0,tarde,ES,VIANA,True,101.0,BR-101,310.0,-20.426109,-40.460255,Condutor deixou de manter distância do veículo da frente,Colisão traseira,Com Vítimas Feridas,Pleno dia,Decrescente,Sol,Dupla,Aclive;Curva,Não,0.0,0.0,2.0,2.0,1.0,1.0,3.0,4.0,SPRF-ES,DEL01-ES,UOP01-DEL01-ES,0,moderado
2025-12-23,16:40,2025-12-23 16:40:00,2025.0,12.0,terca,16.0,tarde,ES,LINHARES,False,101.0,BR-101,105.0,-19.021784,-40.015211,Condutor Dormindo,Colisão lateral mesmo sentido,Com Vítimas Feridas,Pleno dia,Crescente,Céu Claro,Simples,Reta,Não,0.0,0.0,2.0,2.0,0.0,1.0,2.0,3.0,SPRF-ES,DEL04-ES,UOP01-DEL04-ES,0,moderado
2025-12-23,19:10,2025-12-23 19:10:00,2025.0,12.0,terca,19.0,noite,ES,PEDRO CANARIO,False,101.0,BR-101,9.0,-18.21039238,-39.94172797,Demais falhas mecânicas ou elétricas,Incêndio,Sem Vítimas,Plena Noite,Crescente,Céu Claro,Simples,Reta,Não,0.0,0.0,0.0,0.0,1.0,0.0,1.0,1.0,SPRF-ES,DEL04-ES,UOP02-DEL04-ES,0,baixo
2025-12-24,19:00,2025-12-24 19:00:00,2025.0,12.0,quarta,19.0,noite,ES,ANCHIETA,False,101.0,BR-101,362.9,-20.7113094,-40.7226689,Ausência de reação do condutor,Colisão frontal,Com Vítimas Feridas,Plena Noite,Crescente,Céu Claro,Simples,Reta,Não,0.0,1.0,0.0,1.0,1.0,1.0,3.0,3.0,SPRF-ES,DEL03-ES,UOP01-DEL03-ES,1,grave
2025-12-26,15:27,2025-12-26 15:27:00,2025.0,12.0,sexta,15.0,tarde,ES,ANCHIETA,False,101.0,BR-101,359.9,-20.7100952,-40.72080124,Ultrapassagem Indevida,Saída de leito carroçável,Com Vítimas Feridas,Pleno dia,Decrescente,Céu Claro,Simples,Curva;Interseção de Vias,Não,0.0,0.0,2.0,2.0,0.0,0.0,1.0,2.0,SPRF-ES,DEL03-ES,UOP01-DEL03-ES,0,moderado
2025-12-30,04:00,2025-12-30 04:00:00,2025.0,12.0,terca,4.0,madrugada,ES,CARIACICA,True,101.0,BR-101,296.0,-20.3420281,-40.40477514,Velocidade Incompatível,Tombamento,Com Vítimas Feridas,Plena Noite,Decrescente,Céu Claro,Múltipla,Curva,Sim,0.0,0.0,1.0,1.0,0.0,8.0,9.0,2.0,SPRF-ES,DEL01-ES,UOP01-DEL01-ES,0,moderado