data,hora,data_hora,ano,mes,dia_semana,hora_dia,periodo_dia,uf,municipio,regiao_grande_vitoria,rodovia,rodovia_label,km,latitude,longitude,causa,tipo_acidente,classificacao,fase_dia,sentido_via,condicao_metereologica,tipo_pista,tracado_via,uso_solo,mortos,feridos_graves,feridos_leves,feridos,ilesos,ignorados,veiculos,pessoas,regional,delegacia,uop,risco_alto,nivel_risco
2025-12-30,15:55,2025-12-30 15:55:00,2025.0,12.0,terca,15.0,tarde,ES,JOAO NEIVA,False,259.0,BR-259,9.0,-19.66858288,-40.40294056,Ausência de reação do condutor,Saída de leito carroçável,Com Vítimas Feridas,Pleno dia,Crescente,Sol,Simples,Reta,Não,0.0,0.0,1.0,1.0,0.0,0.0,1.0,1.0,SPRF-ES,DEL02-ES,UOP01-DEL02-ES,0,moderado
2025-12-30,15:50,2025-12-30 15:50:00,2025.0,12.0,terca,15.0,tarde,ES,SERRA,True,101.0,BR-101,272.5,-20.22334,-40.28807333,Condutor deixou de manter distância do veículo da frente,Colisão traseira,Com Vítimas Feridas,Pleno dia,Crescente,Sol,Dupla,Reta,Não,0.0,0.0,1.0,1.0,3.0,0.0,3.0,4.0,SPRF-ES,DEL02-ES,UOP01-DEL02-ES,0,moderado
2025-12-30,22:10,2025-12-30 22:10:00,2025.0,12.0,terca,22.0,noite,ES,LINHARES,False,101.0,BR-101,120.2,-19.14645111,-40.07635164,Ultrapassagem Indevida,Saída de leito carroçável,Com Vítimas Feridas,Plena Noite,Decrescente,Céu Claro,Simples,Reta;Declive,Não,0.0,0.0,1.0,1.0,4.0,1.0,4.0,6.0,SPRF-ES,DEL04-ES,UOP01-DEL04-ES,0,moderado
2025-12-31,16:20,2025-12-31 16:20:00,2025.0,12.0,quarta,16.0,tarde,ES,IBIRACU,False,101.0,BR-101,213.0,-19.820442,-40.368803,Transitar na contramão,Colisão frontal,Com Vítimas Feridas,Pleno dia,Crescente,Céu Claro,Simples,Reta,Sim,0.0,1.0,0.0,1.0,1.0,1.0,3.0,3.0,SPRF-ES,DEL02-ES,UOP01-DEL02-ES,1,grave
2025-12-24,00:05,2025-12-24 00:05:00,2025.0,12.0,quarta,0.0,madrugada,ES,SOORETAMA,False,101.0,BR-101,95.0,-19.19006711,-40.09455621,Velocidade Incompatível,Colisão traseira,Com Vítimas Fatais,Plena Noite,Decrescente,Nublado,Simples,Reta,Não,4.0,0.0,3.0,3.0,4.0,0.0,4.0,11.0,SPRF-ES,DEL04-ES,UOP02-DEL04-ES,1,fatal
2025-10-17,21:00,2025-10-17 21:00:00,2025.0,10.0,sexta,21.0,noite,ES,CONCEICAO DA BARRA,False,101.0,BR-101,35.4,-18.45926122,-39.93004058,Acessar a via sem observar a presença dos outros veículos,Colisão transversal,Com Vítimas Feridas,Plena Noite,Decrescente,Céu Claro,Simples,Interseção de Vias,Não,0.0,1.0,0.0,1.0,1.0,2.0,4.0,3.0,SPRF-ES,DEL04-ES,UOP02-DEL04-ES,1,grave
2025-02-08,12:00,2025-02-08 12:00:00,2025.0,2.0,sabado,12.0,tarde,ES,CARIACICA,True,101.0,BR-101,294.6,-20.32983151,-40.39897619,Condutor deixou de manter distância do veículo da frente,Colisão traseira,Com Vítimas Feridas,Pleno dia,Crescente,Sol,Múltipla,Viaduto;Declive;Reta,Sim,0.0,0.0,1.0,1.0,7.0,1.0,4.0,9.0,SPRF-ES,DEL01-ES,UOP01-DEL01-ES,0,moderado
2025-09-30,06:10,2025-09-30 06:10:00,2025.0,9.0,terca,6.0,manha,ES,CARIACICA,True,101.0,BR-101,283.0,-20.23463248,-40.36945009,Condutor deixou de manter distância do veículo da frente,Colisão traseira,Com Vítimas Feridas,Pleno dia,Crescente,Nublado,Dupla,Curva,Sim,0.0,1.0,1.0,2.0,2.0,1.0,5.0,5.0,SPRF-ES,DEL01-ES,UOP01-DEL01-ES,1,grave
2025-11-19,06:45,2025-11-19 06:45:00,2025.0,11.0,quarta,6.0,manha,ES,VIANA,True,101.0,BR-101,299.0,-20.35866585,-40.42450847,Condutor deixou de manter distância do veículo da frente,Colisão traseira,Com Vítimas Feridas,Pleno dia,Decrescente,Chuva,Múltipla,Curva,Sim,0.0,0.0,1.0,1.0,0.0,1.0,2.0,2.0,SPRF-ES,DEL01-ES,UOP01-DEL01-ES,0,moderado
2025-04-12,04:00,2025-04-12 04:00:00,2025.0,4.0,sabado,4.0,madrugada,ES,SAO MATEUS,False,101.0,BR-101,71.0,-18.760291,-39.863296,Reação tardia ou ineficiente do condutor,Colisão traseira,Com Vítimas Feridas,Amanhecer,Decrescente,Céu Claro,Simples,Reta,Não,0.0,1.0,0.0,1.0,3.0,1.0,3.0,5.0,SPRF-ES,DEL04-ES,UOP02-DEL04-ES,1,grave
2025-05-09,12:01,2025-05-09 12:01:00,2025.0,5.0,sexta,12.0,tarde,ES,SAO MATEUS,False,101.0,BR-101,66.0,-18.71803733,-39.87065999,Pedestre andava na pista,Atropelamento de Pedestre,Com Vítimas Feridas,Pleno dia,Decrescente,Céu Claro,Dupla,Reta,Sim,0.0,0.0,1.0,1.0,1.0,1.0,3.0,3.0,SPRF-ES,DEL04-ES,UOP02-DEL04-ES,0,moderado
2025-05-23,14:30,2025-05-23 14:30:00,2025.0,5.0,sexta,14.0,tarde,ES,MARECHAL FLORIANO,False,262.0,BR-262,42.0,-20.385432,-40.65275,Velocidade Incompatível,Colisão frontal,Com Vítimas Feridas,Pleno dia,Crescente,Chuva,Simples,Curva,Não,0.0,0.0,6.0,6.0,1.0,1.0,3.0,8.0,SPRF-ES,DEL01-ES,UOP01-DEL01-ES,0,moderado
2025-05-13,06:00,2025-05-13 06:00:00,2025.0,5.0,terca,6.0,manha,ES,CONCEICAO DA BARRA,False,101.0,BR-101,31.0,-18.49719163,-39.91916656,Acessar a via sem observar a presença dos outros veículos,Colisão transversal,Com Vítimas Feridas,Amanhecer,Crescente,Nublado,Simples,Reta,Não,0.0,1.0,0.0,1.0,2.0,1.0,3.0,4.0,SPRF-ES,DEL04-ES,UOP02-DEL04-ES,1,grave
2025-09-25,00:10,2025-09-25 00:10:00,2025.0,9.0,quinta,0.0,madrugada,ES,ITAPEMIRIM,False,101.0,BR-101,399.0,-20.880257,-40.96889,Transitar na contramão,Colisão lateral sentido oposto,Com Vítimas Feridas,Plena Noite,Decrescente,Chuva,Simples,Reta,Não,0.0,1.0,1.0,2.0,2.0,1.0,3.0,5.0,SPRF-ES,DEL03-ES,UOP02-DEL03-ES,1,grave
2025-12-22,11:10,2025-12-22 11:10:00,2025.0,12.0,segunda,11.0,manha,ES,DOMINGOS MARTINS,False,262.0,BR-262,84.0,-20.40438433,-40.97343731,Pista Escorregadia,Queda de ocupante de veículo,Com Vítimas Feridas,Pleno dia,Decrescente,Garoa/Chuvisco,Simples,Reta;Declive,Não,0.0,0.0,1.0,1.0,0.0,1.0,2.0,2.0,SPRF-ES,DEL01-ES,UOP02-DEL01-ES,0,moderado
2025-01-01,12:10,2025-01-01 12:10:00,2025.0,1.0,quarta,12.0,tarde,ES,IBATIBA,False,262.0,BR-262,155.0,-20.22651793,-41.47055672,Reação tardia ou ineficiente do condutor,Colisão com objeto,Com Vítimas Feridas,Pleno dia,Crescente,Nublado,Simples,Reta,Não,0.0,0.0,1.0,1.0,1.0,0.0,1.0,2.0,SPRF-ES,DEL01-ES,UOP02-DEL01-ES,0,moderado
2025-01-01,18:40,2025-01-01 18:40:00,2025.0,1.0,quarta,18.0,noite,ES,CARIACICA,True,101.0,BR-101,288.3,-20.2738116,-40.39210439,Demais falhas mecânicas ou elétricas,Colisão com objeto,Com Vítimas Feridas,Plena Noite,Crescente,Nublado,Dupla,Reta,Sim,0.0,0.0,1.0,1.0,0.0,0.0,1.0,1.0,SPRF-ES,DEL01-ES,UOP01-DEL01-ES,0,moderado
2025-01-01,20:30,2025-01-01 20:30:00,2025.0,1.0,quarta,20.0,noite,ES,CONCEICAO DO CASTELO,False,262.0,BR-262,124.6,-20.28654241,-41.25440952,Ingestão de álcool pelo condutor,Colisão lateral sentido oposto,Com Vítimas Feridas,Plena Noite,Crescente,Chuva,Simples,Curva,Não,0.0,0.0,2.0,2.0,2.0,0.0,3.0,4.0,SPRF-ES,DEL01-ES,UOP02-DEL01-ES,0,moderado
2025-01-02,06:54,2025-01-02 06:54:00,2025.0,1.0,quinta,6.0,manha,ES,SAO MATEUS,False,101.0,BR-101,51.4,-18.59458104,-39.88970815,Ausência de reação do condutor,Saída de leito carroçável,Com Vítimas Feridas,Pleno dia,Crescente,Céu Claro,Simples,Reta,Não,0.0,0.0,1.0,1.0,1.0,0.0,1.0,2.0,SPRF-ES,DEL04-ES,UOP02-DEL04-ES,0,moderado
2025-01-02,07:40,2025-01-02 07:40:00,2025.0,1.0,quinta,7.0,manha,ES,LINHARES,False,101.0,BR-101,163.0,-19.49806194,-40.13058524,Acessar a via sem observar a presença dos outros veículos,Colisão transversal,Com Vítimas Feridas,Pleno dia,Crescente,Nublado,Simples,Interseção de Vias,Não,0.0,0.0,1.0,1.0,1.0,0.0,2.0,2.0,SPRF-ES,DEL04-ES,UOP01-DEL04-ES,0,moderado
2025-01-02,17:51,2025-01-02 17:51:00,2025.0,1.0,quinta,17.0,tarde,ES,JOAO NEIVA,False,259.0,BR-259,8.0,-19.68073376,-40.39141693,Reação tardia ou ineficiente do condutor,Tombamento,Com Vítimas Feridas,Anoitecer,Decrescente,Chuva,Simples,Curva;Declive,Não,0.0,0.0,2.0,2.0,0.0,0.0,1.0,2.0,SPRF-ES,DEL02-ES,UOP01-DEL02-ES,0,moderado
2025-01-02,19:34,2025-01-02 19:34:00,2025.0,1.0,quinta,19.0,noite,ES,CONCEICAO DA BARRA,False,101.0,BR-101,24.8,-18.3592689,-39.95388073,Restrição de visibilidade em curvas verticais,Saída de leito carroçável,Com Vítimas Feridas,Plena Noite,Crescente,Nublado,Simples,Reta,Não,0.0,0.0,3.0,3.0,0.0,0.0,1.0,3.0,SPRF-ES,DEL04-ES,UOP02-DEL04-ES,0,moderado
2025-01-03,07:00,2025-01-03 07:00:00,2025.0,1.0,sexta,7.0,manha,ES,CARIACICA,True,101.0,BR-101,294.0,-20.32415948,-40.3952903,Reação tardia ou ineficiente do condutor,Colisão lateral mesmo sentido,Com Vítimas Feridas,Pleno dia,Crescente,Céu Claro,Múltipla,Reta,Sim,0.0,0.0,1.0,1.0,1.0,0.0,2.0,2.0,SPRF-ES,DEL01-ES,UOP01-DEL01-ES,0,moderado
2025-01-03,20:20,2025-01-03 20:20:00,2025.0,1.0,sexta,20.0,noite,ES,IBIRACU,False,101.0,BR-101,224.5,-19.89290688,-40.41230369,Chuva,Saída de leito carroçável,Com Vítimas Feridas,Plena Noite,Decrescente,Chuva,Simples,Reta,Não,0.0,0.0,2.0,2.0,0.0,0.0,1.0,2.0,SPRF-ES,DEL02-ES,UOP01-DEL02-ES,0,moderado
2025-01-04,18:15,2025-01-04 18:15:00,2025.0,1.0,sabado,18.0,noite,ES,RIO NOVO DO SUL,False,101.0,BR-101,391.9,-20.8657929,-40.89634385,Acessar a via sem observar a presença dos outros veículos,Colisão traseira,Com Vítimas Feridas,Anoitecer,Decrescente,Céu Claro,Simples,Interseção de Vias,Não,0.0,0.0,2.0,2.0,1.0,0.0,2.0,3.0,SPRF-ES,DEL03-ES,UOP02-DEL03-ES,0,moderado
2025-01-04,17:55,2025-01-04 17:55:00,2025.0,1.0,sabado,17.0,tarde,ES,SERRA,True,101.0,BR-101,271.5,-20.23267,-40.27658,Transitar na contramão,Colisão lateral sentido oposto,Com Vítimas Feridas,Anoitecer,Decrescente,Céu Claro,Dupla,Reta,Não,0.0,0.0,1.0,1.0,1.0,0.0,2.0,2.0,SPRF-ES,DEL02-ES,UOP01-DEL02-ES,0,moderado
2025-01-05,07:45,2025-01-05 07:45:00,2025.0,1.0,domingo,7.0,manha,ES,DOMINGOS MARTINS,False,262.0,BR-262,34.0,-20.37297172,-40.59246445,Pista Escorregadia,Saída de leito carroçável,Com Vítimas Feridas,Pleno dia,Crescente,Chuva,Simples,Curva,Não,0.0,0.0,1.0,1.0,1.0,0.0,1.0,2.0,SPRF-ES,DEL01-ES,UOP01-DEL01-ES,0,moderado
2025-01-05,11:21,2025-01-05 11:21:00,2025.0,1.0,domingo,11.0,manha,ES,SAO MATEUS,False,101.0,BR-101,66.0,-18.7165195,-39.87436378,Condutor deixou de manter distância do veículo da frente,Colisão traseira,Com Vítimas Feridas,Pleno dia,Decrescente,Chuva,Múltipla,Reta,Não,0.0,0.0,1.0,1.0,1.0,0.0,2.0,2.0,SPRF-ES,DEL04-ES,UOP02-DEL04-ES,0,moderado
2025-01-05,12:06,2025-01-05 12:06:00,2025.0,1.0,domingo,12.0,tarde,ES,CONCEICAO DA BARRA,False,101.0,BR-101,40.7,-18.49980697,-39.91851689,Chuva,Queda de ocupante de veículo,Com Vítimas Feridas,Pleno dia,Crescente,Chuva,Simples,Reta,Não,0.0,0.0,1.0,1.0,0.0,0.0,1.0,1.0,SPRF-ES,DEL04-ES,UOP02-DEL04-ES,0,moderado
2025-01-05,17:55,2025-01-05 17:55:00,2025.0,1.0,domingo,17.0,tarde,ES,CONCEICAO DA BARRA,False,101.0,BR-101,46.8,-18.55144093,-39.90284075,Chuva,Queda de ocupante de veículo,Sem Vítimas,Anoitecer,Decrescente,Chuva,Simples,Reta,Não,0.0,0.0,0.0,0.0,1.0,0.0,1.0,1.0,SPRF-ES,DEL04-ES,UOP02-DEL04-ES,0,baixo
2025-01-05,19:20,2025-01-05 19:20:00,2025.0,1.0,domingo,19.0,noite,ES,COLATINA,False,259.0,BR-259,31.8,-19.58704806,-40.50913271,Transitar na contramão,Colisão frontal,Com Vítimas Fatais,Plena Noite,Decrescente,Garoa/Chuvisco,Simples,Curva,Não,2.0,0.0,0.0,0.0,1.0,0.0,2.0,3.0,SPRF-ES,DEL02-ES,UOP01-DEL02-ES,1,fatal
2025-01-05,20:40,2025-01-05 20:40:00,2025.0,1.0,domingo,20.0,noite,ES,SERRA,True,101.0,BR-101,256.2,-20.119123,-40.311005,Acessar a via sem observar a presença dos outros veículos,Capotamento,Com Vítimas Feridas,Plena Noite,Decrescente,Chuva,Múltipla,Reta,Sim,0.0,1.0,0.0,1.0,0.0,0.0,1.0,1.0,SPRF-ES,DEL02-ES,UOP01-DEL02-ES,1,grave
2025-01-05,22:48,2025-01-05 22:48:00,2025.0,1.0,domingo,22.0,noite,ES,SERRA,True,101.0,BR-101,263.0,-20.16554736,-40.27301648,Manobra de mudança de faixa,Colisão lateral mesmo sentido,Com Vítimas Feridas,Plena Noite,Crescente,Nublado,Dupla,Reta,Sim,0.0,0.0,3.0,3.0,1.0,0.0,2.0,4.0,SPRF-ES,DEL02-ES,UOP01-DEL02-ES,0,moderado
2025-01-06,07:45,2025-01-06 07:45:00,2025.0,1.0,segunda,7.0,manha,ES,LINHARES,False,101.0,BR-101,145.5,-19.36089598,-40.06464018,Velocidade Incompatível,Colisão traseira,Com Vítimas Feridas,Pleno dia,Crescente,Céu Claro,Dupla,Reta,Sim,0.0,0.0,1.0,1.0,1.0,0.0,2.0,2.0,SPRF-ES,DEL04-ES,UOP01-DEL04-ES,0,moderado
2025-01-06,19:00,2025-01-06 19:00:00,2025.0,1.0,segunda,19.0,noite,ES,SERRA,True,101.0,BR-101,265.9,-20.1816849,-40.26536036,Manobra de mudança de faixa,Colisão lateral mesmo sentido,Com Vítimas Feridas,Plena Noite,Decrescente,Chuva,Múltipla,Reta,Sim,0.0,0.0,1.0,1.0,1.0,0.0,2.0,2.0,SPRF-ES,DEL02-ES,UOP01-DEL02-ES,0,moderado
2025-01-07,05:50,2025-01-07 05:50:00,2025.0,1.0,terca,5.0,madrugada,ES,SAO MATEUS,False,101.0,BR-101,86.0,-18.86552104,-39.93978995,Transitar na contramão,Colisão frontal,Com Vítimas Feridas,Amanhecer,Crescente,Chuva,Simples,Reta,Não,0.0,5.0,0.0,5.0,0.0,0.0,2.0,5.0,SPRF-ES,DEL04-ES,UOP02-DEL04-ES,1,grave
2025-01-07,08:00,2025-01-07 08:00:00,2025.0,1.0,terca,8.0,manha,ES,CARIACICA,True,101.0,BR-101,295.0,-20.33223667,-40.40004683,Manobra de mudança de faixa,Colisão traseira,Com Vítimas Feridas,Pleno dia,Crescente,Céu Claro,Dupla,Reta,Não,0.0,0.0,2.0,2.0,1.0,0.0,2.0,3.0,SPRF-ES,DEL01-ES,UOP01-DEL01-ES,0,moderado
2025-01-08,06:58,2025-01-08 06:58:00,2025.0,1.0,quarta,6.0,manha,ES,VIANA,True,101.0,BR-101,299.9,-20.358635,-40.432167,Condutor usando celular,Colisão traseira,Com Vítimas Feridas,Pleno dia,Crescente,Nublado,Múltipla,Curva,Não,0.0,2.0,0.0,2.0,2.0,0.0,3.0,4.0,SPRF-ES,DEL01-ES,UOP01-DEL01-ES,1,grave
2025-01-08,07:50,2025-01-08 07:50:00,2025.0,1.0,quarta,7.0,manha,ES,SERRA,True,101.0,BR-101,267.1,-20.19930999,-40.26884609,Manobra de mudança de faixa,Colisão lateral mesmo sentido,Com Vítimas Feridas,Pleno dia,Crescente,Céu Claro,Dupla,Reta,Sim,0.0,0.0,1.0,1.0,1.0,0.0,2.0,2.0,SPRF-ES,DEL02-ES,UOP01-DEL02-ES,0,moderado
2025-01-08,15:40,2025-01-08 15:40:00,2025.0,1.0,quarta,15.0,tarde,ES,DOMINGOS MARTINS,False,262.0,BR-262,43.8,-20.38770779,-40.66824031,Conversão proibida,Colisão transversal,Com Vítimas Feridas,Pleno dia,Crescente,Céu Claro,Simples,Reta,Não,0.0,0.0,2.0,2.0,3.0,0.0,3.0,5.0,SPRF-ES,DEL01-ES,UOP01-DEL01-ES,0,moderado
2025-01-08,18:31,2025-01-08 18:31:00,2025.0,1.0,quarta,18.0,noite,ES,SERRA,True,101.0,BR-101,260.8,-20.14616415,-40.28836206,Afundamento ou ondulação no pavimento,Queda de ocupante de veículo,Com Vítimas Feridas,Plena Noite,Decrescente,Chuva,Simples,Curva,Não,0.0,0.0,1.0,1.0,0.0,0.0,1.0,1.0,SPRF-ES,DEL02-ES,UOP01-DEL02-ES,0,moderado
2025-01-08,21:00,2025-01-08 21:00:00,2025.0,1.0,quarta,21.0,noite,ES,LINHARES,False,101.0,BR-101,148.0,-19.38787399,-40.06752766,Ingestão de álcool pelo condutor,Colisão traseira,Sem Vítimas,Plena Noite,Crescente,Garoa/Chuvisco,Múltipla,Reta,Sim,0.0,0.0,0.0,0.0,2.0,0.0,2.0,2.0,SPRF-ES,DEL04-ES,UOP01-DEL04-ES,0,baixo
2025-01-09,07:00,2025-01-09 07:00:00,2025.0,1.0,quinta,7.0,manha,ES,SERRA,True,101.0,BR-101,269.8,-20.21740496,-40.26990578,Ausência de reação do condutor,Colisão traseira,Com Vítimas Feridas,Pleno dia,Crescente,Chuva,Dupla,Reta,Sim,0.0,0.0,1.0,1.0,1.0,0.0,2.0,2.0,SPRF-ES,DEL02-ES,UOP01-DEL02-ES,0,moderado
2025-01-09,14:08,2025-01-09 14:08:00,2025.0,1.0,quinta,14.0,tarde,ES,CARIACICA,True,262.0,BR-262,0.5,-20.320793,-40.353315,Avarias e/ou desgaste excessivo no pneu,Colisão com objeto,Com Vítimas Feridas,Pleno dia,Decrescente,Nublado,Dupla,Reta;Ponte,Sim,0.0,1.0,0.0,1.0,0.0,0.0,1.0,1.0,SPRF-ES,DEL01-ES,UOP01-DEL01-ES,1,grave
2025-01-09,17:18,2025-01-09 17:18:00,2025.0,1.0,quinta,17.0,tarde,ES,SAO MATEUS,False,101.0,BR-101,70.0,-18.74453703,-39.86164665,Acessar a via sem observar a presença dos outros veículos,Colisão transversal,Com Vítimas Feridas,Pleno dia,Crescente,Chuva,Simples,Reta,Sim,0.0,0.0,1.0,1.0,1.0,0.0,2.0,2.0,SPRF-ES,DEL04-ES,UOP02-DEL04-ES,0,moderado
2025-01-09,20:20,2025-01-09 20:20:00,2025.0,1.0,quinta,20.0,noite,ES,SERRA,True,101.0,BR-101,278.2,-20.21698365,-40.32974606,Chuva,Tombamento,Com Vítimas Feridas,Plena Noite,Crescente,Céu Claro,Múltipla,Reta,Sim,0.0,2.0,0.0,2.0,0.0,0.0,1.0,2.0,SPRF-ES,DEL02-ES,UOP01-DEL02-ES,1,grave
2025-01-09,21:47,2025-01-09 21:47:00,2025.0,1.0,quinta,21.0,noite,ES,SERRA,True,101.0,BR-101,258.6,-20.13059888,-40.2961019,Acumulo de água sobre o pavimento,Capotamento,Com Vítimas Feridas,Plena Noite,Decrescente,Nublado,Dupla,Reta,Sim,0.0,0.0,1.0,1.0,2.0,0.0,1.0,3.0,SPRF-ES,DEL02-ES,UOP01-DEL02-ES,0,moderado
2025-01-10,08:30,2025-01-10 08:30:00,2025.0,1.0,sexta,8.0,manha,ES,SERRA,True,101.0,BR-101,271.9,-20.2266966,-40.2851416,Condutor deixou de manter distância do veículo da frente,Colisão lateral mesmo sentido,Com Vítimas Feridas,Pleno dia,Decrescente,Nublado,Múltipla,Reta;Aclive,Sim,0.0,0.0,1.0,1.0,1.0,0.0,2.0,2.0,SPRF-ES,DEL02-ES,UOP01-DEL02-ES,0,moderado
2025-01-10,08:20,2025-01-10 08:20:00,2025.0,1.0,sexta,8.0,manha,ES,SERRA,True,101.0,BR-101,269.8,-20.21740496,-40.26990578,Reação tardia ou ineficiente do condutor,Colisão com objeto,Com Vítimas Feridas,Pleno dia,Crescente,Sol,Dupla,Reta,Sim,0.0,0.0,1.0,1.0,2.0,0.0,3.0,3.0,SPRF-ES,DEL02-ES,UOP01-DEL02-ES,0,moderado
2025-01-10,14:18,2025-01-10 14:18:00,2025.0,1.0,sexta,14.0,tarde,ES,LINHARES,False,101.0,BR-101,146.0,-19.36990998,-40.06560718,Ausência de reação do condutor,Colisão traseira,Com Vítimas Feridas,Pleno dia,Crescente,Nublado,Dupla,Reta,Sim,0.0,0.0,2.0,2.0,1.0,0.0,2.0,3.0,SPRF-ES,DEL04-ES,UOP01-DEL04-ES,0,moderado
2025-01-10,19:33,2025-01-10 19:33:00,2025.0,1.0,sexta,19.0,noite,ES,JOAO NEIVA,False,259.0,BR-259,16.6,-19.65971112,-40.43161999,Transitar na contramão,Colisão frontal,Com Vítimas Feridas,Plena Noite,Crescente,Nublado,Simples,Reta,Não,0.0,0.0,4.0,4.0,1.0,0.0,2.0,5.0,SPRF-ES,DEL02-ES,UOP01-DEL02-ES,0,moderado
2025-01-10,20:30,2025-01-10 20:30:00,2025.0,1.0,sexta,20.0,noite,ES,IBIRACU,False,101.0,BR-101,212.7,-19.82264473,-40.37001486,Conversão proibida,Colisão transversal,Com Vítimas Feridas,Plena Noite,Crescente,Garoa/Chuvisco,Simples,Reta,Sim,0.0,0.0,2.0,2.0,0.0,0.0,2.0,2.0,SPRF-ES,DEL02-ES,UOP01-DEL02-ES,0,moderado
2025-01-11,01:51,2025-01-11 01:51:00,2025.0,1.0,sabado,1.0,madrugada,ES,LINHARES,False,101.0,BR-101,139.4,-19.3101728,-40.0799666,Desrespeitar a preferência no cruzamento,Colisão transversal,Sem Vítimas,Plena Noite,Decrescente,Céu Claro,Simples,Interseção de Vias;Reta,Não,0.0,0.0,0.0,0.0,1.0,1.0,2.0,2.0,SPRF-ES,DEL04-ES,UOP01-DEL04-ES,0,baixo
2025-01-11,15:30,2025-01-11 15:30:00,2025.0,1.0,sabado,15.0,tarde,ES,CARIACICA,True,101.0,BR-101,288.9,-20.27160351,-40.39091743,Manobra de mudança de faixa,Colisão traseira,Com Vítimas Feridas,Pleno dia,Decrescente,Sol,Dupla,Reta,Sim,0.0,0.0,1.0,1.0,1.0,0.0,2.0,2.0,SPRF-ES,DEL01-ES,UOP01-DEL01-ES,0,moderado
2025-01-11,19:20,2025-01-11 19:20:00,2025.0,1.0,sabado,19.0,noite,ES,SOORETAMA,False,101.0,BR-101,125.0,-19.18496498,-40.09429827,Reação tardia ou ineficiente do condutor,Colisão transversal,Com Vítimas Feridas,Plena Noite,Decrescente,Nublado,Dupla,Reta,Sim,0.0,0.0,1.0,1.0,1.0,0.0,2.0,2.0,SPRF-ES,DEL04-ES,UOP01-DEL04-ES,0,moderado
2025-01-11,23:00,2025-01-11 23:00:00,2025.0,1.0,sabado,23.0,noite,ES,CARIACICA,True,262.0,BR-262,1.0,-20.32955204,-40.35492602,Velocidade Incompatível,Colisão traseira,Com Vítimas Feridas,Plena Noite,Crescente,Ignorado,Dupla,Reta;Ponte,Não,0.0,0.0,2.0,2.0,0.0,0.0,2.0,2.0,SPRF-ES,DEL01-ES,UOP01-DEL01-ES,0,moderado
2025-01-12,00:45,2025-01-12 00:45:00,2025.0,1.0,domingo,0.0,madrugada,ES,SERRA,True,101.0,BR-101,269.8,-20.21740496,-40.26990578,Condutor desrespeitou a iluminação vermelha do semáforo,Colisão transversal,Com Vítimas Feridas,Plena Noite,Decrescente,Nublado,Múltipla,Reta,Sim,0.0,1.0,0.0,1.0,2.0,1.0,4.0,4.0,SPRF-ES,DEL02-ES,UOP01-DEL02-ES,1,grave
2025-01-12,07:27,2025-01-12 07:27:00,2025.0,1.0,domingo,7.0,manha,ES,DOMINGOS MARTINS,False,262.0,BR-262,90.0,-20.38123513,-41.02431905,Ultrapassagem Indevida,Colisão transversal,Com Vítimas Feridas,Pleno dia,Crescente,Ignorado,Simples,Interseção de Vias,Não,0.0,1.0,4.0,5.0,2.0,0.0,2.0,7.0,SPRF-ES,DEL01-ES,UOP02-DEL01-ES,1,grave
2025-01-12,12:15,2025-01-12 12:15:00,2025.0,1.0,domingo,12.0,tarde,ES,ARACRUZ,False,101.0,BR-101,189.0,-19.68134019,-40.27051885,Reação tardia ou ineficiente do condutor,Saída de leito carroçável,Com Vítimas Feridas,Pleno dia,Crescente,Céu Claro,Dupla,Curva,Sim,0.0,0.0,1.0,1.0,1.0,0.0,1.0,2.0,SPRF-ES,DEL04-ES,UOP01-DEL04-ES,0,moderado
2025-01-12,14:00,2025-01-12 14:00:00,2025.0,1.0,domingo,14.0,tarde,ES,ICONHA,False,101.0,BR-101,378.6,-20.804562,-40.810875,Acessar a via sem observar a presença dos outros veículos,Atropelamento de Animal,Com Vítimas Feridas,Pleno dia,Decrescente,Céu Claro,Dupla,Curva;Declive,Não,0.0,1.0,0.0,1.0,4.0,0.0,2.0,5.0,SPRF-ES,DEL03-ES,UOP01-DEL03-ES,1,grave
2025-01-12,15:00,2025-01-12 15:00:00,2025.0,1.0,domingo,15.0,tarde,ES,SERRA,True,101.0,BR-101,273.2,-20.22029207,-40.29048811,Frear bruscamente,Colisão traseira,Sem Vítimas,Pleno dia,Crescente,Céu Claro,Múltipla,Reta,Não,0.0,0.0,0.0,0.0,13.0,0.0,2.0,13.0,SPRF-ES,DEL02-ES,UOP01-DEL02-ES,0,baixo
2025-01-12,19:35,2025-01-12 19:35:00,2025.0,1.0,domingo,19.0,noite,ES,LINHARES,False,101.0,BR-101,150.0,-19.40436634,-40.06078896,Ingestão de álcool pelo condutor,Colisão com objeto,Com Vítimas Feridas,Plena Noite,Decrescente,Céu Claro,Simples,Interseção de Vias,Não,0.0,0.0,2.0,2.0,0.0,0.0,1.0,2.0,SPRF-ES,DEL04-ES,UOP01-DEL04-ES,0,moderado