data,hora,data_hora,ano,mes,dia_semana,hora_dia,periodo_dia,uf,municipio,regiao_grande_vitoria,rodovia,rodovia_label,km,latitude,longitude,causa,tipo_acidente,classificacao,fase_dia,sentido_via,condicao_metereologica,tipo_pista,tracado_via,uso_solo,mortos,feridos_graves,feridos_leves,feridos,ilesos,ignorados,veiculos,pessoas,regional,delegacia,uop,risco_alto,nivel_risco
2025-01-12,19:50,2025-01-12 19:50:00,2025.0,1.0,domingo,19.0,noite,ES,LINHARES,False,101.0,BR-101,149.5,-19.39882425,-40.06273985,Condutor desrespeitou a iluminação vermelha do semáforo,Colisão transversal,Com Vítimas Feridas,Plena Noite,Decrescente,Céu Claro,Múltipla,Interseção de Vias;Reta,Sim,0.0,1.0,0.0,1.0,1.0,0.0,2.0,2.0,SPRF-ES,DEL04-ES,UOP01-DEL04-ES,1,grave
2025-01-13,10:50,2025-01-13 10:50:00,2025.0,1.0,segunda,10.0,manha,ES,CACHOEIRO DE ITAPEMIRIM,False,101.0,BR-101,418.0,-20.95438035,-41.09327978,Condutor deixou de manter distância do veículo da frente,Colisão traseira,Com Vítimas Feridas,Pleno dia,Decrescente,Nublado,Simples,Reta,Não,0.0,0.0,3.0,3.0,0.0,0.0,2.0,3.0,SPRF-ES,DEL03-ES,UOP02-DEL03-ES,0,moderado
2025-01-13,11:00,2025-01-13 11:00:00,2025.0,1.0,segunda,11.0,manha,ES,CONCEICAO DA BARRA,False,101.0,BR-101,42.0,-18.51702193,-39.91329775,Avarias e/ou desgaste excessivo no pneu,Tombamento,Com Vítimas Feridas,Pleno dia,Crescente,Nublado,Simples,Reta,Não,0.0,1.0,0.0,1.0,1.0,0.0,1.0,2.0,SPRF-ES,DEL04-ES,UOP02-DEL04-ES,1,grave
2025-01-13,17:51,2025-01-13 17:51:00,2025.0,1.0,segunda,17.0,tarde,ES,SAO MATEUS,False,101.0,BR-101,66.0,-18.7165195,-39.87436378,Acessar a via sem observar a presença dos outros veículos,Colisão transversal,Com Vítimas Feridas,Plena Noite,Decrescente,Céu Claro,Simples,Reta;Interseção de Vias,Sim,0.0,0.0,1.0,1.0,1.0,0.0,2.0,2.0,SPRF-ES,DEL04-ES,UOP02-DEL04-ES,0,moderado
2025-01-13,18:30,2025-01-13 18:30:00,2025.0,1.0,segunda,18.0,noite,ES,BAIXO GUANDU,False,259.0,BR-259,101.3,-19.52023464,-41.00239031,Acessar a via sem observar a presença dos outros veículos,Colisão transversal,Com Vítimas Feridas,Plena Noite,Crescente,Céu Claro,Simples,Reta,Não,0.0,1.0,0.0,1.0,1.0,0.0,2.0,2.0,SPRF-ES,DEL02-ES,UOP01-DEL02-ES,1,grave
2025-01-14,00:20,2025-01-14 00:20:00,2025.0,1.0,terca,0.0,madrugada,ES,IUNA,False,262.0,BR-262,190.3,-20.30802372,-41.74807167,Condutor Dormindo,Saída de leito carroçável,Com Vítimas Feridas,Plena Noite,Crescente,Chuva,Simples,Curva,Não,0.0,1.0,1.0,2.0,0.0,0.0,1.0,2.0,SPRF-ES,DEL01-ES,UOP02-DEL01-ES,1,grave
2025-01-14,14:20,2025-01-14 14:20:00,2025.0,1.0,terca,14.0,tarde,ES,JOAO NEIVA,False,101.0,BR-101,206.5,-19.76435421,-40.37263919,Reação tardia ou ineficiente do condutor,Colisão com objeto,Com Vítimas Feridas,Pleno dia,Decrescente,Chuva,Simples,Curva;Declive,Não,0.0,0.0,1.0,1.0,2.0,0.0,1.0,3.0,SPRF-ES,DEL02-ES,UOP01-DEL02-ES,0,moderado
2025-01-14,16:45,2025-01-14 16:45:00,2025.0,1.0,terca,16.0,tarde,ES,SERRA,True,101.0,BR-101,262.9,-20.166139,-40.272574,Trafegar com motocicleta (ou similar) entre as faixas,Colisão lateral mesmo sentido,Com Vítimas Feridas,Pleno dia,Decrescente,Nublado,Dupla,Reta;Declive,Sim,0.0,0.0,1.0,1.0,1.0,0.0,2.0,2.0,SPRF-ES,DEL02-ES,UOP01-DEL02-ES,0,moderado
2025-01-15,03:30,2025-01-15 03:30:00,2025.0,1.0,quarta,3.0,madrugada,ES,JOAO NEIVA,False,101.0,BR-101,205.1,-19.75823196,-40.3795009,Chuva,Atropelamento de Pedestre,Com Vítimas Feridas,Plena Noite,Decrescente,Chuva,Simples,Reta,Sim,0.0,0.0,1.0,1.0,0.0,1.0,2.0,2.0,SPRF-ES,DEL02-ES,UOP01-DEL02-ES,0,moderado
2025-01-15,08:40,2025-01-15 08:40:00,2025.0,1.0,quarta,8.0,manha,ES,RIO NOVO DO SUL,False,101.0,BR-101,393.3,-20.865694,-40.91366,Desrespeitar a preferência no cruzamento,Colisão transversal,Com Vítimas Feridas,Pleno dia,Crescente,Céu Claro,Simples,Interseção de Vias,Não,0.0,0.0,1.0,1.0,2.0,0.0,2.0,3.0,SPRF-ES,DEL03-ES,UOP02-DEL03-ES,0,moderado
2025-01-16,07:40,2025-01-16 07:40:00,2025.0,1.0,quinta,7.0,manha,ES,DOMINGOS MARTINS,False,262.0,BR-262,71.8,-20.4202155,-40.87402784,Conversão proibida,Colisão frontal,Com Vítimas Feridas,Pleno dia,Crescente,Céu Claro,Simples,Retorno Regulamentado;Reta,Não,0.0,0.0,1.0,1.0,1.0,1.0,3.0,3.0,SPRF-ES,DEL01-ES,UOP02-DEL01-ES,0,moderado
2025-01-16,13:00,2025-01-16 13:00:00,2025.0,1.0,quinta,13.0,tarde,ES,IBATIBA,False,262.0,BR-262,181.6,-20.29592097,-41.68407083,Ausência de reação do condutor,Colisão traseira,Com Vítimas Feridas,Pleno dia,Crescente,Nublado,Simples,Reta,Não,0.0,1.0,1.0,2.0,1.0,0.0,2.0,3.0,SPRF-ES,DEL01-ES,UOP02-DEL01-ES,1,grave
2025-01-16,15:35,2025-01-16 15:35:00,2025.0,1.0,quinta,15.0,tarde,ES,SERRA,True,101.0,BR-101,274.0,-20.21288515,-40.29612219,Reação tardia ou ineficiente do condutor,Tombamento,Com Vítimas Feridas,Pleno dia,Decrescente,Céu Claro,Dupla,Reta,Não,0.0,0.0,1.0,1.0,1.0,0.0,1.0,2.0,SPRF-ES,DEL02-ES,UOP01-DEL02-ES,0,moderado
2025-01-16,20:50,2025-01-16 20:50:00,2025.0,1.0,quinta,20.0,noite,ES,VENDA NOVA DO IMIGRANTE,False,262.0,BR-262,103.4,-20.33657022,-41.12201819,Transitar na contramão,Tombamento,Com Vítimas Fatais,Plena Noite,Crescente,Céu Claro,Simples,Reta,Sim,1.0,0.0,0.0,0.0,1.0,1.0,3.0,3.0,SPRF-ES,DEL01-ES,UOP02-DEL01-ES,1,fatal
2025-01-16,23:30,2025-01-16 23:30:00,2025.0,1.0,quinta,23.0,noite,ES,SERRA,True,101.0,BR-101,266.8,-20.190199,-40.26828891,Chuva,Queda de ocupante de veículo,Com Vítimas Feridas,Plena Noite,Decrescente,Chuva,Dupla,Reta,Sim,0.0,0.0,1.0,1.0,0.0,0.0,1.0,1.0,SPRF-ES,DEL02-ES,UOP01-DEL02-ES,0,moderado
2025-01-17,07:15,2025-01-17 07:15:00,2025.0,1.0,sexta,7.0,manha,ES,SERRA,True,101.0,BR-101,270.2,-20.28166144,-40.24291992,Acessar a via sem observar a presença dos outros veículos,Colisão transversal,Com Vítimas Feridas,Pleno dia,Crescente,Céu Claro,Dupla,Reta,Sim,0.0,0.0,1.0,1.0,1.0,0.0,2.0,2.0,SPRF-ES,DEL02-ES,UOP01-DEL02-ES,0,moderado
2025-01-17,14:10,2025-01-17 14:10:00,2025.0,1.0,sexta,14.0,tarde,ES,LINHARES,False,101.0,BR-101,151.0,-19.41730794,-40.06842479,Acesso irregular,Colisão transversal,Com Vítimas Feridas,Pleno dia,Crescente,Céu Claro,Simples,Interseção de Vias;Curva,Não,0.0,0.0,1.0,1.0,2.0,0.0,3.0,3.0,SPRF-ES,DEL04-ES,UOP01-DEL04-ES,0,moderado
2025-01-17,19:15,2025-01-17 19:15:00,2025.0,1.0,sexta,19.0,noite,ES,SERRA,True,101.0,BR-101,256.0,-20.119123,-40.311005,Acesso irregular,Colisão transversal,Com Vítimas Feridas,Plena Noite,Crescente,Céu Claro,Simples,Aclive,Sim,0.0,0.0,1.0,1.0,1.0,1.0,3.0,3.0,SPRF-ES,DEL02-ES,UOP01-DEL02-ES,0,moderado
2025-01-18,07:00,2025-01-18 07:00:00,2025.0,1.0,sabado,7.0,manha,ES,LINHARES,False,101.0,BR-101,148.0,-19.38787399,-40.06752766,Ausência de reação do condutor,Engavetamento,Com Vítimas Feridas,Pleno dia,Crescente,Céu Claro,Dupla,Reta,Sim,0.0,0.0,1.0,1.0,2.0,0.0,3.0,3.0,SPRF-ES,DEL04-ES,UOP01-DEL04-ES,0,moderado
2025-01-18,11:00,2025-01-18 11:00:00,2025.0,1.0,sabado,11.0,manha,ES,LINHARES,False,101.0,BR-101,156.9,-19.44596035,-40.09435048,Acessar a via sem observar a presença dos outros veículos,Colisão transversal,Com Vítimas Feridas,Pleno dia,Crescente,Céu Claro,Simples,Rotatória,Sim,0.0,2.0,0.0,2.0,1.0,0.0,2.0,3.0,SPRF-ES,DEL04-ES,UOP01-DEL04-ES,1,grave
2025-01-18,15:40,2025-01-18 15:40:00,2025.0,1.0,sabado,15.0,tarde,ES,GUARAPARI,True,101.0,BR-101,329.3,-20.58543019,-40.49702183,Condutor deixou de manter distância do veículo da frente,Colisão traseira,Com Vítimas Feridas,Pleno dia,Crescente,Céu Claro,Dupla,Reta,Não,0.0,1.0,0.0,1.0,5.0,0.0,2.0,6.0,SPRF-ES,DEL03-ES,UOP01-DEL03-ES,1,grave
2025-01-18,20:20,2025-01-18 20:20:00,2025.0,1.0,sabado,20.0,noite,ES,LINHARES,False,101.0,BR-101,144.7,-19.35188295,-40.0636685,Ausência de reação do condutor,Engavetamento,Com Vítimas Feridas,Plena Noite,Crescente,Céu Claro,Dupla,Reta,Sim,0.0,0.0,1.0,1.0,2.0,0.0,3.0,3.0,SPRF-ES,DEL04-ES,UOP01-DEL04-ES,0,moderado
2025-01-18,21:15,2025-01-18 21:15:00,2025.0,1.0,sabado,21.0,noite,ES,LINHARES,False,101.0,BR-101,162.0,-19.49015283,-40.12624024,Conversão proibida,Colisão transversal,Com Vítimas Feridas,Plena Noite,Crescente,Céu Claro,Simples,Reta,Não,0.0,1.0,0.0,1.0,1.0,0.0,2.0,2.0,SPRF-ES,DEL04-ES,UOP01-DEL04-ES,1,grave
2025-01-19,06:20,2025-01-19 06:20:00,2025.0,1.0,domingo,6.0,manha,ES,JOAO NEIVA,False,101.0,BR-101,202.0,-19.74171801,-40.36521517,Ultrapassagem Indevida,Colisão lateral mesmo sentido,Com Vítimas Feridas,Pleno dia,Decrescente,Céu Claro,Simples,Curva,Não,0.0,0.0,1.0,1.0,1.0,0.0,2.0,2.0,SPRF-ES,DEL04-ES,UOP01-DEL04-ES,0,moderado
2025-01-19,18:00,2025-01-19 18:00:00,2025.0,1.0,domingo,18.0,noite,ES,ANCHIETA,False,101.0,BR-101,357.9,-20.691717,-40.704254,Reação tardia ou ineficiente do condutor,Colisão traseira,Com Vítimas Feridas,Anoitecer,Crescente,Céu Claro,Dupla,Reta;Aclive,Não,0.0,0.0,1.0,1.0,2.0,0.0,2.0,3.0,SPRF-ES,DEL03-ES,UOP01-DEL03-ES,0,moderado
2025-01-19,18:54,2025-01-19 18:54:00,2025.0,1.0,domingo,18.0,noite,ES,SERRA,True,101.0,BR-101,274.4,-20.21288515,-40.29612219,Demais falhas mecânicas ou elétricas,Incêndio,Sem Vítimas,Plena Noite,Decrescente,Céu Claro,Simples,Reta,Não,0.0,0.0,0.0,0.0,1.0,0.0,1.0,1.0,SPRF-ES,DEL02-ES,UOP01-DEL02-ES,0,baixo
2025-01-20,00:10,2025-01-20 00:10:00,2025.0,1.0,segunda,0.0,madrugada,ES,ANCHIETA,False,101.0,BR-101,356.7,-20.69339794,-40.68748402,Entrada inopinada do pedestre,Atropelamento de Pedestre,Com Vítimas Fatais,Plena Noite,Decrescente,Céu Claro,Dupla,Reta,Não,1.0,0.0,0.0,0.0,0.0,1.0,2.0,2.0,SPRF-ES,DEL03-ES,UOP01-DEL03-ES,1,fatal
2025-01-20,05:51,2025-01-20 05:51:00,2025.0,1.0,segunda,5.0,madrugada,ES,VIANA,True,262.0,BR-262,18.0,-20.39137228,-40.48080285,Pedestre cruzava a pista fora da faixa,Atropelamento de Pedestre,Com Vítimas Feridas,Pleno dia,Decrescente,Sol,Simples,Reta,Sim,0.0,0.0,1.0,1.0,1.0,0.0,2.0,2.0,SPRF-ES,DEL01-ES,UOP01-DEL01-ES,0,moderado
2025-01-20,09:00,2025-01-20 09:00:00,2025.0,1.0,segunda,9.0,manha,ES,SAO MATEUS,False,101.0,BR-101,66.6,-18.7165195,-39.87436378,Desrespeitar a preferência no cruzamento,Colisão transversal,Com Vítimas Feridas,Pleno dia,Decrescente,Céu Claro,Múltipla,Interseção de Vias;Reta,Sim,0.0,0.0,1.0,1.0,1.0,0.0,2.0,2.0,SPRF-ES,DEL04-ES,UOP02-DEL04-ES,0,moderado
2025-01-20,11:45,2025-01-20 11:45:00,2025.0,1.0,segunda,11.0,manha,ES,SERRA,True,101.0,BR-101,258.0,-20.13059888,-40.2961019,Velocidade Incompatível,Colisão traseira,Com Vítimas Feridas,Pleno dia,Decrescente,Sol,Dupla,Reta;Aclive,Sim,0.0,0.0,1.0,1.0,1.0,0.0,2.0,2.0,SPRF-ES,DEL02-ES,UOP01-DEL02-ES,0,moderado
2025-01-20,19:25,2025-01-20 19:25:00,2025.0,1.0,segunda,19.0,noite,ES,LINHARES,False,101.0,BR-101,145.0,-19.36089598,-40.06464018,Ausência de reação do condutor,Colisão lateral mesmo sentido,Com Vítimas Feridas,Plena Noite,Crescente,Céu Claro,Dupla,Reta,Não,0.0,0.0,1.0,1.0,1.0,0.0,2.0,2.0,SPRF-ES,DEL04-ES,UOP01-DEL04-ES,0,moderado
2025-01-20,18:45,2025-01-20 18:45:00,2025.0,1.0,segunda,18.0,noite,ES,DOMINGOS MARTINS,False,262.0,BR-262,38.0,-20.38085315,-40.62068704,Conversão proibida,Colisão transversal,Com Vítimas Feridas,Plena Noite,Crescente,Céu Claro,Simples,Reta,Não,0.0,0.0,1.0,1.0,1.0,0.0,2.0,2.0,SPRF-ES,DEL01-ES,UOP01-DEL01-ES,0,moderado
2025-01-21,04:50,2025-01-21 04:50:00,2025.0,1.0,terca,4.0,madrugada,ES,DOMINGOS MARTINS,False,101.0,BR-101,81.5,-20.4077324,-40.9543294,Velocidade Incompatível,Saída de leito carroçável,Com Vítimas Feridas,Amanhecer,Decrescente,Céu Claro,Simples,Curva;Declive,Não,0.0,0.0,1.0,1.0,0.0,0.0,1.0,1.0,SPRF-ES,DEL04-ES,UOP02-DEL04-ES,0,moderado
2025-01-21,06:30,2025-01-21 06:30:00,2025.0,1.0,terca,6.0,manha,ES,SERRA,True,101.0,BR-101,265.0,-20.1816849,-40.26536036,Reação tardia ou ineficiente do condutor,Tombamento,Com Vítimas Feridas,Pleno dia,Crescente,Sol,Dupla,Reta,Sim,0.0,0.0,2.0,2.0,0.0,0.0,1.0,2.0,SPRF-ES,DEL02-ES,UOP01-DEL02-ES,0,moderado
2025-01-21,10:15,2025-01-21 10:15:00,2025.0,1.0,terca,10.0,manha,ES,CARIACICA,True,101.0,BR-101,288.0,-20.27160351,-40.39091743,Ausência de reação do condutor,Colisão transversal,Com Vítimas Fatais,Pleno dia,Crescente,Céu Claro,Dupla,Reta;Retorno Regulamentado,Sim,1.0,0.0,0.0,0.0,2.0,0.0,3.0,3.0,SPRF-ES,DEL01-ES,UOP01-DEL01-ES,1,fatal
2025-01-21,23:30,2025-01-21 23:30:00,2025.0,1.0,terca,23.0,noite,ES,IBIRACU,False,101.0,BR-101,224.7,-19.89290688,-40.41230369,Reação tardia ou ineficiente do condutor,Tombamento,Com Vítimas Feridas,Plena Noite,Decrescente,Céu Claro,Simples,Reta,Não,0.0,0.0,1.0,1.0,0.0,0.0,1.0,1.0,SPRF-ES,DEL02-ES,UOP01-DEL02-ES,0,moderado
2025-01-22,14:15,2025-01-22 14:15:00,2025.0,1.0,quarta,14.0,tarde,ES,SERRA,True,101.0,BR-101,280.9,-20.21828666,-40.34895595,Pista esburacada,Tombamento,Com Vítimas Feridas,Pleno dia,Crescente,Céu Claro,Simples,Reta,Não,0.0,0.0,1.0,1.0,0.0,0.0,1.0,1.0,SPRF-ES,DEL02-ES,UOP01-DEL02-ES,0,moderado
2025-01-22,21:20,2025-01-22 21:20:00,2025.0,1.0,quarta,21.0,noite,ES,LINHARES,False,101.0,BR-101,147.3,-19.37887202,-40.06657892,Acessar a via sem observar a presença dos outros veículos,Colisão transversal,Com Vítimas Feridas,Plena Noite,Crescente,Céu Claro,Simples,Interseção de Vias;Rotatória,Sim,0.0,0.0,1.0,1.0,1.0,0.0,2.0,2.0,SPRF-ES,DEL04-ES,UOP01-DEL04-ES,0,moderado
2025-01-19,21:20,2025-01-19 21:20:00,2025.0,1.0,domingo,21.0,noite,ES,JAGUARE,False,101.0,BR-101,93.5,-18.92266916,-39.96785068,Ausência de reação do condutor,Tombamento,Com Vítimas Feridas,Plena Noite,Crescente,Céu Claro,Simples,Reta,Não,0.0,0.0,1.0,1.0,0.0,0.0,1.0,1.0,SPRF-ES,DEL04-ES,UOP02-DEL04-ES,0,moderado
2025-01-23,16:10,2025-01-23 16:10:00,2025.0,1.0,quinta,16.0,tarde,ES,VIANA,True,101.0,BR-101,301.9,-20.36278187,-40.4401343,Demais falhas mecânicas ou elétricas,Tombamento,Com Vítimas Feridas,Pleno dia,Crescente,Céu Claro,Dupla,Curva,Sim,0.0,0.0,2.0,2.0,0.0,0.0,1.0,2.0,SPRF-ES,DEL01-ES,UOP01-DEL01-ES,0,moderado
2025-01-23,22:00,2025-01-23 22:00:00,2025.0,1.0,quinta,22.0,noite,ES,SERRA,True,101.0,BR-101,266.3,-20.190199,-40.26828891,Acessar a via sem observar a presença dos outros veículos,Colisão transversal,Com Vítimas Feridas,Plena Noite,Crescente,Garoa/Chuvisco,Dupla,Reta,Sim,0.0,0.0,1.0,1.0,1.0,0.0,2.0,2.0,SPRF-ES,DEL02-ES,UOP01-DEL02-ES,0,moderado
2025-01-23,23:30,2025-01-23 23:30:00,2025.0,1.0,quinta,23.0,noite,ES,CARIACICA,True,101.0,BR-101,289.4,-20.28029304,-40.39302931,Reação tardia ou ineficiente do condutor,Colisão traseira,Com Vítimas Feridas,Plena Noite,Crescente,Céu Claro,Dupla,Aclive,Sim,0.0,0.0,1.0,1.0,0.0,2.0,2.0,3.0,SPRF-ES,DEL01-ES,UOP01-DEL01-ES,0,moderado
2025-01-24,17:08,2025-01-24 17:08:00,2025.0,1.0,sexta,17.0,tarde,ES,SERRA,True,101.0,BR-101,242.0,-20.0321348,-40.39675773,Ausência de reação do condutor,Tombamento,Com Vítimas Feridas,Pleno dia,Crescente,Céu Claro,Múltipla,Curva,Não,0.0,0.0,1.0,1.0,0.0,0.0,1.0,1.0,SPRF-ES,DEL02-ES,UOP01-DEL02-ES,0,moderado
2025-01-24,17:00,2025-01-24 17:00:00,2025.0,1.0,sexta,17.0,tarde,ES,SERRA,True,101.0,BR-101,6.9,-20.129093,-40.308125,Ingestão de álcool pelo condutor,Colisão traseira,Sem Vítimas,Pleno dia,Decrescente,Céu Claro,Simples,Reta,Não,0.0,0.0,0.0,0.0,5.0,0.0,2.0,5.0,SPRF-ES,DEL02-ES,UOP01-DEL02-ES,0,baixo
2025-01-24,17:00,2025-01-24 17:00:00,2025.0,1.0,sexta,17.0,tarde,ES,CONCEICAO DO CASTELO,False,262.0,BR-262,121.0,-20.29365543,-41.23018943,Demais falhas mecânicas ou elétricas,Incêndio,Sem Vítimas,Pleno dia,Crescente,Nublado,Simples,Curva,Não,0.0,0.0,0.0,0.0,0.0,1.0,1.0,1.0,SPRF-ES,DEL01-ES,UOP02-DEL01-ES,0,baixo
2025-01-24,20:00,2025-01-24 20:00:00,2025.0,1.0,sexta,20.0,noite,ES,SAO MATEUS,False,101.0,BR-101,52.2,-18.60327989,-39.88710063,Avarias e/ou desgaste excessivo no pneu,Tombamento,Com Vítimas Feridas,Plena Noite,Crescente,Céu Claro,Simples,Reta,Não,0.0,0.0,2.0,2.0,0.0,0.0,1.0,2.0,SPRF-ES,DEL04-ES,UOP02-DEL04-ES,0,moderado
2025-01-24,21:00,2025-01-24 21:00:00,2025.0,1.0,sexta,21.0,noite,ES,SERRA,True,101.0,BR-101,266.3,-20.190199,-40.26828891,Frear bruscamente,Colisão traseira,Com Vítimas Feridas,Plena Noite,Decrescente,Céu Claro,Dupla,Reta,Não,0.0,0.0,1.0,1.0,0.0,1.0,2.0,2.0,SPRF-ES,DEL02-ES,UOP01-DEL02-ES,0,moderado
2025-01-25,01:00,2025-01-25 01:00:00,2025.0,1.0,sabado,1.0,madrugada,ES,CONCEICAO DA BARRA,False,101.0,BR-101,29.0,-18.39992188,-39.93877968,Transitar no Acostamento,Queda de ocupante de veículo,Com Vítimas Feridas,Plena Noite,Decrescente,Nublado,Simples,Declive,Não,0.0,0.0,2.0,2.0,0.0,0.0,1.0,2.0,SPRF-ES,DEL04-ES,UOP02-DEL04-ES,0,moderado
2025-01-25,01:05,2025-01-25 01:05:00,2025.0,1.0,sabado,1.0,madrugada,ES,CARIACICA,True,101.0,BR-101,282.5,-20.22694,-40.36458,Avarias e/ou desgaste excessivo no pneu,Queda de ocupante de veículo,Com Vítimas Feridas,Plena Noite,Crescente,Céu Claro,Dupla,Ponte;Reta,Não,0.0,0.0,1.0,1.0,1.0,0.0,1.0,2.0,SPRF-ES,DEL01-ES,UOP01-DEL01-ES,0,moderado
2025-01-25,10:52,2025-01-25 10:52:00,2025.0,1.0,sabado,10.0,manha,ES,GUARAPARI,True,101.0,BR-101,321.0,-20.520908,-40.478306,Avarias e/ou desgaste excessivo no pneu,Tombamento,Com Vítimas Feridas,Pleno dia,Decrescente,Céu Claro,Dupla,Reta,Sim,0.0,0.0,2.0,2.0,0.0,0.0,1.0,2.0,SPRF-ES,DEL03-ES,UOP01-DEL03-ES,0,moderado
2025-01-25,12:10,2025-01-25 12:10:00,2025.0,1.0,sabado,12.0,tarde,ES,VENDA NOVA DO IMIGRANTE,False,262.0,BR-262,113.0,-20.32987893,-41.20496392,Ingestão de álcool pelo condutor,Colisão transversal,Com Vítimas Feridas,Pleno dia,Decrescente,Céu Claro,Simples,Reta,Não,0.0,0.0,1.0,1.0,4.0,0.0,2.0,5.0,SPRF-ES,DEL01-ES,UOP02-DEL01-ES,0,moderado
2025-01-25,20:00,2025-01-25 20:00:00,2025.0,1.0,sabado,20.0,noite,ES,SERRA,True,101.0,BR-101,258.0,-20.13059888,-40.2961019,Manobra de mudança de faixa,Colisão lateral mesmo sentido,Com Vítimas Feridas,Plena Noite,Decrescente,Céu Claro,Dupla,Reta;Declive,Sim,0.0,0.0,1.0,1.0,1.0,0.0,2.0,2.0,SPRF-ES,DEL02-ES,UOP01-DEL02-ES,0,moderado
2025-01-25,18:40,2025-01-25 18:40:00,2025.0,1.0,sabado,18.0,noite,ES,COLATINA,False,259.0,BR-259,62.9,-19.53124185,-40.68990791,Entrada inopinada do pedestre,Atropelamento de Pedestre,Com Vítimas Feridas,Plena Noite,Crescente,Céu Claro,Simples,Reta,Sim,0.0,0.0,1.0,1.0,1.0,0.0,2.0,2.0,SPRF-ES,DEL02-ES,UOP01-DEL02-ES,0,moderado
2025-01-25,22:50,2025-01-25 22:50:00,2025.0,1.0,sabado,22.0,noite,ES,SAO MATEUS,False,101.0,BR-101,64.3,-18.70428583,-39.87065983,Animais na Pista,Atropelamento de Animal,Com Vítimas Feridas,Plena Noite,Decrescente,Céu Claro,Simples,Curva,Não,0.0,0.0,2.0,2.0,0.0,0.0,1.0,2.0,SPRF-ES,DEL04-ES,UOP02-DEL04-ES,0,moderado
2025-01-25,22:40,2025-01-25 22:40:00,2025.0,1.0,sabado,22.0,noite,ES,MARECHAL FLORIANO,False,262.0,BR-262,58.8,-20.42076276,-40.76927908,Conversão proibida,Eventos atípicos,Com Vítimas Feridas,Plena Noite,Decrescente,Nublado,Simples,Reta,Não,0.0,0.0,2.0,2.0,0.0,0.0,2.0,2.0,SPRF-ES,DEL01-ES,UOP01-DEL01-ES,0,moderado
2025-01-26,10:30,2025-01-26 10:30:00,2025.0,1.0,domingo,10.0,manha,ES,ARACRUZ,False,101.0,BR-101,174.7,-19.58047007,-40.18782185,Acessar a via sem observar a presença dos outros veículos,Colisão transversal,Com Vítimas Feridas,Pleno dia,Crescente,Céu Claro,Simples,Reta;Interseção de Vias,Não,0.0,1.0,1.0,2.0,0.0,1.0,2.0,3.0,SPRF-ES,DEL04-ES,UOP01-DEL04-ES,1,grave
2025-01-26,10:30,2025-01-26 10:30:00,2025.0,1.0,domingo,10.0,manha,ES,MARECHAL FLORIANO,False,262.0,BR-262,58.1,-20.42076276,-40.76927908,Conversão proibida,Colisão traseira,Com Vítimas Feridas,Pleno dia,Decrescente,Sol,Simples,Reta,Não,0.0,0.0,1.0,1.0,2.0,0.0,2.0,3.0,SPRF-ES,DEL01-ES,UOP01-DEL01-ES,0,moderado
2025-01-26,11:30,2025-01-26 11:30:00,2025.0,1.0,domingo,11.0,manha,ES,DOMINGOS MARTINS,False,262.0,BR-262,39.5,-20.38402519,-40.63602448,Transitar na contramão,Colisão frontal,Com Vítimas Feridas,Pleno dia,Crescente,Céu Claro,Simples,Curva,Não,0.0,0.0,1.0,1.0,7.0,0.0,2.0,8.0,SPRF-ES,DEL01-ES,UOP01-DEL01-ES,0,moderado
2025-01-26,11:50,2025-01-26 11:50:00,2025.0,1.0,domingo,11.0,manha,ES,ANCHIETA,False,101.0,BR-101,365.3,-20.73397538,-40.7507118,Velocidade Incompatível,Colisão com objeto,Com Vítimas Feridas,Pleno dia,Crescente,Céu Claro,Simples,Aclive;Reta,Não,0.0,2.0,0.0,2.0,0.0,0.0,1.0,2.0,SPRF-ES,DEL03-ES,UOP01-DEL03-ES,1,grave
2025-01-26,21:15,2025-01-26 21:15:00,2025.0,1.0,domingo,21.0,noite,ES,GUARAPARI,True,101.0,BR-101,331.9,-20.60149301,-40.50248706,Transitar no Acostamento,Atropelamento de Pedestre,Com Vítimas Fatais,Plena Noite,Crescente,Nublado,Dupla,Reta,Não,1.0,0.0,0.0,0.0,0.0,1.0,2.0,2.0,SPRF-ES,DEL03-ES,UOP01-DEL03-ES,1,fatal
2025-01-26,21:30,2025-01-26 21:30:00,2025.0,1.0,domingo,21.0,noite,ES,CONCEICAO DA BARRA,False,101.0,BR-101,32.0,-18.42549901,-39.93487006,Acessar a via sem observar a presença dos outros veículos,Colisão transversal,Com Vítimas Feridas,Plena Noite,Crescente,Céu Claro,Simples,Reta,Sim,0.0,2.0,0.0,2.0,0.0,1.0,2.0,3.0,SPRF-ES,DEL04-ES,UOP02-DEL04-ES,1,grave