data,hora,data_hora,ano,mes,dia_semana,hora_dia,periodo_dia,uf,municipio,regiao_grande_vitoria,rodovia,rodovia_label,km,latitude,longitude,causa,tipo_acidente,classificacao,fase_dia,sentido_via,condicao_metereologica,tipo_pista,tracado_via,uso_solo,mortos,feridos_graves,feridos_leves,feridos,ilesos,ignorados,veiculos,pessoas,regional,delegacia,uop,risco_alto,nivel_risco
2025-01-26,21:20,2025-01-26 21:20:00,2025.0,1.0,domingo,21.0,noite,ES,RIO NOVO DO SUL,False,101.0,BR-101,392.3,-20.86651733,-40.90775156,Iluminação deficiente,Colisão transversal,Com Vítimas Feridas,Plena Noite,Crescente,Céu Claro,Simples,Interseção de Vias,Não,0.0,0.0,1.0,1.0,1.0,0.0,2.0,2.0,SPRF-ES,DEL03-ES,UOP02-DEL03-ES,0,moderado
2025-01-27,00:30,2025-01-27 00:30:00,2025.0,1.0,segunda,0.0,madrugada,ES,ANCHIETA,False,101.0,BR-101,359.1,-20.69768274,-40.71161014,Condutor Dormindo,Colisão lateral sentido oposto,Com Vítimas Feridas,Plena Noite,Crescente,Céu Claro,Dupla,Reta;Declive,Não,0.0,2.0,0.0,2.0,8.0,0.0,2.0,10.0,SPRF-ES,DEL03-ES,UOP01-DEL03-ES,1,grave
2025-01-27,05:40,2025-01-27 05:40:00,2025.0,1.0,segunda,5.0,madrugada,ES,SERRA,True,101.0,BR-101,267.9,-20.19930999,-40.26884609,Condutor deixou de manter distância do veículo da frente,Colisão traseira,Com Vítimas Feridas,Amanhecer,Crescente,Céu Claro,Dupla,Reta,Sim,0.0,0.0,1.0,1.0,0.0,1.0,2.0,2.0,SPRF-ES,DEL02-ES,UOP01-DEL02-ES,0,moderado
2025-01-27,06:50,2025-01-27 06:50:00,2025.0,1.0,segunda,6.0,manha,ES,SERRA,True,101.0,BR-101,268.0,-20.20842,-40.269405,Condutor deixou de manter distância do veículo da frente,Colisão traseira,Com Vítimas Feridas,Pleno dia,Decrescente,Céu Claro,Dupla,Reta,Sim,0.0,0.0,1.0,1.0,1.0,0.0,2.0,2.0,SPRF-ES,DEL02-ES,UOP01-DEL02-ES,0,moderado
2025-01-27,12:30,2025-01-27 12:30:00,2025.0,1.0,segunda,12.0,tarde,ES,SERRA,True,101.0,BR-101,270.3,-20.22662056,-40.27075088,Ausência de reação do condutor,Colisão traseira,Com Vítimas Feridas,Pleno dia,Decrescente,Sol,Dupla,Reta,Sim,0.0,0.0,1.0,1.0,1.0,0.0,2.0,2.0,SPRF-ES,DEL02-ES,UOP01-DEL02-ES,0,moderado
2025-01-27,19:00,2025-01-27 19:00:00,2025.0,1.0,segunda,19.0,noite,ES,LINHARES,False,101.0,BR-101,141.2,-19.32655693,-40.07192387,Pedestre andava na pista,Atropelamento de Pedestre,Com Vítimas Feridas,Plena Noite,Decrescente,Céu Claro,Dupla,Reta,Sim,0.0,0.0,1.0,1.0,0.0,1.0,2.0,2.0,SPRF-ES,DEL04-ES,UOP01-DEL04-ES,0,moderado
2025-01-28,07:22,2025-01-28 07:22:00,2025.0,1.0,terca,7.0,manha,ES,JOAO NEIVA,False,101.0,BR-101,204.0,-19.74948916,-40.37922678,Acessar a via sem observar a presença dos outros veículos,Colisão transversal,Com Vítimas Feridas,Pleno dia,Crescente,Céu Claro,Simples,Reta,Sim,0.0,0.0,1.0,1.0,1.0,0.0,2.0,2.0,SPRF-ES,DEL02-ES,UOP01-DEL02-ES,0,moderado
2025-01-28,07:37,2025-01-28 07:37:00,2025.0,1.0,terca,7.0,manha,ES,SERRA,True,101.0,BR-101,267.0,-20.19930999,-40.26884609,Demais falhas mecânicas ou elétricas,Queda de ocupante de veículo,Com Vítimas Feridas,Pleno dia,Crescente,Céu Claro,Dupla,Reta,Sim,0.0,0.0,1.0,1.0,0.0,1.0,2.0,2.0,SPRF-ES,DEL02-ES,UOP01-DEL02-ES,0,moderado
2025-01-28,07:55,2025-01-28 07:55:00,2025.0,1.0,terca,7.0,manha,ES,BREJETUBA,False,262.0,BR-262,134.0,-20.24029105,-41.32539293,Transitar na contramão,Colisão frontal,Com Vítimas Feridas,Pleno dia,Crescente,Nevoeiro/Neblina,Simples,Curva,Não,0.0,0.0,5.0,5.0,2.0,0.0,2.0,7.0,SPRF-ES,DEL01-ES,UOP02-DEL01-ES,0,moderado
2025-01-28,12:55,2025-01-28 12:55:00,2025.0,1.0,terca,12.0,tarde,ES,VIANA,True,101.0,BR-101,304.0,-20.3800645,-40.45431391,Ausência de reação do condutor,Colisão traseira,Com Vítimas Feridas,Pleno dia,Crescente,Sol,Dupla,Reta,Não,0.0,0.0,1.0,1.0,1.0,0.0,2.0,2.0,SPRF-ES,DEL01-ES,UOP01-DEL01-ES,0,moderado
2025-01-28,15:00,2025-01-28 15:00:00,2025.0,1.0,terca,15.0,tarde,ES,RIO NOVO DO SUL,False,101.0,BR-101,392.0,-20.86675192,-40.90785027,Acessar a via sem observar a presença dos outros veículos,Colisão transversal,Com Vítimas Feridas,Pleno dia,Crescente,Céu Claro,Simples,Interseção de Vias,Não,0.0,1.0,0.0,1.0,5.0,0.0,2.0,6.0,SPRF-ES,DEL03-ES,UOP02-DEL03-ES,1,grave
2025-01-28,15:10,2025-01-28 15:10:00,2025.0,1.0,terca,15.0,tarde,ES,CARIACICA,True,101.0,BR-101,283.0,-20.23074547,-40.3673047,Transitar na contramão,Colisão frontal,Com Vítimas Feridas,Pleno dia,Decrescente,Céu Claro,Simples,Curva;Retorno Regulamentado,Sim,0.0,1.0,0.0,1.0,2.0,0.0,2.0,3.0,SPRF-ES,DEL01-ES,UOP01-DEL01-ES,1,grave
2025-01-28,17:20,2025-01-28 17:20:00,2025.0,1.0,terca,17.0,tarde,ES,COLATINA,False,259.0,BR-259,53.0,-19.49989886,-40.62939795,Retorno proibido,Colisão transversal,Com Vítimas Feridas,Pleno dia,Crescente,Céu Claro,Simples,Reta,Não,0.0,0.0,1.0,1.0,0.0,1.0,2.0,2.0,SPRF-ES,DEL02-ES,UOP01-DEL02-ES,0,moderado
2025-01-29,06:40,2025-01-29 06:40:00,2025.0,1.0,quarta,6.0,manha,ES,SAO MATEUS,False,101.0,BR-101,67.0,-18.72054021,-39.8658931,Condutor deixou de manter distância do veículo da frente,Colisão traseira,Com Vítimas Feridas,Pleno dia,Crescente,Céu Claro,Múltipla,Interseção de Vias,Sim,0.0,0.0,1.0,1.0,1.0,0.0,2.0,2.0,SPRF-ES,DEL04-ES,UOP02-DEL04-ES,0,moderado
2025-01-29,06:25,2025-01-29 06:25:00,2025.0,1.0,quarta,6.0,manha,ES,VENDA NOVA DO IMIGRANTE,False,262.0,BR-262,107.1,-20.32991844,-41.15343646,Condutor deixou de manter distância do veículo da frente,Colisão traseira,Com Vítimas Feridas,Pleno dia,Crescente,Céu Claro,Simples,Reta,Não,0.0,1.0,0.0,1.0,0.0,1.0,2.0,2.0,SPRF-ES,DEL01-ES,UOP02-DEL01-ES,1,grave
2025-01-29,13:20,2025-01-29 13:20:00,2025.0,1.0,quarta,13.0,tarde,ES,RIO NOVO DO SUL,False,101.0,BR-101,382.2,-20.82072713,-40.84702482,Ultrapassagem Indevida,Colisão frontal,Com Vítimas Feridas,Pleno dia,Crescente,Céu Claro,Simples,Curva,Não,0.0,1.0,2.0,3.0,0.0,0.0,2.0,3.0,SPRF-ES,DEL03-ES,UOP01-DEL03-ES,1,grave
2025-01-29,17:20,2025-01-29 17:20:00,2025.0,1.0,quarta,17.0,tarde,ES,SAO MATEUS,False,101.0,BR-101,70.0,-18.74453703,-39.86164665,Acesso irregular,Colisão transversal,Com Vítimas Feridas,Anoitecer,Crescente,Céu Claro,Simples,Reta,Não,0.0,0.0,2.0,2.0,2.0,1.0,3.0,5.0,SPRF-ES,DEL04-ES,UOP02-DEL04-ES,0,moderado
2025-01-30,05:50,2025-01-30 05:50:00,2025.0,1.0,quinta,5.0,madrugada,ES,CARIACICA,True,101.0,BR-101,292.0,-20.30650512,-40.39488717,Desrespeitar a preferência no cruzamento,Colisão transversal,Com Vítimas Feridas,Pleno dia,Decrescente,Céu Claro,Simples,Reta,Sim,0.0,2.0,0.0,2.0,1.0,0.0,2.0,3.0,SPRF-ES,DEL01-ES,UOP01-DEL01-ES,1,grave
2025-01-30,07:35,2025-01-30 07:35:00,2025.0,1.0,quinta,7.0,manha,ES,CARIACICA,True,101.0,BR-101,287.9,-20.26493528,-40.38471702,Transitar no Acostamento,Colisão transversal,Com Vítimas Feridas,Pleno dia,Decrescente,Sol,Dupla,Reta,Sim,0.0,0.0,1.0,1.0,1.0,0.0,2.0,2.0,SPRF-ES,DEL01-ES,UOP01-DEL01-ES,0,moderado
2025-01-30,08:20,2025-01-30 08:20:00,2025.0,1.0,quinta,8.0,manha,ES,SERRA,True,101.0,BR-101,279.5,-20.2184297,-40.3447046,Condutor deixou de manter distância do veículo da frente,Colisão traseira,Com Vítimas Feridas,Pleno dia,Decrescente,Céu Claro,Dupla,Reta,Sim,0.0,1.0,0.0,1.0,0.0,1.0,2.0,2.0,SPRF-ES,DEL02-ES,UOP01-DEL02-ES,1,grave
2025-01-30,11:05,2025-01-30 11:05:00,2025.0,1.0,quinta,11.0,manha,ES,CARIACICA,True,101.0,BR-101,295.0,-20.33223667,-40.40004683,Ausência de reação do condutor,Colisão traseira,Sem Vítimas,Pleno dia,Crescente,Céu Claro,Simples,Reta,Sim,0.0,0.0,0.0,0.0,2.0,0.0,2.0,2.0,SPRF-ES,DEL01-ES,UOP01-DEL01-ES,0,baixo
2025-01-30,13:30,2025-01-30 13:30:00,2025.0,1.0,quinta,13.0,tarde,ES,SERRA,True,101.0,BR-101,270.8,-20.23173793,-40.27412653,Demais falhas mecânicas ou elétricas,Tombamento,Com Vítimas Feridas,Pleno dia,Crescente,Sol,Múltipla,Reta,Sim,0.0,0.0,2.0,2.0,0.0,0.0,1.0,2.0,SPRF-ES,DEL02-ES,UOP01-DEL02-ES,0,moderado
2025-01-30,15:10,2025-01-30 15:10:00,2025.0,1.0,quinta,15.0,tarde,ES,VILA VELHA,True,0.0,BR-0,0.0,-20.48693316,-40.35321604,Curva acentuada,Colisão com objeto,Sem Vítimas,Pleno dia,Não Informado,Céu Claro,Simples,Curva,Sim,0.0,0.0,0.0,0.0,6.0,0.0,2.0,6.0,SPRF-ES,DEL01-ES,UOP01-DEL01-ES,0,baixo
2025-01-31,04:50,2025-01-31 04:50:00,2025.0,1.0,sexta,4.0,madrugada,ES,LINHARES,False,101.0,BR-101,151.0,-19.41156656,-40.06592463,Condutor deixou de manter distância do veículo da frente,Colisão traseira,Com Vítimas Feridas,Pleno dia,Crescente,Céu Claro,Simples,Reta,Não,0.0,0.0,2.0,2.0,1.0,0.0,2.0,3.0,SPRF-ES,DEL04-ES,UOP01-DEL04-ES,0,moderado
2025-01-31,16:00,2025-01-31 16:00:00,2025.0,1.0,sexta,16.0,tarde,ES,SERRA,True,101.0,BR-101,267.1,-20.19930999,-40.26884609,Velocidade Incompatível,Colisão traseira,Com Vítimas Feridas,Pleno dia,Decrescente,Sol,Múltipla,Reta,Sim,0.0,0.0,1.0,1.0,1.0,0.0,2.0,2.0,SPRF-ES,DEL02-ES,UOP01-DEL02-ES,0,moderado
2025-01-31,18:20,2025-01-31 18:20:00,2025.0,1.0,sexta,18.0,noite,ES,DOMINGOS MARTINS,False,262.0,BR-262,43.5,-20.38785088,-40.66825021,Desrespeitar a preferência no cruzamento,Colisão lateral mesmo sentido,Com Vítimas Feridas,Anoitecer,Decrescente,Céu Claro,Simples,Reta,Não,0.0,0.0,1.0,1.0,1.0,0.0,2.0,2.0,SPRF-ES,DEL01-ES,UOP01-DEL01-ES,0,moderado
2025-01-31,18:20,2025-01-31 18:20:00,2025.0,1.0,sexta,18.0,noite,ES,SERRA,True,101.0,BR-101,266.9,-20.190199,-40.26828891,Ausência de reação do condutor,Colisão lateral mesmo sentido,Com Vítimas Feridas,Anoitecer,Decrescente,Céu Claro,Dupla,Reta,Sim,0.0,0.0,1.0,1.0,1.0,0.0,2.0,2.0,SPRF-ES,DEL02-ES,UOP01-DEL02-ES,0,moderado
2025-01-31,19:57,2025-01-31 19:57:00,2025.0,1.0,sexta,19.0,noite,ES,SERRA,True,101.0,BR-101,268.0,-20.20842,-40.269405,Ausência de reação do condutor,Saída de leito carroçável,Com Vítimas Feridas,Plena Noite,Crescente,Céu Claro,Dupla,Reta,Sim,0.0,0.0,1.0,1.0,0.0,0.0,1.0,1.0,SPRF-ES,DEL02-ES,UOP01-DEL02-ES,0,moderado
2025-02-01,00:10,2025-02-01 00:10:00,2025.0,2.0,sabado,0.0,madrugada,ES,SAO MATEUS,False,101.0,BR-101,66.5,-18.7165195,-39.87436378,Reação tardia ou ineficiente do condutor,Colisão lateral mesmo sentido,Com Vítimas Feridas,Plena Noite,Decrescente,Céu Claro,Múltipla,Reta,Sim,0.0,0.0,1.0,1.0,1.0,0.0,2.0,2.0,SPRF-ES,DEL04-ES,UOP02-DEL04-ES,0,moderado
2025-02-01,09:40,2025-02-01 09:40:00,2025.0,2.0,sabado,9.0,manha,ES,SAO MATEUS,False,101.0,BR-101,57.6,-18.64677697,-39.87407788,Acessar a via sem observar a presença dos outros veículos,Colisão lateral mesmo sentido,Com Vítimas Feridas,Pleno dia,Decrescente,Céu Claro,Simples,Reta,Não,0.0,0.0,2.0,2.0,1.0,0.0,2.0,3.0,SPRF-ES,DEL04-ES,UOP02-DEL04-ES,0,moderado
2025-02-01,11:05,2025-02-01 11:05:00,2025.0,2.0,sabado,11.0,manha,ES,MARECHAL FLORIANO,False,262.0,BR-262,60.4,-20.42208895,-40.78646507,Avarias e/ou desgaste excessivo no pneu,Queda de ocupante de veículo,Com Vítimas Feridas,Pleno dia,Crescente,Céu Claro,Simples,Curva;Aclive,Não,0.0,0.0,2.0,2.0,0.0,0.0,1.0,2.0,SPRF-ES,DEL01-ES,UOP02-DEL01-ES,0,moderado
2025-02-01,20:20,2025-02-01 20:20:00,2025.0,2.0,sabado,20.0,noite,ES,LINHARES,False,101.0,BR-101,144.1,-19.35188295,-40.0636685,Manobra de mudança de faixa,Colisão lateral mesmo sentido,Com Vítimas Feridas,Plena Noite,Crescente,Nublado,Múltipla,Reta,Sim,0.0,0.0,1.0,1.0,3.0,0.0,2.0,4.0,SPRF-ES,DEL04-ES,UOP01-DEL04-ES,0,moderado
2025-02-01,23:56,2025-02-01 23:56:00,2025.0,2.0,sabado,23.0,noite,ES,RIO NOVO DO SUL,False,101.0,BR-101,397.0,-20.87297988,-40.94948206,Transitar na contramão,Colisão frontal,Com Vítimas Fatais,Plena Noite,Crescente,Céu Claro,Simples,Reta,Sim,2.0,0.0,0.0,0.0,0.0,1.0,2.0,3.0,SPRF-ES,DEL03-ES,UOP02-DEL03-ES,1,fatal
2025-02-02,05:00,2025-02-02 05:00:00,2025.0,2.0,domingo,5.0,madrugada,ES,SERRA,True,101.0,BR-101,262.4,-20.1572331,-40.27678329,Ausência de reação do condutor,Colisão com objeto,Com Vítimas Feridas,Amanhecer,Crescente,Sol,Dupla,Reta,Sim,0.0,0.0,1.0,1.0,1.0,0.0,1.0,2.0,SPRF-ES,DEL02-ES,UOP01-DEL02-ES,0,moderado
2025-02-02,09:20,2025-02-02 09:20:00,2025.0,2.0,domingo,9.0,manha,ES,DOMINGOS MARTINS,False,262.0,BR-262,69.0,-20.41226608,-40.85971695,Ultrapassagem Indevida,Colisão frontal,Com Vítimas Fatais,Pleno dia,Decrescente,Céu Claro,Simples,Reta;Aclive,Não,1.0,0.0,0.0,0.0,1.0,0.0,2.0,2.0,SPRF-ES,DEL01-ES,UOP02-DEL01-ES,1,fatal
2025-02-02,11:30,2025-02-02 11:30:00,2025.0,2.0,domingo,11.0,manha,ES,RIO NOVO DO SUL,False,101.0,BR-101,396.5,-20.868874,-40.94103,Manobra de mudança de faixa,Colisão com objeto,Com Vítimas Feridas,Pleno dia,Crescente,Céu Claro,Simples,Declive;Curva,Não,0.0,0.0,1.0,1.0,1.0,0.0,1.0,2.0,SPRF-ES,DEL03-ES,UOP02-DEL03-ES,0,moderado
2025-02-02,22:30,2025-02-02 22:30:00,2025.0,2.0,domingo,22.0,noite,ES,IBATIBA,False,262.0,BR-262,172.0,-20.26658734,-41.60261276,Ingestão de álcool pelo condutor,Colisão frontal,Com Vítimas Feridas,Plena Noite,Decrescente,Céu Claro,Simples,Reta,Não,0.0,0.0,2.0,2.0,1.0,0.0,2.0,3.0,SPRF-ES,DEL01-ES,UOP02-DEL01-ES,0,moderado
2025-02-03,09:00,2025-02-03 09:00:00,2025.0,2.0,segunda,9.0,manha,ES,VIANA,True,262.0,BR-262,18.9,-20.39137228,-40.48080285,Acessar a via sem observar a presença dos outros veículos,Colisão transversal,Com Vítimas Feridas,Pleno dia,Crescente,Sol,Simples,Reta,Sim,0.0,0.0,1.0,1.0,1.0,0.0,2.0,2.0,SPRF-ES,DEL01-ES,UOP01-DEL01-ES,0,moderado
2025-02-03,10:10,2025-02-03 10:10:00,2025.0,2.0,segunda,10.0,manha,ES,ARACRUZ,False,101.0,BR-101,180.0,-19.62382591,-40.22074012,Acessar a via sem observar a presença dos outros veículos,Colisão transversal,Com Vítimas Feridas,Pleno dia,Crescente,Céu Claro,Simples,Reta,Não,0.0,0.0,3.0,3.0,1.0,0.0,2.0,4.0,SPRF-ES,DEL04-ES,UOP01-DEL04-ES,0,moderado
2025-02-03,10:25,2025-02-03 10:25:00,2025.0,2.0,segunda,10.0,manha,ES,CARIACICA,True,101.0,BR-101,284.0,-20.24334991,-40.3696926,Ausência de reação do condutor,Saída de leito carroçável,Com Vítimas Feridas,Pleno dia,Decrescente,Sol,Dupla,Curva,Sim,0.0,0.0,1.0,1.0,1.0,0.0,1.0,2.0,SPRF-ES,DEL01-ES,UOP01-DEL01-ES,0,moderado
2025-02-03,17:34,2025-02-03 17:34:00,2025.0,2.0,segunda,17.0,tarde,ES,SAO MATEUS,False,101.0,BR-101,63.0,-18.69830807,-39.86481056,Condutor deixou de manter distância do veículo da frente,Engavetamento,Com Vítimas Feridas,Pleno dia,Crescente,Céu Claro,Simples,Curva,Não,0.0,0.0,1.0,1.0,3.0,1.0,3.0,5.0,SPRF-ES,DEL04-ES,UOP02-DEL04-ES,0,moderado
2025-02-03,19:45,2025-02-03 19:45:00,2025.0,2.0,segunda,19.0,noite,ES,SERRA,True,101.0,BR-101,260.8,-20.14616415,-40.28836206,Transitar na contramão,Colisão frontal,Com Vítimas Feridas,Plena Noite,Crescente,Céu Claro,Simples,Curva;Declive,Sim,0.0,0.0,3.0,3.0,0.0,0.0,2.0,3.0,SPRF-ES,DEL02-ES,UOP01-DEL02-ES,0,moderado
2025-02-04,08:30,2025-02-04 08:30:00,2025.0,2.0,terca,8.0,manha,ES,SERRA,True,101.0,BR-101,267.9,-20.19930999,-40.26884609,Manobra de mudança de faixa,Colisão lateral mesmo sentido,Com Vítimas Feridas,Pleno dia,Crescente,Sol,Múltipla,Interseção de Vias,Sim,0.0,0.0,1.0,1.0,0.0,1.0,2.0,2.0,SPRF-ES,DEL02-ES,UOP01-DEL02-ES,0,moderado
2025-02-04,10:50,2025-02-04 10:50:00,2025.0,2.0,terca,10.0,manha,ES,SERRA,True,101.0,BR-101,270.7,-20.22662056,-40.27075088,Ultrapassagem Indevida,Colisão lateral mesmo sentido,Com Vítimas Feridas,Pleno dia,Decrescente,Céu Claro,Dupla,Reta,Sim,0.0,0.0,1.0,1.0,0.0,1.0,2.0,2.0,SPRF-ES,DEL02-ES,UOP01-DEL02-ES,0,moderado
2025-02-04,09:00,2025-02-04 09:00:00,2025.0,2.0,terca,9.0,manha,ES,JAGUARE,False,101.0,BR-101,99.0,-18.97188909,-39.99152282,Acumulo de areia ou detritos sobre o pavimento,Tombamento,Com Vítimas Feridas,Pleno dia,Decrescente,Sol,Simples,Reta,Não,0.0,0.0,1.0,1.0,0.0,0.0,1.0,1.0,SPRF-ES,DEL04-ES,UOP02-DEL04-ES,0,moderado
2025-01-08,20:30,2025-01-08 20:30:00,2025.0,1.0,quarta,20.0,noite,ES,VILA VELHA,True,101.0,BR-101,315.4,-20.46976694,-40.46795209,Pedestre andava na pista,Atropelamento de Pedestre,Com Vítimas Fatais,Plena Noite,Crescente,Chuva,Dupla,Reta;Declive,Não,1.0,0.0,0.0,0.0,0.0,1.0,2.0,2.0,SPRF-ES,DEL01-ES,UOP01-DEL01-ES,1,fatal
2025-02-05,14:00,2025-02-05 14:00:00,2025.0,2.0,quarta,14.0,tarde,ES,SAO MATEUS,False,101.0,BR-101,64.8,-18.70428583,-39.87065983,Condutor deixou de manter distância do veículo da frente,Colisão traseira,Com Vítimas Feridas,Pleno dia,Crescente,Céu Claro,Simples,Reta,Não,0.0,0.0,1.0,1.0,1.0,0.0,2.0,2.0,SPRF-ES,DEL04-ES,UOP02-DEL04-ES,0,moderado
2025-02-05,18:45,2025-02-05 18:45:00,2025.0,2.0,quarta,18.0,noite,ES,SAO MATEUS,False,101.0,BR-101,64.2,-18.70428583,-39.87065983,Avarias e/ou desgaste excessivo no pneu,Queda de ocupante de veículo,Com Vítimas Feridas,Plena Noite,Decrescente,Céu Claro,Simples,Reta,Não,0.0,0.0,2.0,2.0,0.0,0.0,1.0,2.0,SPRF-ES,DEL04-ES,UOP02-DEL04-ES,0,moderado
2025-02-06,13:30,2025-02-06 13:30:00,2025.0,2.0,quinta,13.0,tarde,ES,SERRA,True,101.0,BR-101,247.9,-20.06746339,-40.37085006,Demais falhas mecânicas ou elétricas,Incêndio,Sem Vítimas,Pleno dia,Decrescente,Sol,Simples,Curva,Não,0.0,0.0,0.0,0.0,1.0,0.0,1.0,1.0,SPRF-ES,DEL02-ES,UOP01-DEL02-ES,0,baixo
2025-02-06,13:40,2025-02-06 13:40:00,2025.0,2.0,quinta,13.0,tarde,ES,VIANA,True,101.0,BR-101,296.9,-20.35374444,-40.4156433,Condutor deixou de manter distância do veículo da frente,Colisão traseira,Com Vítimas Feridas,Pleno dia,Crescente,Céu Claro,Múltipla,Curva,Sim,0.0,0.0,1.0,1.0,1.0,0.0,2.0,2.0,SPRF-ES,DEL01-ES,UOP01-DEL01-ES,0,moderado
2025-02-06,15:29,2025-02-06 15:29:00,2025.0,2.0,quinta,15.0,tarde,ES,CARIACICA,True,101.0,BR-101,297.7,-20.35100457,-40.41328311,Condutor deixou de manter distância do veículo da frente,Colisão lateral mesmo sentido,Com Vítimas Feridas,Pleno dia,Crescente,Céu Claro,Dupla,Reta,Sim,0.0,0.0,2.0,2.0,1.0,0.0,2.0,3.0,SPRF-ES,DEL01-ES,UOP01-DEL01-ES,0,moderado
2025-02-06,23:30,2025-02-06 23:30:00,2025.0,2.0,quinta,23.0,noite,ES,LINHARES,False,101.0,BR-101,142.5,-19.33458987,-40.06755477,Reação tardia ou ineficiente do condutor,Colisão com objeto,Sem Vítimas,Plena Noite,Decrescente,Céu Claro,Dupla,Declive,Sim,0.0,0.0,0.0,0.0,2.0,0.0,1.0,2.0,SPRF-ES,DEL04-ES,UOP01-DEL04-ES,0,baixo
2025-01-03,19:40,2025-01-03 19:40:00,2025.0,1.0,sexta,19.0,noite,ES,CARIACICA,True,101.0,BR-101,289.6,-20.28029304,-40.39302931,Manobra de mudança de faixa,Colisão lateral mesmo sentido,Com Vítimas Feridas,Plena Noite,Decrescente,Nublado,Dupla,Aclive,Sim,0.0,0.0,1.0,1.0,1.0,0.0,2.0,2.0,SPRF-ES,DEL01-ES,UOP01-DEL01-ES,0,moderado
2025-02-07,07:00,2025-02-07 07:00:00,2025.0,2.0,sexta,7.0,manha,ES,ANCHIETA,False,101.0,BR-101,368.5,-20.74480799,-40.7602114,Pista Escorregadia,Tombamento,Com Vítimas Feridas,Pleno dia,Decrescente,Céu Claro,Simples,Curva;Aclive,Não,0.0,1.0,0.0,1.0,0.0,0.0,1.0,1.0,SPRF-ES,DEL03-ES,UOP01-DEL03-ES,1,grave
2025-02-07,11:40,2025-02-07 11:40:00,2025.0,2.0,sexta,11.0,manha,ES,COLATINA,False,259.0,BR-259,50.0,-19.510103,-40.60615,Reação tardia ou ineficiente do condutor,Colisão frontal,Com Vítimas Feridas,Pleno dia,Crescente,Céu Claro,Simples,Reta,Sim,0.0,1.0,2.0,3.0,0.0,0.0,2.0,3.0,SPRF-ES,DEL02-ES,UOP01-DEL02-ES,1,grave
2025-02-07,14:15,2025-02-07 14:15:00,2025.0,2.0,sexta,14.0,tarde,ES,ANCHIETA,False,101.0,BR-101,359.3,-20.69768274,-40.71161014,Acesso irregular,Colisão transversal,Com Vítimas Feridas,Pleno dia,Crescente,Nublado,Simples,Reta;Aclive,Não,0.0,0.0,1.0,1.0,3.0,0.0,2.0,4.0,SPRF-ES,DEL03-ES,UOP01-DEL03-ES,0,moderado
2025-02-07,15:00,2025-02-07 15:00:00,2025.0,2.0,sexta,15.0,tarde,ES,SAO MATEUS,False,101.0,BR-101,67.5,-18.72054021,-39.8658931,Acessar a via sem observar a presença dos outros veículos,Colisão lateral mesmo sentido,Com Vítimas Feridas,Pleno dia,Decrescente,Céu Claro,Dupla,Interseção de Vias,Sim,0.0,0.0,1.0,1.0,1.0,0.0,2.0,2.0,SPRF-ES,DEL04-ES,UOP02-DEL04-ES,0,moderado
2025-02-07,16:30,2025-02-07 16:30:00,2025.0,2.0,sexta,16.0,tarde,ES,SERRA,True,101.0,BR-101,266.0,-20.190199,-40.26828891,Reação tardia ou ineficiente do condutor,Tombamento,Com Vítimas Feridas,Pleno dia,Decrescente,Céu Claro,Dupla,Reta,Sim,0.0,0.0,1.0,1.0,0.0,1.0,2.0,2.0,SPRF-ES,DEL02-ES,UOP01-DEL02-ES,0,moderado
2025-02-07,20:00,2025-02-07 20:00:00,2025.0,2.0,sexta,20.0,noite,ES,COLATINA,False,259.0,BR-259,57.0,-19.50865703,-40.65581416,Reação tardia ou ineficiente do condutor,Tombamento,Com Vítimas Feridas,Plena Noite,Crescente,Céu Claro,Simples,Reta,Não,0.0,0.0,1.0,1.0,0.0,0.0,1.0,1.0,SPRF-ES,DEL02-ES,UOP01-DEL02-ES,0,moderado
2025-02-08,08:10,2025-02-08 08:10:00,2025.0,2.0,sabado,8.0,manha,ES,SERRA,True,101.0,BR-101,277.8,-20.21307738,-40.32125972,Ultrapassagem Indevida,Colisão lateral mesmo sentido,Com Vítimas Feridas,Pleno dia,Crescente,Sol,Dupla,Reta,Não,0.0,0.0,1.0,1.0,1.0,0.0,2.0,2.0,SPRF-ES,DEL02-ES,UOP01-DEL02-ES,0,moderado
2025-02-08,09:30,2025-02-08 09:30:00,2025.0,2.0,sabado,9.0,manha,ES,LINHARES,False,101.0,BR-101,142.5,-19.33458987,-40.06755477,Acessar a via sem observar a presença dos outros veículos,Colisão lateral mesmo sentido,Com Vítimas Feridas,Pleno dia,Crescente,Sol,Múltipla,Retorno Regulamentado;Reta,Sim,0.0,0.0,2.0,2.0,1.0,0.0,2.0,3.0,SPRF-ES,DEL04-ES,UOP01-DEL04-ES,0,moderado