data,hora,data_hora,ano,mes,dia_semana,hora_dia,periodo_dia,uf,municipio,regiao_grande_vitoria,rodovia,rodovia_label,km,latitude,longitude,causa,tipo_acidente,classificacao,fase_dia,sentido_via,condicao_metereologica,tipo_pista,tracado_via,uso_solo,mortos,feridos_graves,feridos_leves,feridos,ilesos,ignorados,veiculos,pessoas,regional,delegacia,uop,risco_alto,nivel_risco
2025-02-08,10:00,2025-02-08 10:00:00,2025.0,2.0,sabado,10.0,manha,ES,LINHARES,False,101.0,BR-101,150.5,-19.40436634,-40.06078896,Condutor deixou de manter distância do veículo da frente,Tombamento,Com Vítimas Feridas,Pleno dia,Decrescente,Céu Claro,Simples,Curva,Sim,0.0,0.0,1.0,1.0,1.0,0.0,1.0,2.0,SPRF-ES,DEL04-ES,UOP01-DEL04-ES,0,moderado
2025-02-08,01:00,2025-02-08 01:00:00,2025.0,2.0,sabado,1.0,madrugada,ES,COLATINA,False,259.0,BR-259,40.0,-19.55614791,-40.53865402,Ausência de reação do condutor,Saída de leito carroçável,Com Vítimas Feridas,Plena Noite,Crescente,Céu Claro,Simples,Reta,Não,0.0,1.0,0.0,1.0,0.0,0.0,1.0,1.0,SPRF-ES,DEL02-ES,UOP01-DEL02-ES,1,grave
2025-02-08,15:50,2025-02-08 15:50:00,2025.0,2.0,sabado,15.0,tarde,ES,CARIACICA,True,262.0,BR-262,0.9,-20.320793,-40.353315,Reação tardia ou ineficiente do condutor,Colisão traseira,Com Vítimas Feridas,Pleno dia,Crescente,Sol,Dupla,Ponte;Reta,Sim,0.0,1.0,1.0,2.0,0.0,0.0,2.0,2.0,SPRF-ES,DEL01-ES,UOP01-DEL01-ES,1,grave
2025-02-08,19:10,2025-02-08 19:10:00,2025.0,2.0,sabado,19.0,noite,ES,SAO MATEUS,False,101.0,BR-101,68.0,-18.726597,-39.85975,Ingestão de álcool pelo condutor,Colisão traseira,Com Vítimas Feridas,Plena Noite,Decrescente,Céu Claro,Simples,Reta;Declive,Sim,0.0,0.0,1.0,1.0,1.0,0.0,2.0,2.0,SPRF-ES,DEL04-ES,UOP02-DEL04-ES,0,moderado
2025-02-09,12:30,2025-02-09 12:30:00,2025.0,2.0,domingo,12.0,tarde,ES,SERRA,True,101.0,BR-101,275.0,-20.20828089,-40.30388897,Reação tardia ou ineficiente do condutor,Queda de ocupante de veículo,Com Vítimas Feridas,Pleno dia,Decrescente,Céu Claro,Dupla,Reta,Não,0.0,0.0,1.0,1.0,0.0,0.0,1.0,1.0,SPRF-ES,DEL02-ES,UOP01-DEL02-ES,0,moderado
2025-02-09,17:00,2025-02-09 17:00:00,2025.0,2.0,domingo,17.0,tarde,ES,GUARAPARI,True,101.0,BR-101,350.1,-20.665676,-40.655926,Ausência de reação do condutor,Capotamento,Com Vítimas Feridas,Pleno dia,Crescente,Sol,Dupla,Curva,Não,0.0,0.0,2.0,2.0,0.0,0.0,1.0,2.0,SPRF-ES,DEL03-ES,UOP01-DEL03-ES,0,moderado
2025-02-09,17:30,2025-02-09 17:30:00,2025.0,2.0,domingo,17.0,tarde,ES,SERRA,True,101.0,BR-101,260.0,-20.14616415,-40.28836206,Ausência de reação do condutor,Queda de ocupante de veículo,Com Vítimas Feridas,Plena Noite,Crescente,Céu Claro,Simples,Reta,Não,0.0,0.0,1.0,1.0,0.0,0.0,1.0,1.0,SPRF-ES,DEL02-ES,UOP01-DEL02-ES,0,moderado
2025-02-09,18:00,2025-02-09 18:00:00,2025.0,2.0,domingo,18.0,noite,ES,SERRA,True,101.0,BR-101,270.0,-20.22662056,-40.27075088,Conversão proibida,Colisão transversal,Com Vítimas Feridas,Anoitecer,Decrescente,Céu Claro,Múltipla,Reta;Interseção de Vias,Sim,0.0,0.0,1.0,1.0,2.0,1.0,3.0,4.0,SPRF-ES,DEL02-ES,UOP01-DEL02-ES,0,moderado
2025-02-09,19:00,2025-02-09 19:00:00,2025.0,2.0,domingo,19.0,noite,ES,FUNDAO,True,101.0,BR-101,231.0,-19.94425773,-40.40662323,Velocidade Incompatível,Colisão traseira,Com Vítimas Feridas,Pleno dia,Decrescente,Céu Claro,Simples,Reta,Não,0.0,0.0,2.0,2.0,0.0,1.0,2.0,3.0,SPRF-ES,DEL02-ES,UOP01-DEL02-ES,0,moderado
2025-02-09,20:30,2025-02-09 20:30:00,2025.0,2.0,domingo,20.0,noite,ES,ATILIO VIVACQUA,False,101.0,BR-101,423.0,-20.989783,-41.118799,Velocidade Incompatível,Saída de leito carroçável,Com Vítimas Feridas,Plena Noite,Crescente,Céu Claro,Simples,Curva,Não,0.0,0.0,2.0,2.0,0.0,0.0,1.0,2.0,SPRF-ES,DEL03-ES,UOP02-DEL03-ES,0,moderado
2025-02-09,21:00,2025-02-09 21:00:00,2025.0,2.0,domingo,21.0,noite,ES,ATILIO VIVACQUA,False,101.0,BR-101,426.2,-21.00770847,-41.13888973,Pedestre andava na pista,Atropelamento de Pedestre,Com Vítimas Fatais,Plena Noite,Crescente,Céu Claro,Simples,Reta,Não,1.0,0.0,0.0,0.0,2.0,0.0,2.0,3.0,SPRF-ES,DEL03-ES,UOP02-DEL03-ES,1,fatal
2025-02-10,12:30,2025-02-10 12:30:00,2025.0,2.0,segunda,12.0,tarde,ES,VILA VELHA,True,101.0,BR-101,319.7,-20.50358302,-40.47483522,Demais falhas mecânicas ou elétricas,Tombamento,Com Vítimas Feridas,Pleno dia,Decrescente,Céu Claro,Dupla,Aclive,Não,0.0,0.0,1.0,1.0,0.0,0.0,1.0,1.0,SPRF-ES,DEL03-ES,UOP01-DEL03-ES,0,moderado
2025-02-11,08:25,2025-02-11 08:25:00,2025.0,2.0,terca,8.0,manha,ES,CARIACICA,True,101.0,BR-101,285.2,-20.25148171,-40.37270066,Ausência de reação do condutor,Colisão traseira,Com Vítimas Feridas,Pleno dia,Decrescente,Céu Claro,Dupla,Reta,Sim,0.0,0.0,1.0,1.0,1.0,0.0,2.0,2.0,SPRF-ES,DEL01-ES,UOP01-DEL01-ES,0,moderado
2025-02-11,12:25,2025-02-11 12:25:00,2025.0,2.0,terca,12.0,tarde,ES,LINHARES,False,101.0,BR-101,148.5,-19.38787399,-40.06752766,Acessar a via sem observar a presença dos outros veículos,Colisão transversal,Com Vítimas Feridas,Pleno dia,Decrescente,Chuva,Dupla,Interseção de Vias,Não,0.0,0.0,1.0,1.0,1.0,0.0,2.0,2.0,SPRF-ES,DEL04-ES,UOP01-DEL04-ES,0,moderado
2025-02-11,11:00,2025-02-11 11:00:00,2025.0,2.0,terca,11.0,manha,ES,BREJETUBA,False,262.0,BR-262,135.2,-20.24466108,-41.3313501,Condutor Dormindo,Saída de leito carroçável,Com Vítimas Feridas,Pleno dia,Crescente,Céu Claro,Simples,Curva,Não,0.0,1.0,0.0,1.0,0.0,0.0,1.0,1.0,SPRF-ES,DEL01-ES,UOP02-DEL01-ES,1,grave
2025-02-11,14:20,2025-02-11 14:20:00,2025.0,2.0,terca,14.0,tarde,ES,CARIACICA,True,101.0,BR-101,296.0,-20.34029997,-40.40405712,Acumulo de areia ou detritos sobre o pavimento,Queda de ocupante de veículo,Com Vítimas Feridas,Pleno dia,Crescente,Céu Claro,Simples,Reta,Não,0.0,0.0,1.0,1.0,0.0,0.0,1.0,1.0,SPRF-ES,DEL01-ES,UOP01-DEL01-ES,0,moderado
2025-02-11,15:10,2025-02-11 15:10:00,2025.0,2.0,terca,15.0,tarde,ES,ANCHIETA,False,101.0,BR-101,370.2,-20.76871121,-40.75999937,Desrespeitar a preferência no cruzamento,Colisão transversal,Com Vítimas Feridas,Pleno dia,Crescente,Nublado,Simples,Reta,Não,0.0,0.0,1.0,1.0,2.0,0.0,2.0,3.0,SPRF-ES,DEL03-ES,UOP01-DEL03-ES,0,moderado
2025-02-11,17:40,2025-02-11 17:40:00,2025.0,2.0,terca,17.0,tarde,ES,SAO MATEUS,False,101.0,BR-101,64.5,-18.70428583,-39.87065983,Ausência de reação do condutor,Colisão com objeto,Com Vítimas Feridas,Pleno dia,Decrescente,Céu Claro,Simples,Ponte,Sim,0.0,0.0,1.0,1.0,0.0,0.0,1.0,1.0,SPRF-ES,DEL04-ES,UOP02-DEL04-ES,0,moderado
2025-02-12,04:30,2025-02-12 04:30:00,2025.0,2.0,quarta,4.0,madrugada,ES,SERRA,True,101.0,BR-101,262.2,-20.1615273,-40.2752806,Reação tardia ou ineficiente do condutor,Tombamento,Com Vítimas Feridas,Amanhecer,Decrescente,Céu Claro,Dupla,Reta;Declive,Sim,0.0,0.0,1.0,1.0,0.0,0.0,1.0,1.0,SPRF-ES,DEL02-ES,UOP01-DEL02-ES,0,moderado
2025-02-12,07:45,2025-02-12 07:45:00,2025.0,2.0,quarta,7.0,manha,ES,SERRA,True,101.0,BR-101,265.0,-20.1816849,-40.26536036,Ausência de reação do condutor,Colisão lateral mesmo sentido,Com Vítimas Feridas,Pleno dia,Crescente,Céu Claro,Dupla,Reta,Não,0.0,1.0,0.0,1.0,1.0,0.0,2.0,2.0,SPRF-ES,DEL02-ES,UOP01-DEL02-ES,1,grave
2025-02-12,07:57,2025-02-12 07:57:00,2025.0,2.0,quarta,7.0,manha,ES,VIANA,True,101.0,BR-101,297.0,-20.34529844,-40.41026774,Condutor deixou de manter distância do veículo da frente,Colisão traseira,Com Vítimas Feridas,Pleno dia,Crescente,Céu Claro,Múltipla,Reta,Sim,0.0,0.0,1.0,1.0,2.0,0.0,3.0,3.0,SPRF-ES,DEL01-ES,UOP01-DEL01-ES,0,moderado
2025-02-12,09:00,2025-02-12 09:00:00,2025.0,2.0,quarta,9.0,manha,ES,SERRA,True,101.0,BR-101,278.9,-20.21698365,-40.32974606,Condutor Dormindo,Saída de leito carroçável,Com Vítimas Feridas,Pleno dia,Decrescente,Céu Claro,Dupla,Curva;Declive,Não,0.0,0.0,1.0,1.0,1.0,0.0,1.0,2.0,SPRF-ES,DEL02-ES,UOP01-DEL02-ES,0,moderado
2025-02-12,09:00,2025-02-12 09:00:00,2025.0,2.0,quarta,9.0,manha,ES,MIMOSO DO SUL,False,101.0,BR-101,442.0,-21.09042295,-41.24777308,Ausência de reação do condutor,Saída de leito carroçável,Com Vítimas Feridas,Pleno dia,Decrescente,Céu Claro,Simples,Curva,Não,0.0,0.0,1.0,1.0,0.0,0.0,1.0,1.0,SPRF-ES,DEL03-ES,UOP02-DEL03-ES,0,moderado
2025-02-12,10:45,2025-02-12 10:45:00,2025.0,2.0,quarta,10.0,manha,ES,LINHARES,False,101.0,BR-101,145.1,-19.36089598,-40.06464018,Mal súbito do condutor,Colisão lateral mesmo sentido,Com Vítimas Feridas,Pleno dia,Decrescente,Céu Claro,Dupla,Reta,Sim,0.0,0.0,1.0,1.0,3.0,0.0,2.0,4.0,SPRF-ES,DEL04-ES,UOP01-DEL04-ES,0,moderado
2025-02-12,15:15,2025-02-12 15:15:00,2025.0,2.0,quarta,15.0,tarde,ES,SERRA,True,101.0,BR-101,259.0,-20.13930636,-40.29233694,Velocidade Incompatível,Saída de leito carroçável,Com Vítimas Feridas,Pleno dia,Decrescente,Sol,Simples,Curva;Declive,Sim,0.0,0.0,2.0,2.0,0.0,0.0,1.0,2.0,SPRF-ES,DEL02-ES,UOP01-DEL02-ES,0,moderado
2025-02-12,18:30,2025-02-12 18:30:00,2025.0,2.0,quarta,18.0,noite,ES,SERRA,True,101.0,BR-101,262.0,-20.1572331,-40.27678329,Condutor deixou de manter distância do veículo da frente,Colisão traseira,Com Vítimas Feridas,Plena Noite,Crescente,Nublado,Dupla,Reta,Não,0.0,1.0,0.0,1.0,1.0,0.0,2.0,2.0,SPRF-ES,DEL02-ES,UOP01-DEL02-ES,1,grave
2025-02-12,21:40,2025-02-12 21:40:00,2025.0,2.0,quarta,21.0,noite,ES,SERRA,True,101.0,BR-101,269.0,-20.21740496,-40.26990578,Reação tardia ou ineficiente do condutor,Queda de ocupante de veículo,Com Vítimas Feridas,Plena Noite,Crescente,Céu Claro,Dupla,Reta,Sim,0.0,0.0,1.0,1.0,0.0,0.0,1.0,1.0,SPRF-ES,DEL02-ES,UOP01-DEL02-ES,0,moderado
2025-02-12,21:35,2025-02-12 21:35:00,2025.0,2.0,quarta,21.0,noite,ES,SERRA,True,101.0,BR-101,270.0,-20.22662056,-40.27075088,Condutor desrespeitou a iluminação vermelha do semáforo,Colisão transversal,Com Vítimas Feridas,Plena Noite,Decrescente,Céu Claro,Dupla,Interseção de Vias,Sim,0.0,2.0,0.0,2.0,0.0,1.0,2.0,3.0,SPRF-ES,DEL02-ES,UOP01-DEL02-ES,1,grave
2025-02-13,18:20,2025-02-13 18:20:00,2025.0,2.0,quinta,18.0,noite,ES,SERRA,True,101.0,BR-101,263.0,-20.16554736,-40.27301648,Reação tardia ou ineficiente do condutor,Queda de ocupante de veículo,Com Vítimas Feridas,Anoitecer,Decrescente,Céu Claro,Dupla,Reta,Sim,0.0,0.0,1.0,1.0,0.0,0.0,1.0,1.0,SPRF-ES,DEL02-ES,UOP01-DEL02-ES,0,moderado
2025-02-14,07:20,2025-02-14 07:20:00,2025.0,2.0,sexta,7.0,manha,ES,CARIACICA,True,101.0,BR-101,285.1,-20.25148171,-40.37270066,Acessar a via sem observar a presença dos outros veículos,Colisão transversal,Com Vítimas Feridas,Pleno dia,Crescente,Céu Claro,Simples,Retorno Regulamentado,Sim,0.0,1.0,0.0,1.0,1.0,0.0,2.0,2.0,SPRF-ES,DEL01-ES,UOP01-DEL01-ES,1,grave
2025-02-14,11:30,2025-02-14 11:30:00,2025.0,2.0,sexta,11.0,manha,ES,COLATINA,False,259.0,BR-259,67.9,-19.51173443,-40.73338221,Ultrapassagem Indevida,Colisão lateral mesmo sentido,Com Vítimas Feridas,Pleno dia,Decrescente,Céu Claro,Simples,Reta,Não,0.0,0.0,2.0,2.0,0.0,0.0,2.0,2.0,SPRF-ES,DEL02-ES,UOP01-DEL02-ES,0,moderado
2025-02-14,14:15,2025-02-14 14:15:00,2025.0,2.0,sexta,14.0,tarde,ES,SAO MATEUS,False,101.0,BR-101,80.1,-18.82149709,-39.90673788,Ultrapassagem Indevida,Colisão traseira,Com Vítimas Feridas,Pleno dia,Decrescente,Sol,Simples,Reta,Não,0.0,0.0,1.0,1.0,1.0,0.0,2.0,2.0,SPRF-ES,DEL04-ES,UOP02-DEL04-ES,0,moderado
2025-02-14,14:30,2025-02-14 14:30:00,2025.0,2.0,sexta,14.0,tarde,ES,VIANA,True,101.0,BR-101,299.7,-20.35860628,-40.42327504,Acessar a via sem observar a presença dos outros veículos,Atropelamento de Pedestre,Com Vítimas Feridas,Pleno dia,Crescente,Céu Claro,Múltipla,Reta,Sim,0.0,1.0,0.0,1.0,1.0,0.0,2.0,2.0,SPRF-ES,DEL01-ES,UOP01-DEL01-ES,1,grave
2025-02-14,15:40,2025-02-14 15:40:00,2025.0,2.0,sexta,15.0,tarde,ES,COLATINA,False,259.0,BR-259,57.3,-19.50865703,-40.65581416,Demais falhas mecânicas ou elétricas,Tombamento,Com Vítimas Feridas,Pleno dia,Crescente,Céu Claro,Simples,Reta,Não,0.0,0.0,1.0,1.0,0.0,0.0,1.0,1.0,SPRF-ES,DEL02-ES,UOP01-DEL02-ES,0,moderado
2025-02-14,15:55,2025-02-14 15:55:00,2025.0,2.0,sexta,15.0,tarde,ES,LINHARES,False,101.0,BR-101,143.3,-19.34286596,-40.0638568,Trafegar com motocicleta (ou similar) entre as faixas,Colisão lateral mesmo sentido,Com Vítimas Feridas,Pleno dia,Crescente,Céu Claro,Dupla,Reta,Sim,0.0,0.0,1.0,1.0,1.0,0.0,2.0,2.0,SPRF-ES,DEL04-ES,UOP01-DEL04-ES,0,moderado
2025-02-14,15:50,2025-02-14 15:50:00,2025.0,2.0,sexta,15.0,tarde,ES,CARIACICA,True,101.0,BR-101,293.0,-20.31413276,-40.39536023,Conversão proibida,Colisão lateral mesmo sentido,Com Vítimas Feridas,Pleno dia,Decrescente,Céu Claro,Dupla,Em Obras;Reta,Sim,0.0,0.0,3.0,3.0,0.0,0.0,2.0,3.0,SPRF-ES,DEL01-ES,UOP01-DEL01-ES,0,moderado
2025-02-14,17:00,2025-02-14 17:00:00,2025.0,2.0,sexta,17.0,tarde,ES,LINHARES,False,101.0,BR-101,129.0,-19.22093104,-40.0936152,Demais falhas mecânicas ou elétricas,Tombamento,Com Vítimas Feridas,Pleno dia,Decrescente,Céu Claro,Simples,Reta;Aclive,Não,0.0,0.0,2.0,2.0,0.0,0.0,1.0,2.0,SPRF-ES,DEL04-ES,UOP01-DEL04-ES,0,moderado
2025-02-14,20:00,2025-02-14 20:00:00,2025.0,2.0,sexta,20.0,noite,ES,VIANA,True,101.0,BR-101,308.0,-20.40809191,-40.45835336,Reação tardia ou ineficiente do condutor,Saída de leito carroçável,Com Vítimas Feridas,Plena Noite,Decrescente,Céu Claro,Dupla,Reta,Não,0.0,1.0,2.0,3.0,0.0,0.0,1.0,3.0,SPRF-ES,DEL01-ES,UOP01-DEL01-ES,1,grave
2025-02-15,02:20,2025-02-15 02:20:00,2025.0,2.0,sabado,2.0,madrugada,ES,GUARAPARI,True,101.0,BR-101,327.3,-20.57231099,-40.48455601,Ausência de reação do condutor,Colisão com objeto,Com Vítimas Feridas,Plena Noite,Decrescente,Céu Claro,Dupla,Reta,Não,0.0,1.0,0.0,1.0,0.0,0.0,1.0,1.0,SPRF-ES,DEL03-ES,UOP01-DEL03-ES,1,grave
2025-02-15,03:00,2025-02-15 03:00:00,2025.0,2.0,sabado,3.0,madrugada,ES,RIO NOVO DO SUL,False,101.0,BR-101,392.5,-20.865694,-40.91366,Manobra de mudança de faixa,Colisão lateral mesmo sentido,Com Vítimas Feridas,Plena Noite,Crescente,Céu Claro,Simples,Interseção de Vias,Não,0.0,1.0,0.0,1.0,1.0,0.0,2.0,2.0,SPRF-ES,DEL03-ES,UOP02-DEL03-ES,1,grave
2025-02-15,07:40,2025-02-15 07:40:00,2025.0,2.0,sabado,7.0,manha,ES,SERRA,True,101.0,BR-101,270.5,-20.22662056,-40.27075088,Faixas de trânsito com largura insuficiente,Colisão lateral mesmo sentido,Sem Vítimas,Pleno dia,Crescente,Céu Claro,Simples,Reta,Sim,0.0,0.0,0.0,0.0,2.0,0.0,2.0,2.0,SPRF-ES,DEL02-ES,UOP01-DEL02-ES,0,baixo
2025-02-15,08:00,2025-02-15 08:00:00,2025.0,2.0,sabado,8.0,manha,ES,ICONHA,False,101.0,BR-101,372.5,-20.77215419,-40.77695658,Suicídio (presumido),Atropelamento de Pedestre,Com Vítimas Feridas,Pleno dia,Crescente,Sol,Simples,Reta,Não,0.0,1.0,0.0,1.0,1.0,1.0,2.0,3.0,SPRF-ES,DEL03-ES,UOP01-DEL03-ES,1,grave
2025-02-15,12:00,2025-02-15 12:00:00,2025.0,2.0,sabado,12.0,tarde,ES,IBATIBA,False,262.0,BR-262,154.2,-20.22262434,-41.46210677,Reação tardia ou ineficiente do condutor,Colisão traseira,Com Vítimas Feridas,Pleno dia,Decrescente,Céu Claro,Simples,Reta,Não,0.0,1.0,0.0,1.0,1.0,0.0,2.0,2.0,SPRF-ES,DEL01-ES,UOP02-DEL01-ES,1,grave
2025-02-15,14:20,2025-02-15 14:20:00,2025.0,2.0,sabado,14.0,tarde,ES,VIANA,True,101.0,BR-101,299.5,-20.35860628,-40.42327504,Desrespeitar a preferência no cruzamento,Colisão transversal,Com Vítimas Feridas,Pleno dia,Crescente,Sol,Múltipla,Interseção de Vias,Sim,0.0,0.0,1.0,1.0,1.0,0.0,2.0,2.0,SPRF-ES,DEL01-ES,UOP01-DEL01-ES,0,moderado
2025-02-16,00:05,2025-02-16 00:05:00,2025.0,2.0,domingo,0.0,madrugada,ES,LINHARES,False,101.0,BR-101,164.5,-19.50607582,-40.13470026,Transitar na contramão,Colisão frontal,Com Vítimas Fatais,Plena Noite,Crescente,Céu Claro,Simples,Reta,Não,1.0,0.0,0.0,0.0,0.0,1.0,2.0,2.0,SPRF-ES,DEL04-ES,UOP01-DEL04-ES,1,fatal
2025-02-16,03:00,2025-02-16 03:00:00,2025.0,2.0,domingo,3.0,madrugada,ES,ANCHIETA,False,101.0,BR-101,371.2,-20.77035735,-40.76847015,Condutor Dormindo,Saída de leito carroçável,Com Vítimas Feridas,Plena Noite,Crescente,Céu Claro,Simples,Reta,Não,0.0,0.0,1.0,1.0,0.0,0.0,1.0,1.0,SPRF-ES,DEL03-ES,UOP01-DEL03-ES,0,moderado
2025-02-16,04:00,2025-02-16 04:00:00,2025.0,2.0,domingo,4.0,madrugada,ES,SOORETAMA,False,101.0,BR-101,127.0,-19.202898,-40.095524,Reação tardia ou ineficiente do condutor,Tombamento,Com Vítimas Feridas,Plena Noite,Decrescente,Céu Claro,Simples,Reta,Sim,0.0,0.0,1.0,1.0,0.0,0.0,1.0,1.0,SPRF-ES,DEL04-ES,UOP01-DEL04-ES,0,moderado
2025-02-16,06:10,2025-02-16 06:10:00,2025.0,2.0,domingo,6.0,manha,ES,PEDRO CANARIO,False,101.0,BR-101,19.0,-18.31846928,-39.95435579,Reação tardia ou ineficiente do condutor,Queda de ocupante de veículo,Com Vítimas Feridas,Pleno dia,Crescente,Sol,Simples,Reta,Não,0.0,0.0,1.0,1.0,0.0,1.0,1.0,2.0,SPRF-ES,DEL04-ES,UOP02-DEL04-ES,0,moderado
2025-02-16,08:00,2025-02-16 08:00:00,2025.0,2.0,domingo,8.0,manha,ES,CARIACICA,True,101.0,BR-101,282.0,-20.23066465,-40.36692012,Reação tardia ou ineficiente do condutor,Colisão lateral sentido oposto,Com Vítimas Feridas,Pleno dia,Crescente,Céu Claro,Dupla,Retorno Regulamentado,Sim,0.0,0.0,1.0,1.0,0.0,1.0,2.0,2.0,SPRF-ES,DEL01-ES,UOP01-DEL01-ES,0,moderado
2025-02-16,07:39,2025-02-16 07:39:00,2025.0,2.0,domingo,7.0,manha,ES,DOMINGOS MARTINS,False,262.0,BR-262,79.0,-20.4116634,-40.92642188,Reação tardia ou ineficiente do condutor,Colisão frontal,Com Vítimas Fatais,Pleno dia,Crescente,Céu Claro,Simples,Curva,Não,2.0,0.0,2.0,2.0,0.0,0.0,4.0,4.0,SPRF-ES,DEL01-ES,UOP02-DEL01-ES,1,fatal
2025-02-16,11:51,2025-02-16 11:51:00,2025.0,2.0,domingo,11.0,manha,ES,VIANA,True,262.0,BR-262,22.9,-20.37976169,-40.52199585,Velocidade Incompatível,Tombamento,Com Vítimas Feridas,Pleno dia,Crescente,Sol,Simples,Aclive;Curva,Sim,0.0,0.0,1.0,1.0,0.0,0.0,1.0,1.0,SPRF-ES,DEL01-ES,UOP01-DEL01-ES,0,moderado
2025-02-16,12:30,2025-02-16 12:30:00,2025.0,2.0,domingo,12.0,tarde,ES,VIANA,True,101.0,BR-101,303.5,-20.37695747,-40.44527144,Avarias e/ou desgaste excessivo no pneu,Saída de leito carroçável,Com Vítimas Feridas,Pleno dia,Decrescente,Sol,Dupla,Reta,Sim,0.0,0.0,1.0,1.0,2.0,0.0,1.0,3.0,SPRF-ES,DEL01-ES,UOP01-DEL01-ES,0,moderado
2025-02-16,12:25,2025-02-16 12:25:00,2025.0,2.0,domingo,12.0,tarde,ES,MUNIZ FREIRE,False,262.0,BR-262,140.0,-20.2284777,-41.36813281,Acessar a via sem observar a presença dos outros veículos,Colisão transversal,Com Vítimas Feridas,Pleno dia,Crescente,Céu Claro,Simples,Reta,Não,0.0,0.0,2.0,2.0,1.0,0.0,2.0,3.0,SPRF-ES,DEL01-ES,UOP02-DEL01-ES,0,moderado
2025-02-16,14:15,2025-02-16 14:15:00,2025.0,2.0,domingo,14.0,tarde,ES,RIO NOVO DO SUL,False,101.0,BR-101,394.9,-20.8660171,-40.93193114,Acessar a via sem observar a presença dos outros veículos,Colisão transversal,Com Vítimas Feridas,Pleno dia,Crescente,Céu Claro,Simples,Curva,Sim,0.0,0.0,1.0,1.0,2.0,0.0,2.0,3.0,SPRF-ES,DEL03-ES,UOP02-DEL03-ES,0,moderado
2025-02-16,17:40,2025-02-16 17:40:00,2025.0,2.0,domingo,17.0,tarde,ES,IBIRACU,False,101.0,BR-101,214.0,-19.82999127,-40.37211181,Acessar a via sem observar a presença dos outros veículos,Colisão transversal,Com Vítimas Feridas,Pleno dia,Decrescente,Céu Claro,Simples,Retorno Regulamentado;Reta;Interseção de Vias,Sim,0.0,1.0,0.0,1.0,1.0,0.0,2.0,2.0,SPRF-ES,DEL02-ES,UOP01-DEL02-ES,1,grave
2025-02-16,18:05,2025-02-16 18:05:00,2025.0,2.0,domingo,18.0,noite,ES,BREJETUBA,False,262.0,BR-262,135.0,-20.24466108,-41.3313501,Ausência de reação do condutor,Queda de ocupante de veículo,Com Vítimas Feridas,Anoitecer,Crescente,Céu Claro,Simples,Curva,Não,0.0,0.0,2.0,2.0,0.0,0.0,1.0,2.0,SPRF-ES,DEL01-ES,UOP02-DEL01-ES,0,moderado
2025-02-17,09:30,2025-02-17 09:30:00,2025.0,2.0,segunda,9.0,manha,ES,LINHARES,False,101.0,BR-101,137.5,-19.29308199,-40.08591691,Condutor deixou de manter distância do veículo da frente,Colisão traseira,Com Vítimas Feridas,Pleno dia,Decrescente,Céu Claro,Simples,Reta,Não,0.0,0.0,1.0,1.0,2.0,0.0,2.0,3.0,SPRF-ES,DEL04-ES,UOP01-DEL04-ES,0,moderado
2025-02-17,10:50,2025-02-17 10:50:00,2025.0,2.0,segunda,10.0,manha,ES,DOMINGOS MARTINS,False,262.0,BR-262,93.0,-20.37908136,-41.05047852,Transitar na contramão,Colisão frontal,Com Vítimas Feridas,Pleno dia,Crescente,Céu Claro,Simples,Curva,Não,0.0,1.0,0.0,1.0,1.0,0.0,2.0,2.0,SPRF-ES,DEL01-ES,UOP02-DEL01-ES,1,grave
2025-02-17,11:00,2025-02-17 11:00:00,2025.0,2.0,segunda,11.0,manha,ES,FUNDAO,True,101.0,BR-101,239.5,-20.00782494,-40.40790907,Acessar a via sem observar a presença dos outros veículos,Colisão traseira,Com Vítimas Feridas,Pleno dia,Crescente,Sol,Dupla,Reta,Sim,0.0,0.0,1.0,1.0,1.0,0.0,2.0,2.0,SPRF-ES,DEL02-ES,UOP01-DEL02-ES,0,moderado
2025-02-17,11:20,2025-02-17 11:20:00,2025.0,2.0,segunda,11.0,manha,ES,VENDA NOVA DO IMIGRANTE,False,262.0,BR-262,112.8,-20.333874,-41.205023,Transitar na contramão,Colisão frontal,Com Vítimas Feridas,Pleno dia,Decrescente,Céu Claro,Simples,Curva;Aclive,Sim,0.0,0.0,2.0,2.0,1.0,1.0,3.0,4.0,SPRF-ES,DEL01-ES,UOP02-DEL01-ES,0,moderado
2025-02-17,15:05,2025-02-17 15:05:00,2025.0,2.0,segunda,15.0,tarde,ES,SERRA,True,101.0,BR-101,270.0,-20.22,-40.27,Condutor deixou de manter distância do veículo da frente,Colisão traseira,Com Vítimas Feridas,Pleno dia,Crescente,Céu Claro,Múltipla,Reta,Sim,0.0,0.0,1.0,1.0,1.0,0.0,2.0,2.0,SPRF-ES,DEL02-ES,UOP01-DEL02-ES,0,moderado