data,hora,data_hora,ano,mes,dia_semana,hora_dia,periodo_dia,uf,municipio,regiao_grande_vitoria,rodovia,rodovia_label,km,latitude,longitude,causa,tipo_acidente,classificacao,fase_dia,sentido_via,condicao_metereologica,tipo_pista,tracado_via,uso_solo,mortos,feridos_graves,feridos_leves,feridos,ilesos,ignorados,veiculos,pessoas,regional,delegacia,uop,risco_alto,nivel_risco
2025-02-17,16:43,2025-02-17 16:43:00,2025.0,2.0,segunda,16.0,tarde,ES,SAO MATEUS,False,101.0,BR-101,70.0,-18.74453703,-39.86164665,Acessar a via sem observar a presença dos outros veículos,Colisão transversal,Com Vítimas Feridas,Pleno dia,Crescente,Céu Claro,Simples,Reta,Sim,0.0,0.0,1.0,1.0,0.0,1.0,2.0,2.0,SPRF-ES,DEL04-ES,UOP02-DEL04-ES,0,moderado
2025-02-10,13:50,2025-02-10 13:50:00,2025.0,2.0,segunda,13.0,tarde,ES,SERRA,True,101.0,BR-101,265.0,-20.1816849,-40.26536036,Ausência de reação do condutor,Colisão com objeto,Com Vítimas Feridas,Pleno dia,Decrescente,Céu Claro,Dupla,Declive,Sim,0.0,0.0,1.0,1.0,0.0,0.0,1.0,1.0,SPRF-ES,DEL02-ES,UOP01-DEL02-ES,0,moderado
2025-02-18,17:02,2025-02-18 17:02:00,2025.0,2.0,terca,17.0,tarde,ES,SERRA,True,101.0,BR-101,269.0,-20.21740496,-40.26990578,Ausência de reação do condutor,Colisão traseira,Sem Vítimas,Anoitecer,Decrescente,Céu Claro,Dupla,Reta,Sim,0.0,0.0,0.0,0.0,1.0,2.0,3.0,3.0,SPRF-ES,DEL02-ES,UOP01-DEL02-ES,0,baixo
2025-02-18,19:49,2025-02-18 19:49:00,2025.0,2.0,terca,19.0,noite,ES,IUNA,False,262.0,BR-262,188.8,-20.31334421,-41.73692705,Deficiência do Sistema de Iluminação/Sinalização,Colisão traseira,Com Vítimas Feridas,Plena Noite,Crescente,Céu Claro,Simples,Reta,Não,0.0,0.0,2.0,2.0,1.0,0.0,2.0,3.0,SPRF-ES,DEL01-ES,UOP02-DEL01-ES,0,moderado
2025-02-18,21:40,2025-02-18 21:40:00,2025.0,2.0,terca,21.0,noite,ES,SAO MATEUS,False,101.0,BR-101,79.0,-18.81417602,-39.90121797,Ausência de reação do condutor,Tombamento,Com Vítimas Feridas,Plena Noite,Crescente,Céu Claro,Simples,Ponte;Declive,Não,0.0,0.0,1.0,1.0,0.0,0.0,1.0,1.0,SPRF-ES,DEL04-ES,UOP02-DEL04-ES,0,moderado
2025-02-19,04:30,2025-02-19 04:30:00,2025.0,2.0,quarta,4.0,madrugada,ES,PEDRO CANARIO,False,101.0,BR-101,12.4,-18.26557435,-39.95730758,Acesso irregular,Colisão frontal,Sem Vítimas,Amanhecer,Crescente,Céu Claro,Simples,Reta,Não,0.0,0.0,0.0,0.0,2.0,0.0,2.0,2.0,SPRF-ES,DEL04-ES,UOP02-DEL04-ES,0,baixo
2025-02-19,08:20,2025-02-19 08:20:00,2025.0,2.0,quarta,8.0,manha,ES,ARACRUZ,False,101.0,BR-101,174.5,-19.58550717,-40.19021988,Acessar a via sem observar a presença dos outros veículos,Colisão transversal,Com Vítimas Feridas,Pleno dia,Crescente,Céu Claro,Simples,Interseção de Vias,Não,0.0,0.0,1.0,1.0,1.0,0.0,2.0,2.0,SPRF-ES,DEL04-ES,UOP01-DEL04-ES,0,moderado
2025-02-19,11:15,2025-02-19 11:15:00,2025.0,2.0,quarta,11.0,manha,ES,SAO MATEUS,False,101.0,BR-101,68.0,-18.7165195,-39.87436378,Condutor deixou de manter distância do veículo da frente,Colisão traseira,Com Vítimas Feridas,Pleno dia,Decrescente,Céu Claro,Dupla,Reta,Sim,0.0,1.0,0.0,1.0,0.0,1.0,2.0,2.0,SPRF-ES,DEL04-ES,UOP02-DEL04-ES,1,grave
2025-02-19,07:40,2025-02-19 07:40:00,2025.0,2.0,quarta,7.0,manha,ES,MUQUI,False,393.0,BR-393,36.3,-20.95830011,-41.43550298,Ausência de reação do condutor,Capotamento,Com Vítimas Feridas,Pleno dia,Crescente,Sol,Simples,Curva,Não,0.0,0.0,1.0,1.0,0.0,0.0,1.0,1.0,SPRF-ES,DEL03-ES,UOP02-DEL03-ES,0,moderado
2025-02-19,15:00,2025-02-19 15:00:00,2025.0,2.0,quarta,15.0,tarde,ES,CARIACICA,True,101.0,BR-101,282.4,-20.22694,-40.36458,Reação tardia ou ineficiente do condutor,Queda de ocupante de veículo,Com Vítimas Feridas,Pleno dia,Crescente,Céu Claro,Dupla,Reta,Sim,0.0,0.0,1.0,1.0,0.0,0.0,1.0,1.0,SPRF-ES,DEL01-ES,UOP01-DEL01-ES,0,moderado
2025-02-19,19:00,2025-02-19 19:00:00,2025.0,2.0,quarta,19.0,noite,ES,SERRA,True,101.0,BR-101,269.6,-20.21740496,-40.26990578,Transitar na contramão,Colisão lateral sentido oposto,Com Vítimas Feridas,Plena Noite,Crescente,Céu Claro,Múltipla,Interseção de Vias;Reta,Sim,0.0,0.0,1.0,1.0,1.0,0.0,2.0,2.0,SPRF-ES,DEL02-ES,UOP01-DEL02-ES,0,moderado
2025-02-20,05:00,2025-02-20 05:00:00,2025.0,2.0,quinta,5.0,madrugada,ES,LINHARES,False,101.0,BR-101,161.0,-19.48358708,-40.11977894,Transitar na contramão,Tombamento,Com Vítimas Feridas,Amanhecer,Crescente,Céu Claro,Simples,Reta,Não,0.0,0.0,1.0,1.0,1.0,0.0,2.0,2.0,SPRF-ES,DEL04-ES,UOP01-DEL04-ES,0,moderado
2025-02-20,05:40,2025-02-20 05:40:00,2025.0,2.0,quinta,5.0,madrugada,ES,ANCHIETA,False,101.0,BR-101,364.5,-20.7286089,-40.74288809,Condutor Dormindo,Saída de leito carroçável,Com Vítimas Feridas,Amanhecer,Decrescente,Céu Claro,Dupla,Reta,Não,0.0,1.0,0.0,1.0,0.0,0.0,1.0,1.0,SPRF-ES,DEL03-ES,UOP01-DEL03-ES,1,grave
2025-02-20,06:15,2025-02-20 06:15:00,2025.0,2.0,quinta,6.0,manha,ES,CONCEICAO DA BARRA,False,101.0,BR-101,42.6,-18.51702193,-39.91329775,Animais na Pista,Saída de leito carroçável,Com Vítimas Feridas,Amanhecer,Decrescente,Céu Claro,Simples,Declive,Não,0.0,0.0,1.0,1.0,0.0,0.0,1.0,1.0,SPRF-ES,DEL04-ES,UOP02-DEL04-ES,0,moderado
2025-02-20,08:01,2025-02-20 08:01:00,2025.0,2.0,quinta,8.0,manha,ES,CONCEICAO DA BARRA,False,101.0,BR-101,41.0,-18.50841392,-39.91590574,Demais falhas mecânicas ou elétricas,Tombamento,Sem Vítimas,Pleno dia,Crescente,Céu Claro,Simples,Reta;Aclive,Não,0.0,0.0,0.0,0.0,1.0,1.0,1.0,2.0,SPRF-ES,DEL04-ES,UOP02-DEL04-ES,0,baixo
2025-02-20,07:40,2025-02-20 07:40:00,2025.0,2.0,quinta,7.0,manha,ES,SERRA,True,101.0,BR-101,269.0,-20.21740496,-40.26990578,Ausência de reação do condutor,Colisão lateral mesmo sentido,Com Vítimas Feridas,Pleno dia,Crescente,Sol,Dupla,Reta,Sim,0.0,0.0,1.0,1.0,0.0,2.0,3.0,3.0,SPRF-ES,DEL02-ES,UOP01-DEL02-ES,0,moderado
2025-02-20,09:30,2025-02-20 09:30:00,2025.0,2.0,quinta,9.0,manha,ES,SERRA,True,101.0,BR-101,267.0,-20.19930999,-40.26884609,Reação tardia ou ineficiente do condutor,Colisão com objeto,Com Vítimas Feridas,Pleno dia,Decrescente,Céu Claro,Dupla,Reta,Sim,0.0,0.0,1.0,1.0,0.0,0.0,1.0,1.0,SPRF-ES,DEL02-ES,UOP01-DEL02-ES,0,moderado
2025-02-20,14:20,2025-02-20 14:20:00,2025.0,2.0,quinta,14.0,tarde,ES,LINHARES,False,101.0,BR-101,155.0,-19.43842387,-40.08913618,Reação tardia ou ineficiente do condutor,Colisão traseira,Com Vítimas Feridas,Pleno dia,Crescente,Céu Claro,Simples,Reta,Não,0.0,0.0,1.0,1.0,3.0,0.0,2.0,4.0,SPRF-ES,DEL04-ES,UOP01-DEL04-ES,0,moderado
2025-02-20,19:50,2025-02-20 19:50:00,2025.0,2.0,quinta,19.0,noite,ES,IBATIBA,False,262.0,BR-262,172.7,-20.26658734,-41.60261276,Iluminação deficiente,Atropelamento de Pedestre,Com Vítimas Feridas,Plena Noite,Crescente,Garoa/Chuvisco,Simples,Reta,Não,0.0,1.0,0.0,1.0,0.0,1.0,2.0,2.0,SPRF-ES,DEL01-ES,UOP02-DEL01-ES,1,grave
2025-02-20,22:45,2025-02-20 22:45:00,2025.0,2.0,quinta,22.0,noite,ES,VIANA,True,262.0,BR-262,14.0,-20.37037726,-40.46264648,Acumulo de areia ou detritos sobre o pavimento,Queda de ocupante de veículo,Com Vítimas Feridas,Plena Noite,Crescente,Céu Claro,Simples,Reta,Não,0.0,0.0,2.0,2.0,0.0,0.0,1.0,2.0,SPRF-ES,DEL01-ES,UOP01-DEL01-ES,0,moderado
2025-02-21,03:30,2025-02-21 03:30:00,2025.0,2.0,sexta,3.0,madrugada,ES,PEDRO CANARIO,False,101.0,BR-101,15.0,-18.29002497,-39.95475507,Ausência de reação do condutor,Tombamento,Com Vítimas Feridas,Plena Noite,Decrescente,Céu Claro,Simples,Declive;Reta,Não,0.0,0.0,1.0,1.0,0.0,0.0,1.0,1.0,SPRF-ES,DEL04-ES,UOP02-DEL04-ES,0,moderado
2025-02-21,13:06,2025-02-21 13:06:00,2025.0,2.0,sexta,13.0,tarde,ES,CARIACICA,True,101.0,BR-101,286.8,-20.2649997,-40.38474977,Reação tardia ou ineficiente do condutor,Queda de ocupante de veículo,Com Vítimas Feridas,Pleno dia,Decrescente,Céu Claro,Dupla,Reta,Sim,0.0,1.0,0.0,1.0,0.0,0.0,1.0,1.0,SPRF-ES,DEL01-ES,UOP01-DEL01-ES,1,grave
2025-02-21,13:45,2025-02-21 13:45:00,2025.0,2.0,sexta,13.0,tarde,ES,GUARAPARI,True,101.0,BR-101,327.0,-20.53282676,-40.48427582,Ausência de reação do condutor,Colisão com objeto,Com Vítimas Feridas,Pleno dia,Decrescente,Céu Claro,Dupla,Reta,Não,0.0,0.0,1.0,1.0,0.0,0.0,1.0,1.0,SPRF-ES,DEL03-ES,UOP01-DEL03-ES,0,moderado
2025-02-21,18:00,2025-02-21 18:00:00,2025.0,2.0,sexta,18.0,noite,ES,SERRA,True,101.0,BR-101,279.2,-20.21834819,-40.33939362,Demais falhas mecânicas ou elétricas,Colisão lateral mesmo sentido,Com Vítimas Feridas,Anoitecer,Decrescente,Céu Claro,Dupla,Reta,Não,0.0,0.0,1.0,1.0,1.0,0.0,2.0,2.0,SPRF-ES,DEL02-ES,UOP01-DEL02-ES,0,moderado
2025-02-21,19:30,2025-02-21 19:30:00,2025.0,2.0,sexta,19.0,noite,ES,LINHARES,False,101.0,BR-101,161.0,-19.48456249,-40.12082267,Transitar na contramão,Colisão frontal,Com Vítimas Fatais,Plena Noite,Decrescente,Céu Claro,Simples,Reta,Não,2.0,0.0,1.0,1.0,0.0,0.0,2.0,3.0,SPRF-ES,DEL04-ES,UOP01-DEL04-ES,1,fatal
2025-02-21,17:40,2025-02-21 17:40:00,2025.0,2.0,sexta,17.0,tarde,ES,IBATIBA,False,262.0,BR-262,168.0,-20.2650207,-41.5737016,Ingestão de álcool pelo condutor,Saída de leito carroçável,Sem Vítimas,Pleno dia,Crescente,Nublado,Simples,Curva,Não,0.0,0.0,0.0,0.0,1.0,1.0,2.0,2.0,SPRF-ES,DEL01-ES,UOP02-DEL01-ES,0,baixo
2025-02-21,21:45,2025-02-21 21:45:00,2025.0,2.0,sexta,21.0,noite,ES,MARECHAL FLORIANO,False,262.0,BR-262,56.0,-20.413305,-40.758813,Desrespeitar a preferência no cruzamento,Colisão transversal,Sem Vítimas,Plena Noite,Decrescente,Céu Claro,Simples,Retorno Regulamentado,Sim,0.0,0.0,0.0,0.0,5.0,1.0,2.0,6.0,SPRF-ES,DEL01-ES,UOP01-DEL01-ES,0,baixo
2025-02-21,23:00,2025-02-21 23:00:00,2025.0,2.0,sexta,23.0,noite,ES,ARACRUZ,False,101.0,BR-101,179.7,-19.6221091,-40.2194505,Transitar na contramão,Colisão frontal,Com Vítimas Fatais,Plena Noite,Crescente,Céu Claro,Dupla,Reta,Não,2.0,0.0,0.0,0.0,0.0,0.0,2.0,2.0,SPRF-ES,DEL04-ES,UOP01-DEL04-ES,1,fatal
2025-02-22,09:05,2025-02-22 09:05:00,2025.0,2.0,sabado,9.0,manha,ES,SERRA,True,101.0,BR-101,266.7,-20.19446565,-40.26849747,Manobra de mudança de faixa,Tombamento,Com Vítimas Feridas,Pleno dia,Decrescente,Céu Claro,Dupla,Reta,Sim,0.0,1.0,0.0,1.0,0.0,0.0,1.0,1.0,SPRF-ES,DEL02-ES,UOP01-DEL02-ES,1,grave
2025-02-22,10:26,2025-02-22 10:26:00,2025.0,2.0,sabado,10.0,manha,ES,LINHARES,False,101.0,BR-101,154.0,-19.4264286,-40.08086085,Demais falhas mecânicas ou elétricas,Tombamento,Com Vítimas Feridas,Pleno dia,Decrescente,Sol,Simples,Reta,Não,0.0,0.0,2.0,2.0,0.0,0.0,1.0,2.0,SPRF-ES,DEL04-ES,UOP01-DEL04-ES,0,moderado
2025-02-22,15:20,2025-02-22 15:20:00,2025.0,2.0,sabado,15.0,tarde,ES,LINHARES,False,101.0,BR-101,142.6,-19.33859829,-40.06563466,Reação tardia ou ineficiente do condutor,Colisão com objeto,Com Vítimas Feridas,Pleno dia,Crescente,Céu Claro,Dupla,Retorno Regulamentado;Reta,Sim,0.0,0.0,1.0,1.0,0.0,0.0,1.0,1.0,SPRF-ES,DEL04-ES,UOP01-DEL04-ES,0,moderado
2025-02-22,17:00,2025-02-22 17:00:00,2025.0,2.0,sabado,17.0,tarde,ES,DOMINGOS MARTINS,False,262.0,BR-262,34.0,-20.3639,-40.6598,Conversão proibida,Colisão transversal,Com Vítimas Feridas,Pleno dia,Crescente,Céu Claro,Simples,Curva,Não,0.0,0.0,2.0,2.0,1.0,0.0,2.0,3.0,SPRF-ES,DEL01-ES,UOP01-DEL01-ES,0,moderado
2025-02-22,19:44,2025-02-22 19:44:00,2025.0,2.0,sabado,19.0,noite,ES,SERRA,True,101.0,BR-101,253.0,-20.10449153,-40.33268452,Acessar a via sem observar a presença dos outros veículos,Colisão frontal,Sem Vítimas,Plena Noite,Crescente,Ignorado,Simples,Reta,Não,0.0,0.0,0.0,0.0,2.0,0.0,2.0,2.0,SPRF-ES,DEL02-ES,UOP01-DEL02-ES,0,baixo
2025-02-22,20:12,2025-02-22 20:12:00,2025.0,2.0,sabado,20.0,noite,ES,SERRA,True,101.0,BR-101,261.2,-20.15022357,-40.27900749,Retorno proibido,Colisão transversal,Com Vítimas Feridas,Plena Noite,Decrescente,Céu Claro,Dupla,Reta,Sim,0.0,1.0,0.0,1.0,1.0,0.0,2.0,2.0,SPRF-ES,DEL02-ES,UOP01-DEL02-ES,1,grave
2025-02-22,19:40,2025-02-22 19:40:00,2025.0,2.0,sabado,19.0,noite,ES,CARIACICA,True,101.0,BR-101,296.0,-20.34374309,-40.40738298,Reação tardia ou ineficiente do condutor,Colisão traseira,Sem Vítimas,Plena Noite,Decrescente,Nublado,Múltipla,Reta,Sim,0.0,0.0,0.0,0.0,4.0,0.0,4.0,4.0,SPRF-ES,DEL01-ES,UOP01-DEL01-ES,0,baixo
2025-02-22,20:36,2025-02-22 20:36:00,2025.0,2.0,sabado,20.0,noite,ES,SERRA,True,101.0,BR-101,256.0,-20.12205432,-40.30606227,Velocidade Incompatível,Colisão transversal,Com Vítimas Feridas,Plena Noite,Decrescente,Céu Claro,Simples,Declive;Reta,Sim,0.0,1.0,0.0,1.0,1.0,0.0,2.0,2.0,SPRF-ES,DEL02-ES,UOP01-DEL02-ES,1,grave
2025-02-23,01:30,2025-02-23 01:30:00,2025.0,2.0,domingo,1.0,madrugada,ES,SERRA,True,101.0,BR-101,262.3,-20.17287558,-40.26772499,Manobra de mudança de faixa,Tombamento,Com Vítimas Feridas,Plena Noite,Crescente,Céu Claro,Dupla,Reta,Sim,0.0,1.0,0.0,1.0,0.0,0.0,1.0,1.0,SPRF-ES,DEL02-ES,UOP01-DEL02-ES,1,grave
2025-02-23,13:50,2025-02-23 13:50:00,2025.0,2.0,domingo,13.0,tarde,ES,SERRA,True,101.0,BR-101,270.5,-20.230717,-40.273077,Reação tardia ou ineficiente do condutor,Colisão transversal,Com Vítimas Feridas,Pleno dia,Decrescente,Céu Claro,Dupla,Interseção de Vias,Sim,0.0,0.0,2.0,2.0,1.0,0.0,2.0,3.0,SPRF-ES,DEL02-ES,UOP01-DEL02-ES,0,moderado
2025-02-23,18:30,2025-02-23 18:30:00,2025.0,2.0,domingo,18.0,noite,ES,PEDRO CANARIO,False,101.0,BR-101,15.0,-18.28999388,-39.95452881,Acessar a via sem observar a presença dos outros veículos,Colisão transversal,Com Vítimas Feridas,Plena Noite,Crescente,Céu Claro,Simples,Interseção de Vias,Não,0.0,0.0,2.0,2.0,0.0,1.0,2.0,3.0,SPRF-ES,DEL04-ES,UOP02-DEL04-ES,0,moderado
2025-02-23,19:50,2025-02-23 19:50:00,2025.0,2.0,domingo,19.0,noite,ES,JOAO NEIVA,False,101.0,BR-101,208.0,-19.7799385,-40.3717994,Acessar a via sem observar a presença dos outros veículos,Atropelamento de Pedestre,Com Vítimas Feridas,Plena Noite,Decrescente,Nublado,Simples,Curva,Não,0.0,0.0,1.0,1.0,0.0,1.0,2.0,2.0,SPRF-ES,DEL02-ES,UOP01-DEL02-ES,0,moderado
2025-02-24,07:20,2025-02-24 07:20:00,2025.0,2.0,segunda,7.0,manha,ES,SERRA,True,101.0,BR-101,275.1,-20.207886,-40.3059966,Demais falhas mecânicas ou elétricas,Queda de ocupante de veículo,Com Vítimas Feridas,Pleno dia,Decrescente,Nublado,Dupla,Reta,Não,0.0,0.0,1.0,1.0,1.0,0.0,1.0,2.0,SPRF-ES,DEL02-ES,UOP01-DEL02-ES,0,moderado
2025-02-24,08:00,2025-02-24 08:00:00,2025.0,2.0,segunda,8.0,manha,ES,VIANA,True,101.0,BR-101,297.0,-20.35066256,-40.4129076,Chuva,Queda de ocupante de veículo,Com Vítimas Feridas,Pleno dia,Decrescente,Céu Claro,Dupla,Reta,Não,0.0,0.0,1.0,1.0,0.0,0.0,1.0,1.0,SPRF-ES,DEL01-ES,UOP01-DEL01-ES,0,moderado
2025-02-24,12:45,2025-02-24 12:45:00,2025.0,2.0,segunda,12.0,tarde,ES,ARACRUZ,False,101.0,BR-101,174.5,-19.59774971,-40.2005589,Desrespeitar a preferência no cruzamento,Colisão transversal,Com Vítimas Feridas,Pleno dia,Decrescente,Céu Claro,Simples,Interseção de Vias,Sim,0.0,0.0,1.0,1.0,1.0,0.0,2.0,2.0,SPRF-ES,DEL04-ES,UOP01-DEL04-ES,0,moderado
2025-02-24,13:15,2025-02-24 13:15:00,2025.0,2.0,segunda,13.0,tarde,ES,CARIACICA,True,101.0,BR-101,290.0,-20.31934019,-40.39518356,Ausência de reação do condutor,Colisão com objeto,Com Vítimas Feridas,Pleno dia,Crescente,Céu Claro,Múltipla,Reta,Não,0.0,1.0,0.0,1.0,0.0,0.0,1.0,1.0,SPRF-ES,DEL01-ES,UOP01-DEL01-ES,1,grave
2025-02-24,13:00,2025-02-24 13:00:00,2025.0,2.0,segunda,13.0,tarde,ES,IRUPI,False,262.0,BR-262,177.8,-20.27339069,-41.60718537,Acessar a via sem observar a presença dos outros veículos,Colisão transversal,Com Vítimas Feridas,Pleno dia,Crescente,Céu Claro,Simples,Curva,Não,0.0,0.0,1.0,1.0,1.0,0.0,2.0,2.0,SPRF-ES,DEL01-ES,UOP02-DEL01-ES,0,moderado
2025-02-25,08:10,2025-02-25 08:10:00,2025.0,2.0,terca,8.0,manha,ES,IBIRACU,False,101.0,BR-101,219.0,-19.8646009,-40.3833662,Condutor deixou de manter distância do veículo da frente,Colisão lateral mesmo sentido,Com Vítimas Feridas,Pleno dia,Decrescente,Nublado,Dupla,Curva,Não,0.0,0.0,1.0,1.0,1.0,0.0,2.0,2.0,SPRF-ES,DEL02-ES,UOP01-DEL02-ES,0,moderado
2025-02-25,14:50,2025-02-25 14:50:00,2025.0,2.0,terca,14.0,tarde,ES,JAGUARE,False,101.0,BR-101,98.2,-18.9670338,-39.989233,Acessar a via sem observar a presença dos outros veículos,Colisão transversal,Com Vítimas Feridas,Pleno dia,Crescente,Céu Claro,Simples,Reta,Não,0.0,1.0,0.0,1.0,1.0,1.0,3.0,3.0,SPRF-ES,DEL04-ES,UOP02-DEL04-ES,1,grave
2025-02-26,08:50,2025-02-26 08:50:00,2025.0,2.0,quarta,8.0,manha,ES,GUARAPARI,True,101.0,BR-101,335.0,-20.52434115,-40.47863781,Acumulo de óleo sobre o pavimento,Tombamento,Com Vítimas Feridas,Pleno dia,Decrescente,Sol,Simples,Aclive;Viaduto;Curva,Não,0.0,0.0,1.0,1.0,0.0,0.0,1.0,1.0,SPRF-ES,DEL03-ES,UOP01-DEL03-ES,0,moderado
2025-02-26,09:30,2025-02-26 09:30:00,2025.0,2.0,quarta,9.0,manha,ES,CARIACICA,True,262.0,BR-262,0.9,-20.33023865,-40.35482168,Ausência de reação do condutor,Colisão com objeto,Com Vítimas Feridas,Pleno dia,Crescente,Céu Claro,Dupla,Reta,Não,0.0,1.0,0.0,1.0,0.0,0.0,1.0,1.0,SPRF-ES,DEL01-ES,UOP01-DEL01-ES,1,grave
2025-02-26,14:40,2025-02-26 14:40:00,2025.0,2.0,quarta,14.0,tarde,ES,IBIRACU,False,101.0,BR-101,214.2,-19.82720243,-40.36880851,Acessar a via sem observar a presença dos outros veículos,Atropelamento de Pedestre,Com Vítimas Feridas,Pleno dia,Crescente,Sol,Simples,Reta,Sim,0.0,0.0,1.0,1.0,1.0,0.0,2.0,2.0,SPRF-ES,DEL02-ES,UOP01-DEL02-ES,0,moderado
2025-02-26,16:20,2025-02-26 16:20:00,2025.0,2.0,quarta,16.0,tarde,ES,FUNDAO,True,101.0,BR-101,236.9,-20.01252593,-40.40576443,Ultrapassagem Indevida,Colisão lateral sentido oposto,Com Vítimas Feridas,Pleno dia,Decrescente,Céu Claro,Simples,Reta,Não,0.0,0.0,1.0,1.0,2.0,0.0,2.0,3.0,SPRF-ES,DEL02-ES,UOP01-DEL02-ES,0,moderado
2025-02-26,17:30,2025-02-26 17:30:00,2025.0,2.0,quarta,17.0,tarde,ES,CARIACICA,True,101.0,BR-101,288.9,-20.27905829,-40.39274454,Desrespeitar a preferência no cruzamento,Colisão transversal,Com Vítimas Feridas,Pleno dia,Decrescente,Céu Claro,Dupla,Reta;Retorno Regulamentado,Sim,0.0,1.0,0.0,1.0,1.0,0.0,2.0,2.0,SPRF-ES,DEL01-ES,UOP01-DEL01-ES,1,grave
2025-02-27,06:40,2025-02-27 06:40:00,2025.0,2.0,quinta,6.0,manha,ES,CARIACICA,True,101.0,BR-101,290.7,-20.29380473,-40.39307205,Trafegar com motocicleta (ou similar) entre as faixas,Tombamento,Com Vítimas Feridas,Pleno dia,Crescente,Céu Claro,Dupla,Retorno Regulamentado;Interseção de Vias;Reta,Sim,0.0,0.0,1.0,1.0,0.0,0.0,1.0,1.0,SPRF-ES,DEL01-ES,UOP01-DEL01-ES,0,moderado
2025-02-27,09:00,2025-02-27 09:00:00,2025.0,2.0,quinta,9.0,manha,ES,SERRA,True,101.0,BR-101,262.1,-20.1596343,-40.2759383,Reação tardia ou ineficiente do condutor,Engavetamento,Com Vítimas Feridas,Pleno dia,Decrescente,Sol,Dupla,Retorno Regulamentado;Aclive;Reta,Sim,0.0,0.0,1.0,1.0,2.0,0.0,3.0,3.0,SPRF-ES,DEL02-ES,UOP01-DEL02-ES,0,moderado
2025-02-27,12:50,2025-02-27 12:50:00,2025.0,2.0,quinta,12.0,tarde,ES,SERRA,True,101.0,BR-101,260.4,-20.1464183,-40.2823853,Reação tardia ou ineficiente do condutor,Tombamento,Com Vítimas Feridas,Pleno dia,Decrescente,Céu Claro,Simples,Curva,Não,0.0,0.0,2.0,2.0,0.0,0.0,1.0,2.0,SPRF-ES,DEL02-ES,UOP01-DEL02-ES,0,moderado
2025-02-27,13:00,2025-02-27 13:00:00,2025.0,2.0,quinta,13.0,tarde,ES,SERRA,True,101.0,BR-101,266.0,-20.195578,-40.268852,Ausência de reação do condutor,Colisão traseira,Com Vítimas Feridas,Pleno dia,Crescente,Céu Claro,Dupla,Reta,Sim,0.0,1.0,0.0,1.0,1.0,0.0,2.0,2.0,SPRF-ES,DEL02-ES,UOP01-DEL02-ES,1,grave
2025-02-28,07:00,2025-02-28 07:00:00,2025.0,2.0,sexta,7.0,manha,ES,MIMOSO DO SUL,False,101.0,BR-101,445.0,-21.115537,-41.266551,Acessar a via sem observar a presença dos outros veículos,Colisão transversal,Com Vítimas Feridas,Pleno dia,Crescente,Céu Claro,Simples,Reta,Não,0.0,1.0,1.0,2.0,0.0,0.0,2.0,2.0,SPRF-ES,DEL03-ES,UOP02-DEL03-ES,1,grave
2025-02-28,09:30,2025-02-28 09:30:00,2025.0,2.0,sexta,9.0,manha,ES,SERRA,True,101.0,BR-101,2.0,-20.0488573,-40.3866917,Chuva,Saída de leito carroçável,Sem Vítimas,Pleno dia,Crescente,Garoa/Chuvisco,Dupla,Reta,Não,0.0,0.0,0.0,0.0,2.0,0.0,1.0,2.0,SPRF-ES,DEL04-ES,UOP02-DEL04-ES,0,baixo
2025-02-28,14:20,2025-02-28 14:20:00,2025.0,2.0,sexta,14.0,tarde,ES,JAGUARE,False,101.0,BR-101,98.0,-18.96084406,-39.98508453,Demais falhas mecânicas ou elétricas,Incêndio,Sem Vítimas,Pleno dia,Decrescente,Céu Claro,Simples,Reta,Não,0.0,0.0,0.0,0.0,2.0,0.0,1.0,2.0,SPRF-ES,DEL04-ES,UOP02-DEL04-ES,0,baixo
2025-02-28,14:50,2025-02-28 14:50:00,2025.0,2.0,sexta,14.0,tarde,ES,SERRA,True,101.0,BR-101,269.0,-20.0488766,-40.3867382,Trafegar com motocicleta (ou similar) entre as faixas,Colisão lateral mesmo sentido,Com Vítimas Feridas,Pleno dia,Decrescente,Céu Claro,Dupla,Reta,Sim,0.0,0.0,1.0,1.0,1.0,0.0,2.0,2.0,SPRF-ES,DEL02-ES,UOP01-DEL02-ES,0,moderado
2025-02-28,17:15,2025-02-28 17:15:00,2025.0,2.0,sexta,17.0,tarde,ES,DOMINGOS MARTINS,False,262.0,BR-262,95.0,-20.3648847,-41.06233206,Desrespeitar a preferência no cruzamento,Colisão transversal,Com Vítimas Feridas,Amanhecer,Crescente,Céu Claro,Simples,Interseção de Vias,Não,0.0,1.0,0.0,1.0,0.0,1.0,2.0,2.0,SPRF-ES,DEL01-ES,UOP02-DEL01-ES,1,grave
2025-02-28,18:35,2025-02-28 18:35:00,2025.0,2.0,sexta,18.0,noite,ES,LINHARES,False,101.0,BR-101,146.4,-19.37434984,-40.0659067,Condutor deixou de manter distância do veículo da frente,Engavetamento,Com Vítimas Feridas,Plena Noite,Crescente,Céu Claro,Múltipla,Reta,Sim,0.0,0.0,1.0,1.0,2.0,0.0,3.0,3.0,SPRF-ES,DEL04-ES,UOP01-DEL04-ES,0,moderado