data,hora,data_hora,ano,mes,dia_semana,hora_dia,periodo_dia,uf,municipio,regiao_grande_vitoria,rodovia,rodovia_label,km,latitude,longitude,causa,tipo_acidente,classificacao,fase_dia,sentido_via,condicao_metereologica,tipo_pista,tracado_via,uso_solo,mortos,feridos_graves,feridos_leves,feridos,ilesos,ignorados,veiculos,pessoas,regional,delegacia,uop,risco_alto,nivel_risco
2025-02-28,19:00,2025-02-28 19:00:00,2025.0,2.0,sexta,19.0,noite,ES,JOAO NEIVA,False,101.0,BR-101,204.8,-19.7577139,-40.36937714,Acessar a via sem observar a presença dos outros veículos,Colisão transversal,Com Vítimas Feridas,Plena Noite,Crescente,Céu Claro,Simples,Interseção de Vias;Reta,Sim,0.0,0.0,1.0,1.0,2.0,0.0,2.0,3.0,SPRF-ES,DEL02-ES,UOP01-DEL02-ES,0,moderado
2025-02-28,18:40,2025-02-28 18:40:00,2025.0,2.0,sexta,18.0,noite,ES,LINHARES,False,101.0,BR-101,167.7,-19.4222632,-40.0779548,Deficiência do Sistema de Iluminação/Sinalização,Colisão transversal,Com Vítimas Feridas,Plena Noite,Crescente,Céu Claro,Simples,Reta,Não,0.0,0.0,2.0,2.0,1.0,0.0,2.0,3.0,SPRF-ES,DEL04-ES,UOP01-DEL04-ES,0,moderado
2025-03-01,06:00,2025-03-01 06:00:00,2025.0,3.0,sabado,6.0,manha,ES,SERRA,True,101.0,BR-101,249.7,-20.0783513,-40.3514725,Ausência de reação do condutor,Colisão frontal,Com Vítimas Feridas,Amanhecer,Crescente,Nublado,Simples,Reta,Sim,0.0,2.0,0.0,2.0,3.0,0.0,3.0,5.0,SPRF-ES,DEL02-ES,UOP01-DEL02-ES,1,grave
2025-03-01,06:00,2025-03-01 06:00:00,2025.0,3.0,sabado,6.0,manha,ES,DOMINGOS MARTINS,False,262.0,BR-262,79.1,-20.409564,-40.928933,Ausência de reação do condutor,Colisão lateral sentido oposto,Com Vítimas Feridas,Pleno dia,Decrescente,Céu Claro,Simples,Curva,Não,0.0,1.0,7.0,8.0,0.0,0.0,2.0,8.0,SPRF-ES,DEL01-ES,UOP02-DEL01-ES,1,grave
2025-03-01,15:10,2025-03-01 15:10:00,2025.0,3.0,sabado,15.0,tarde,ES,CACHOEIRO DE ITAPEMIRIM,False,393.0,BR-393,7.2,-20.82792406,-41.21012986,Velocidade Incompatível,Saída de leito carroçável,Com Vítimas Feridas,Pleno dia,Decrescente,Céu Claro,Simples,Reta,Não,0.0,1.0,0.0,1.0,0.0,0.0,1.0,1.0,SPRF-ES,DEL03-ES,UOP02-DEL03-ES,1,grave
2025-02-05,15:50,2025-02-05 15:50:00,2025.0,2.0,quarta,15.0,tarde,ES,SERRA,True,101.0,BR-101,263.0,-20.16554736,-40.27301648,Manobra de mudança de faixa,Colisão lateral mesmo sentido,Com Vítimas Feridas,Pleno dia,Crescente,Céu Claro,Dupla,Reta,Sim,0.0,0.0,1.0,1.0,1.0,0.0,2.0,2.0,SPRF-ES,DEL02-ES,UOP01-DEL02-ES,0,moderado
2025-03-01,15:30,2025-03-01 15:30:00,2025.0,3.0,sabado,15.0,tarde,ES,IBIRACU,False,101.0,BR-101,219.6,-19.83645623,-40.38043141,Ausência de reação do condutor,Colisão lateral mesmo sentido,Com Vítimas Feridas,Pleno dia,Crescente,Céu Claro,Dupla,Curva,Sim,0.0,0.0,1.0,1.0,1.0,1.0,2.0,3.0,SPRF-ES,DEL02-ES,UOP01-DEL02-ES,0,moderado
2025-03-01,19:40,2025-03-01 19:40:00,2025.0,3.0,sabado,19.0,noite,ES,COLATINA,False,259.0,BR-259,65.9,-19.51892315,-40.71749836,Ultrapassagem Indevida,Colisão lateral sentido oposto,Com Vítimas Feridas,Plena Noite,Decrescente,Chuva,Simples,Reta,Não,0.0,1.0,0.0,1.0,2.0,0.0,2.0,3.0,SPRF-ES,DEL02-ES,UOP01-DEL02-ES,1,grave
2025-03-02,09:40,2025-03-02 09:40:00,2025.0,3.0,domingo,9.0,manha,ES,LINHARES,False,101.0,BR-101,149.0,-19.399695,-40.062272,Condutor desrespeitou a iluminação vermelha do semáforo,Colisão transversal,Com Vítimas Feridas,Pleno dia,Decrescente,Céu Claro,Simples,Reta,Não,0.0,0.0,6.0,6.0,1.0,0.0,3.0,7.0,SPRF-ES,DEL04-ES,UOP01-DEL04-ES,0,moderado
2025-03-02,11:35,2025-03-02 11:35:00,2025.0,3.0,domingo,11.0,manha,ES,ANCHIETA,False,101.0,BR-101,350.0,-20.659855,-40.648462,Velocidade Incompatível,Tombamento,Com Vítimas Feridas,Pleno dia,Crescente,Nublado,Dupla,Curva,Não,0.0,1.0,1.0,2.0,0.0,0.0,1.0,2.0,SPRF-ES,DEL03-ES,UOP01-DEL03-ES,1,grave
2025-03-02,19:00,2025-03-02 19:00:00,2025.0,3.0,domingo,19.0,noite,ES,LINHARES,False,101.0,BR-101,169.0,-19.54683,-40.166321,Acessar a via sem observar a presença dos outros veículos,Colisão transversal,Com Vítimas Feridas,Plena Noite,Crescente,Céu Claro,Simples,Reta,Não,0.0,1.0,1.0,2.0,1.0,0.0,2.0,3.0,SPRF-ES,DEL04-ES,UOP01-DEL04-ES,1,grave
2025-01-05,20:30,2025-01-05 20:30:00,2025.0,1.0,domingo,20.0,noite,ES,SERRA,True,101.0,BR-101,258.8,-20.13847031,-40.29231548,Pista Escorregadia,Capotamento,Com Vítimas Feridas,Pleno dia,Crescente,Chuva,Dupla,Reta,Sim,0.0,0.0,1.0,1.0,0.0,0.0,1.0,1.0,SPRF-ES,DEL02-ES,UOP01-DEL02-ES,0,moderado
2025-01-06,05:50,2025-01-06 05:50:00,2025.0,1.0,segunda,5.0,madrugada,ES,SERRA,True,101.0,BR-101,281.0,-20.22112792,-40.35720552,Ausência de reação do condutor,Colisão lateral mesmo sentido,Com Vítimas Feridas,Amanhecer,Decrescente,Céu Claro,Dupla,Viaduto,Não,0.0,1.0,0.0,1.0,0.0,1.0,2.0,2.0,SPRF-ES,DEL02-ES,UOP01-DEL02-ES,1,grave
2025-03-03,12:10,2025-03-03 12:10:00,2025.0,3.0,segunda,12.0,tarde,ES,ANCHIETA,False,101.0,BR-101,354.0,-20.68453414,-40.67118287,Velocidade Incompatível,Saída de leito carroçável,Com Vítimas Feridas,Pleno dia,Decrescente,Chuva,Dupla,Curva,Não,0.0,0.0,1.0,1.0,2.0,0.0,1.0,3.0,SPRF-ES,DEL03-ES,UOP01-DEL03-ES,0,moderado
2025-01-15,12:10,2025-01-15 12:10:00,2025.0,1.0,quarta,12.0,tarde,ES,SERRA,True,101.0,BR-101,259.0,-20.138397,-40.292213,Ausência de reação do condutor,Colisão com objeto,Com Vítimas Fatais,Pleno dia,Crescente,Nublado,Simples,Declive;Reta,Não,1.0,0.0,0.0,0.0,0.0,0.0,1.0,1.0,SPRF-ES,DEL02-ES,UOP01-DEL02-ES,1,fatal
2025-03-03,10:50,2025-03-03 10:50:00,2025.0,3.0,segunda,10.0,manha,ES,DOMINGOS MARTINS,False,262.0,BR-262,34.0,-20.37296567,-40.59235454,Reação tardia ou ineficiente do condutor,Colisão frontal,Com Vítimas Feridas,Pleno dia,Crescente,Nublado,Simples,Curva,Não,0.0,0.0,4.0,4.0,1.0,0.0,2.0,5.0,SPRF-ES,DEL01-ES,UOP01-DEL01-ES,0,moderado
2025-03-03,17:10,2025-03-03 17:10:00,2025.0,3.0,segunda,17.0,tarde,ES,MARECHAL FLORIANO,False,262.0,BR-262,69.8,-20.41640529,-40.86319685,Condutor deixou de manter distância do veículo da frente,Colisão traseira,Com Vítimas Feridas,Anoitecer,Crescente,Céu Claro,Simples,Reta,Não,0.0,0.0,3.0,3.0,1.0,0.0,2.0,4.0,SPRF-ES,DEL01-ES,UOP02-DEL01-ES,0,moderado
2025-03-04,11:00,2025-03-04 11:00:00,2025.0,3.0,terca,11.0,manha,ES,SERRA,True,101.0,BR-101,278.9,-20.21726296,-40.33709049,Ausência de reação do condutor,Saída de leito carroçável,Com Vítimas Feridas,Pleno dia,Crescente,Chuva,Simples,Curva;Aclive;Viaduto,Não,0.0,0.0,2.0,2.0,0.0,0.0,1.0,2.0,SPRF-ES,DEL02-ES,UOP01-DEL02-ES,0,moderado
2025-03-04,10:55,2025-03-04 10:55:00,2025.0,3.0,terca,10.0,manha,ES,JOAO NEIVA,False,259.0,BR-259,8.0,-19.691426,-40.388475,Transitar na contramão,Colisão lateral sentido oposto,Com Vítimas Feridas,Pleno dia,Crescente,Céu Claro,Simples,Curva,Não,0.0,0.0,1.0,1.0,1.0,0.0,2.0,2.0,SPRF-ES,DEL02-ES,UOP01-DEL02-ES,0,moderado
2025-03-04,16:18,2025-03-04 16:18:00,2025.0,3.0,terca,16.0,tarde,ES,FUNDAO,True,101.0,BR-101,269.0,-20.0245248,-40.1965056,Condutor desrespeitou a iluminação vermelha do semáforo,Colisão transversal,Com Vítimas Feridas,Pleno dia,Decrescente,Garoa/Chuvisco,Dupla,Reta,Sim,0.0,1.0,0.0,1.0,2.0,0.0,2.0,3.0,SPRF-ES,DEL02-ES,UOP01-DEL02-ES,1,grave
2025-03-05,08:00,2025-03-05 08:00:00,2025.0,3.0,quarta,8.0,manha,ES,CARIACICA,True,101.0,BR-101,293.0,-20.31608634,-40.39554259,Frear bruscamente,Tombamento,Com Vítimas Feridas,Pleno dia,Decrescente,Céu Claro,Dupla,Aclive;Reta,Sim,0.0,0.0,1.0,1.0,0.0,0.0,1.0,1.0,SPRF-ES,DEL01-ES,UOP01-DEL01-ES,0,moderado
2025-03-05,10:50,2025-03-05 10:50:00,2025.0,3.0,quarta,10.0,manha,ES,VENDA NOVA DO IMIGRANTE,False,262.0,BR-262,105.4,-20.32507871,-41.14126408,Reação tardia ou ineficiente do condutor,Colisão traseira,Com Vítimas Feridas,Pleno dia,Crescente,Céu Claro,Simples,Reta;Declive,Sim,0.0,0.0,2.0,2.0,0.0,0.0,2.0,2.0,SPRF-ES,DEL01-ES,UOP02-DEL01-ES,0,moderado
2025-03-01,04:10,2025-03-01 04:10:00,2025.0,3.0,sabado,4.0,madrugada,ES,COLATINA,False,259.0,BR-259,79.0,-19.5207746,-40.829522,Reação tardia ou ineficiente do condutor,Saída de leito carroçável,Sem Vítimas,Plena Noite,Crescente,Céu Claro,Simples,Reta,Não,0.0,0.0,0.0,0.0,0.0,1.0,1.0,1.0,SPRF-ES,DEL02-ES,UOP01-DEL02-ES,0,baixo
2025-03-05,13:50,2025-03-05 13:50:00,2025.0,3.0,quarta,13.0,tarde,ES,PEDRO CANARIO,False,101.0,BR-101,15.0,-18.290445,-39.955321,Acessar a via sem observar a presença dos outros veículos,Colisão transversal,Com Vítimas Feridas,Pleno dia,Crescente,Céu Claro,Múltipla,Reta,Sim,0.0,0.0,1.0,1.0,1.0,0.0,2.0,2.0,SPRF-ES,DEL04-ES,UOP02-DEL04-ES,0,moderado
2025-03-06,07:42,2025-03-06 07:42:00,2025.0,3.0,quinta,7.0,manha,ES,SERRA,True,101.0,BR-101,276.0,-20.2091426,-40.3077458,Animais na Pista,Colisão frontal,Com Vítimas Feridas,Pleno dia,Decrescente,Céu Claro,Dupla,Reta,Não,0.0,0.0,2.0,2.0,0.0,0.0,2.0,2.0,SPRF-ES,DEL02-ES,UOP01-DEL02-ES,0,moderado
2025-03-06,08:59,2025-03-06 08:59:00,2025.0,3.0,quinta,8.0,manha,ES,SERRA,True,101.0,BR-101,267.8,-20.048846,-40.386408,Trafegar com motocicleta (ou similar) entre as faixas,Colisão lateral mesmo sentido,Com Vítimas Feridas,Pleno dia,Crescente,Céu Claro,Múltipla,Reta,Sim,0.0,1.0,0.0,1.0,1.0,0.0,2.0,2.0,SPRF-ES,DEL02-ES,UOP01-DEL02-ES,1,grave
2025-03-06,08:00,2025-03-06 08:00:00,2025.0,3.0,quinta,8.0,manha,ES,SERRA,True,101.0,BR-101,268.7,-20.21026189,-40.26943177,Manobra de mudança de faixa,Colisão lateral mesmo sentido,Com Vítimas Feridas,Pleno dia,Crescente,Céu Claro,Múltipla,Reta,Não,0.0,0.0,1.0,1.0,1.0,0.0,2.0,2.0,SPRF-ES,DEL02-ES,UOP01-DEL02-ES,0,moderado
2025-03-06,12:27,2025-03-06 12:27:00,2025.0,3.0,quinta,12.0,tarde,ES,VIANA,True,262.0,BR-262,19.0,-20.39245272,-40.48893213,Acesso irregular,Colisão transversal,Com Vítimas Feridas,Pleno dia,Crescente,Céu Claro,Simples,Reta,Sim,0.0,1.0,0.0,1.0,1.0,0.0,2.0,2.0,SPRF-ES,DEL01-ES,UOP01-DEL01-ES,1,grave
2025-03-06,16:40,2025-03-06 16:40:00,2025.0,3.0,quinta,16.0,tarde,ES,SERRA,True,101.0,BR-101,260.0,-20.14643123,-40.28737982,Manobra de mudança de faixa,Tombamento,Com Vítimas Feridas,Pleno dia,Decrescente,Céu Claro,Dupla,Aclive;Reta,Sim,0.0,0.0,1.0,1.0,0.0,0.0,1.0,1.0,SPRF-ES,DEL02-ES,UOP01-DEL02-ES,0,moderado
2025-03-06,16:45,2025-03-06 16:45:00,2025.0,3.0,quinta,16.0,tarde,ES,IBATIBA,False,262.0,BR-262,160.5,-20.23747574,-41.52050972,Acessar a via sem observar a presença dos outros veículos,Colisão lateral mesmo sentido,Com Vítimas Feridas,Pleno dia,Crescente,Nublado,Simples,Aclive,Não,0.0,1.0,1.0,2.0,0.0,0.0,2.0,2.0,SPRF-ES,DEL01-ES,UOP02-DEL01-ES,1,grave
2025-03-06,16:40,2025-03-06 16:40:00,2025.0,3.0,quinta,16.0,tarde,ES,LINHARES,False,101.0,BR-101,139.0,-19.306677,-40.081756,Demais falhas mecânicas ou elétricas,Queda de ocupante de veículo,Com Vítimas Feridas,Pleno dia,Crescente,Céu Claro,Simples,Reta,Não,0.0,0.0,2.0,2.0,0.0,0.0,1.0,2.0,SPRF-ES,DEL04-ES,UOP01-DEL04-ES,0,moderado
2025-03-07,06:09,2025-03-07 06:09:00,2025.0,3.0,sexta,6.0,manha,ES,ATILIO VIVACQUA,False,101.0,BR-101,424.0,-21.0095633,-41.1452918,Condutor Dormindo,Colisão com objeto,Com Vítimas Feridas,Amanhecer,Decrescente,Céu Claro,Simples,Reta,Não,0.0,0.0,3.0,3.0,0.0,0.0,1.0,3.0,SPRF-ES,DEL03-ES,UOP02-DEL03-ES,0,moderado
2025-03-07,10:00,2025-03-07 10:00:00,2025.0,3.0,sexta,10.0,manha,ES,SAO MATEUS,False,101.0,BR-101,66.0,-18.7153374,-39.87708807,Acessar a via sem observar a presença dos outros veículos,Colisão lateral mesmo sentido,Com Vítimas Feridas,Pleno dia,Crescente,Céu Claro,Dupla,Reta,Sim,0.0,0.0,1.0,1.0,1.0,0.0,2.0,2.0,SPRF-ES,DEL04-ES,UOP02-DEL04-ES,0,moderado
2025-03-07,12:20,2025-03-07 12:20:00,2025.0,3.0,sexta,12.0,tarde,ES,CACHOEIRO DE ITAPEMIRIM,False,393.0,BR-393,2.4,-20.832164,-41.178164,Transtornos Mentais (exceto suicidio),Atropelamento de Pedestre,Com Vítimas Feridas,Pleno dia,Crescente,Céu Claro,Simples,Reta,Sim,0.0,1.0,1.0,2.0,0.0,0.0,2.0,2.0,SPRF-ES,DEL03-ES,UOP02-DEL03-ES,1,grave
2025-03-07,16:40,2025-03-07 16:40:00,2025.0,3.0,sexta,16.0,tarde,ES,RIO NOVO DO SUL,False,101.0,BR-101,392.3,-20.8673897,-40.9044014,Acessar a via sem observar a presença dos outros veículos,Colisão transversal,Com Vítimas Feridas,Pleno dia,Crescente,Nublado,Simples,Interseção de Vias,Não,0.0,0.0,1.0,1.0,1.0,0.0,2.0,2.0,SPRF-ES,DEL03-ES,UOP02-DEL03-ES,0,moderado
2025-03-07,17:20,2025-03-07 17:20:00,2025.0,3.0,sexta,17.0,tarde,ES,CARIACICA,True,101.0,BR-101,296.9,-20.344795,-40.409725,Avarias e/ou desgaste excessivo no pneu,Tombamento,Com Vítimas Feridas,Pleno dia,Decrescente,Céu Claro,Dupla,Reta,Sim,0.0,0.0,2.0,2.0,0.0,0.0,1.0,2.0,SPRF-ES,DEL01-ES,UOP01-DEL01-ES,0,moderado
2025-03-07,20:41,2025-03-07 20:41:00,2025.0,3.0,sexta,20.0,noite,ES,CARIACICA,True,101.0,BR-101,291.7,-20.3048807,-40.39483925,Frear bruscamente,Colisão traseira,Com Vítimas Feridas,Plena Noite,Decrescente,Céu Claro,Dupla,Reta,Não,0.0,0.0,1.0,1.0,0.0,1.0,2.0,2.0,SPRF-ES,DEL01-ES,UOP01-DEL01-ES,0,moderado
2025-03-08,08:27,2025-03-08 08:27:00,2025.0,3.0,sabado,8.0,manha,ES,DOMINGOS MARTINS,False,262.0,BR-262,33.0,-20.375474,-40.584106,Acessar a via sem observar a presença dos outros veículos,Colisão transversal,Com Vítimas Feridas,Pleno dia,Crescente,Céu Claro,Dupla,Reta,Não,0.0,1.0,0.0,1.0,1.0,0.0,2.0,2.0,SPRF-ES,DEL01-ES,UOP01-DEL01-ES,1,grave
2025-03-08,09:04,2025-03-08 09:04:00,2025.0,3.0,sabado,9.0,manha,ES,SERRA,True,101.0,BR-101,269.0,-20.054016,-40.3800064,Condutor desrespeitou a iluminação vermelha do semáforo,Colisão transversal,Com Vítimas Feridas,Pleno dia,Crescente,Nublado,Simples,Reta,Não,0.0,1.0,0.0,1.0,2.0,0.0,2.0,3.0,SPRF-ES,DEL02-ES,UOP01-DEL02-ES,1,grave
2025-03-08,16:15,2025-03-08 16:15:00,2025.0,3.0,sabado,16.0,tarde,ES,CARIACICA,True,101.0,BR-101,288.0,-20.27631767,-40.39238821,Demais falhas mecânicas ou elétricas,Incêndio,Sem Vítimas,Pleno dia,Crescente,Céu Claro,Dupla,Reta,Sim,0.0,0.0,0.0,0.0,1.0,0.0,1.0,1.0,SPRF-ES,DEL01-ES,UOP01-DEL01-ES,0,baixo
2025-03-08,17:15,2025-03-08 17:15:00,2025.0,3.0,sabado,17.0,tarde,ES,VILA VELHA,True,101.0,BR-101,314.0,-20.4625531,-40.4651956,Reação tardia ou ineficiente do condutor,Queda de ocupante de veículo,Com Vítimas Feridas,Pleno dia,Decrescente,Céu Claro,Dupla,Reta,Não,0.0,0.0,1.0,1.0,0.0,0.0,1.0,1.0,SPRF-ES,DEL01-ES,UOP01-DEL01-ES,0,moderado
2025-03-08,17:30,2025-03-08 17:30:00,2025.0,3.0,sabado,17.0,tarde,ES,SOORETAMA,False,101.0,BR-101,108.3,-19.04860232,-40.02819031,Acessar a via sem observar a presença dos outros veículos,Colisão traseira,Com Vítimas Fatais,Pleno dia,Decrescente,Céu Claro,Simples,Reta,Não,1.0,0.0,0.0,0.0,1.0,0.0,2.0,2.0,SPRF-ES,DEL04-ES,UOP01-DEL04-ES,1,fatal
2025-03-09,10:45,2025-03-09 10:45:00,2025.0,3.0,domingo,10.0,manha,ES,CARIACICA,True,101.0,BR-101,288.2,-20.27436921,-40.39206851,Reação tardia ou ineficiente do condutor,Tombamento,Com Vítimas Feridas,Pleno dia,Decrescente,Céu Claro,Dupla,Reta,Sim,0.0,0.0,2.0,2.0,0.0,0.0,1.0,2.0,SPRF-ES,DEL01-ES,UOP01-DEL01-ES,0,moderado
2025-03-09,09:00,2025-03-09 09:00:00,2025.0,3.0,domingo,9.0,manha,ES,DOMINGOS MARTINS,False,262.0,BR-262,80.0,-20.409002,-40.935514,Reação tardia ou ineficiente do condutor,Tombamento,Com Vítimas Feridas,Pleno dia,Decrescente,Céu Claro,Simples,Declive;Reta,Não,0.0,0.0,1.0,1.0,0.0,0.0,1.0,1.0,SPRF-ES,DEL01-ES,UOP02-DEL01-ES,0,moderado
2025-03-09,14:45,2025-03-09 14:45:00,2025.0,3.0,domingo,14.0,tarde,ES,SERRA,True,101.0,BR-101,270.0,-20.22207531,-40.27021162,Desrespeitar a preferência no cruzamento,Colisão transversal,Com Vítimas Feridas,Pleno dia,Decrescente,Céu Claro,Dupla,Interseção de Vias,Sim,0.0,1.0,0.0,1.0,1.0,0.0,2.0,2.0,SPRF-ES,DEL02-ES,UOP01-DEL02-ES,1,grave
2025-03-09,17:15,2025-03-09 17:15:00,2025.0,3.0,domingo,17.0,tarde,ES,SERRA,True,101.0,BR-101,265.5,-20.188112,-40.268147,Manobra de mudança de faixa,Colisão lateral mesmo sentido,Com Vítimas Feridas,Anoitecer,Decrescente,Céu Claro,Dupla,Reta,Sim,0.0,0.0,1.0,1.0,1.0,2.0,3.0,4.0,SPRF-ES,DEL02-ES,UOP01-DEL02-ES,0,moderado
2025-03-09,21:55,2025-03-09 21:55:00,2025.0,3.0,domingo,21.0,noite,ES,VIANA,True,101.0,BR-101,308.2,-20.4194822,-40.4578394,Acessar a via sem observar a presença dos outros veículos,Atropelamento de Pedestre,Com Vítimas Feridas,Plena Noite,Crescente,Céu Claro,Múltipla,Reta,Sim,0.0,1.0,0.0,1.0,0.0,2.0,2.0,3.0,SPRF-ES,DEL01-ES,UOP01-DEL01-ES,1,grave
2025-03-10,04:40,2025-03-10 04:40:00,2025.0,3.0,segunda,4.0,madrugada,ES,LINHARES,False,101.0,BR-101,159.8,-19.4756755,-40.1136392,Animais na Pista,Atropelamento de Animal,Com Vítimas Feridas,Amanhecer,Crescente,Céu Claro,Simples,Reta,Não,0.0,1.0,0.0,1.0,0.0,0.0,1.0,1.0,SPRF-ES,DEL04-ES,UOP01-DEL04-ES,1,grave
2025-03-10,07:30,2025-03-10 07:30:00,2025.0,3.0,segunda,7.0,manha,ES,SERRA,True,101.0,BR-101,263.9,-20.17318412,-40.26727312,Retorno proibido,Colisão traseira,Com Vítimas Feridas,Pleno dia,Crescente,Sol,Dupla,Aclive;Interseção de Vias;Reta,Sim,0.0,1.0,1.0,2.0,0.0,1.0,2.0,3.0,SPRF-ES,DEL02-ES,UOP01-DEL02-ES,1,grave
2025-03-10,16:40,2025-03-10 16:40:00,2025.0,3.0,segunda,16.0,tarde,ES,LINHARES,False,101.0,BR-101,140.5,-19.321568,-40.07417,Mal súbito do condutor,Colisão transversal,Com Vítimas Feridas,Anoitecer,Decrescente,Céu Claro,Simples,Reta,Não,0.0,0.0,1.0,1.0,2.0,0.0,2.0,3.0,SPRF-ES,DEL04-ES,UOP01-DEL04-ES,0,moderado
2025-03-10,17:45,2025-03-10 17:45:00,2025.0,3.0,segunda,17.0,tarde,ES,IBATIBA,False,262.0,BR-262,157.0,-20.23091789,-41.49991438,Velocidade Incompatível,Colisão frontal,Com Vítimas Feridas,Anoitecer,Crescente,Nublado,Dupla,Curva,Sim,0.0,0.0,2.0,2.0,1.0,0.0,2.0,3.0,SPRF-ES,DEL01-ES,UOP02-DEL01-ES,0,moderado
2025-03-11,06:00,2025-03-11 06:00:00,2025.0,3.0,terca,6.0,manha,ES,ARACRUZ,False,101.0,BR-101,176.5,-19.597018,-40.20016,Acessar a via sem observar a presença dos outros veículos,Colisão transversal,Com Vítimas Feridas,Pleno dia,Crescente,Céu Claro,Simples,Reta,Sim,0.0,0.0,1.0,1.0,5.0,0.0,2.0,6.0,SPRF-ES,DEL04-ES,UOP01-DEL04-ES,0,moderado
2025-03-11,18:57,2025-03-11 18:57:00,2025.0,3.0,terca,18.0,noite,ES,SERRA,True,101.0,BR-101,270.0,-20.230644,-40.273011,Reação tardia ou ineficiente do condutor,Colisão lateral mesmo sentido,Com Vítimas Feridas,Plena Noite,Decrescente,Céu Claro,Múltipla,Reta,Sim,0.0,0.0,1.0,1.0,1.0,0.0,2.0,2.0,SPRF-ES,DEL02-ES,UOP01-DEL02-ES,0,moderado
2025-03-11,22:40,2025-03-11 22:40:00,2025.0,3.0,terca,22.0,noite,ES,SERRA,True,101.0,BR-101,273.4,-20.21683,-40.29342,Transitar na contramão,Colisão frontal,Com Vítimas Feridas,Plena Noite,Decrescente,Céu Claro,Múltipla,Reta;Declive,Não,0.0,1.0,0.0,1.0,0.0,1.0,2.0,2.0,SPRF-ES,DEL02-ES,UOP01-DEL02-ES,1,grave
2025-03-12,07:14,2025-03-12 07:14:00,2025.0,3.0,quarta,7.0,manha,ES,VILA VELHA,True,447.0,BR-447,14.0,-20.3520306,-40.33355713,Falta de acostamento,Colisão lateral mesmo sentido,Com Vítimas Fatais,Pleno dia,Decrescente,Céu Claro,Dupla,Reta,Sim,1.0,0.0,0.0,0.0,1.0,0.0,2.0,2.0,SPRF-ES,DEL01-ES,UOP01-DEL01-ES,1,fatal
2025-02-12,17:20,2025-02-12 17:20:00,2025.0,2.0,quarta,17.0,tarde,ES,LINHARES,False,101.0,BR-101,142.0,-19.33458987,-40.06755477,Manobra de mudança de faixa,Colisão lateral mesmo sentido,Com Vítimas Feridas,Pleno dia,Crescente,Céu Claro,Múltipla,Reta,Sim,0.0,1.0,0.0,1.0,1.0,0.0,2.0,2.0,SPRF-ES,DEL04-ES,UOP01-DEL04-ES,1,grave
2025-03-12,12:41,2025-03-12 12:41:00,2025.0,3.0,quarta,12.0,tarde,ES,CARIACICA,True,101.0,BR-101,297.0,-20.348363,-40.411917,Ausência de reação do condutor,Tombamento,Com Vítimas Feridas,Pleno dia,Crescente,Céu Claro,Dupla,Reta,Sim,0.0,0.0,1.0,1.0,0.0,0.0,1.0,1.0,SPRF-ES,DEL01-ES,UOP01-DEL01-ES,0,moderado
2025-03-12,11:40,2025-03-12 11:40:00,2025.0,3.0,quarta,11.0,manha,ES,DOMINGOS MARTINS,False,262.0,BR-262,34.0,-20.3728647,-40.5922998,Condutor deixou de manter distância do veículo da frente,Colisão traseira,Com Vítimas Feridas,Pleno dia,Crescente,Sol,Simples,Curva,Não,0.0,0.0,1.0,1.0,0.0,1.0,2.0,2.0,SPRF-ES,DEL01-ES,UOP01-DEL01-ES,0,moderado
2025-03-12,16:50,2025-03-12 16:50:00,2025.0,3.0,quarta,16.0,tarde,ES,ATILIO VIVACQUA,False,101.0,BR-101,422.6,-20.98623007,-41.118398,Ausência de reação do condutor,Saída de leito carroçável,Com Vítimas Feridas,Pleno dia,Decrescente,Céu Claro,Simples,Curva,Não,0.0,1.0,0.0,1.0,0.0,0.0,1.0,1.0,SPRF-ES,DEL03-ES,UOP02-DEL03-ES,1,grave
2025-03-13,07:20,2025-03-13 07:20:00,2025.0,3.0,quinta,7.0,manha,ES,ITAPEMIRIM,False,101.0,BR-101,407.8,-20.88981252,-41.03637988,Velocidade Incompatível,Saída de leito carroçável,Com Vítimas Feridas,Pleno dia,Crescente,Céu Claro,Simples,Curva,Não,0.0,0.0,1.0,1.0,0.0,0.0,1.0,1.0,SPRF-ES,DEL03-ES,UOP02-DEL03-ES,0,moderado
2025-03-13,11:35,2025-03-13 11:35:00,2025.0,3.0,quinta,11.0,manha,ES,VIANA,True,262.0,BR-262,30.5,-20.37925261,-40.53523242,Manobra de mudança de faixa,Colisão lateral mesmo sentido,Com Vítimas Feridas,Pleno dia,Crescente,Céu Claro,Dupla,Curva,Não,0.0,0.0,1.0,1.0,2.0,0.0,3.0,3.0,SPRF-ES,DEL01-ES,UOP01-DEL01-ES,0,moderado