data,hora,data_hora,ano,mes,dia_semana,hora_dia,periodo_dia,uf,municipio,regiao_grande_vitoria,rodovia,rodovia_label,km,latitude,longitude,causa,tipo_acidente,classificacao,fase_dia,sentido_via,condicao_metereologica,tipo_pista,tracado_via,uso_solo,mortos,feridos_graves,feridos_leves,feridos,ilesos,ignorados,veiculos,pessoas,regional,delegacia,uop,risco_alto,nivel_risco
2025-03-13,17:40,2025-03-13 17:40:00,2025.0,3.0,quinta,17.0,tarde,ES,SERRA,True,101.0,BR-101,211.2,-20.0488509,-40.3866993,Desrespeitar a preferência no cruzamento,Colisão frontal,Com Vítimas Feridas,Anoitecer,Crescente,Nublado,Simples,Reta,Sim,0.0,1.0,0.0,1.0,1.0,0.0,2.0,2.0,SPRF-ES,DEL02-ES,UOP01-DEL02-ES,1,grave
2025-03-13,19:41,2025-03-13 19:41:00,2025.0,3.0,quinta,19.0,noite,ES,SERRA,True,101.0,BR-101,266.0,-20.1969,-40.2684,Entrada inopinada do pedestre,Atropelamento de Pedestre,Com Vítimas Feridas,Plena Noite,Crescente,Céu Claro,Dupla,Reta,Sim,0.0,0.0,1.0,1.0,2.0,0.0,3.0,3.0,SPRF-ES,DEL02-ES,UOP01-DEL02-ES,0,moderado
2025-03-13,19:15,2025-03-13 19:15:00,2025.0,3.0,quinta,19.0,noite,ES,CARIACICA,True,101.0,BR-101,293.9,-20.322713,-40.39506245,Condutor deixou de manter distância do veículo da frente,Colisão lateral mesmo sentido,Com Vítimas Feridas,Pleno dia,Crescente,Céu Claro,Dupla,Reta;Viaduto,Sim,0.0,0.0,2.0,2.0,1.0,0.0,2.0,3.0,SPRF-ES,DEL01-ES,UOP01-DEL01-ES,0,moderado
2025-03-14,07:05,2025-03-14 07:05:00,2025.0,3.0,sexta,7.0,manha,ES,FUNDAO,True,101.0,BR-101,233.0,-19.95006878,-40.40934324,Manobra de mudança de faixa,Tombamento,Com Vítimas Feridas,Pleno dia,Decrescente,Céu Claro,Simples,Reta,Não,0.0,0.0,1.0,1.0,0.0,0.0,1.0,1.0,SPRF-ES,DEL02-ES,UOP01-DEL02-ES,0,moderado
2025-03-14,07:20,2025-03-14 07:20:00,2025.0,3.0,sexta,7.0,manha,ES,SERRA,True,101.0,BR-101,279.3,-20.21823157,-40.3393887,Condutor deixou de manter distância do veículo da frente,Colisão traseira,Com Vítimas Feridas,Pleno dia,Decrescente,Céu Claro,Múltipla,Reta,Não,0.0,0.0,2.0,2.0,1.0,0.0,2.0,3.0,SPRF-ES,DEL02-ES,UOP01-DEL02-ES,0,moderado
2025-03-14,09:56,2025-03-14 09:56:00,2025.0,3.0,sexta,9.0,manha,ES,CARIACICA,True,101.0,BR-101,285.0,-20.31527463,-40.395509,Pedestre cruzava a pista fora da faixa,Atropelamento de Pedestre,Com Vítimas Feridas,Pleno dia,Decrescente,Céu Claro,Múltipla,Aclive;Reta,Sim,0.0,1.0,1.0,2.0,0.0,0.0,2.0,2.0,SPRF-ES,DEL01-ES,UOP01-DEL01-ES,1,grave
2025-03-14,10:40,2025-03-14 10:40:00,2025.0,3.0,sexta,10.0,manha,ES,CARIACICA,True,101.0,BR-101,290.5,-20.29389209,-40.39285994,Acessar a via sem observar a presença dos outros veículos,Colisão transversal,Com Vítimas Feridas,Pleno dia,Crescente,Céu Claro,Dupla,Reta,Sim,0.0,2.0,0.0,2.0,1.0,0.0,2.0,3.0,SPRF-ES,DEL01-ES,UOP01-DEL01-ES,1,grave
2025-03-07,22:10,2025-03-07 22:10:00,2025.0,3.0,sexta,22.0,noite,ES,COLATINA,False,259.0,BR-259,30.8,-19.58667,-40.50897,Velocidade Incompatível,Colisão traseira,Com Vítimas Feridas,Plena Noite,Crescente,Céu Claro,Simples,Reta,Não,0.0,0.0,1.0,1.0,1.0,0.0,2.0,2.0,SPRF-ES,DEL02-ES,UOP01-DEL02-ES,0,moderado
2025-03-14,15:13,2025-03-14 15:13:00,2025.0,3.0,sexta,15.0,tarde,ES,SERRA,True,101.0,BR-101,278.2,-20.054016,-40.3800064,Manobra de mudança de faixa,Tombamento,Com Vítimas Feridas,Pleno dia,Crescente,Céu Claro,Simples,Interseção de Vias,Sim,0.0,1.0,0.0,1.0,0.0,0.0,1.0,1.0,SPRF-ES,DEL02-ES,UOP01-DEL02-ES,1,grave
2025-03-14,19:34,2025-03-14 19:34:00,2025.0,3.0,sexta,19.0,noite,ES,SERRA,True,101.0,BR-101,269.0,-20.20620719,-40.26934736,Acessar a via sem observar a presença dos outros veículos,Colisão transversal,Com Vítimas Feridas,Plena Noite,Crescente,Nublado,Múltipla,Reta;Interseção de Vias,Sim,0.0,0.0,1.0,1.0,1.0,0.0,2.0,2.0,SPRF-ES,DEL02-ES,UOP01-DEL02-ES,0,moderado
2025-03-14,20:57,2025-03-14 20:57:00,2025.0,3.0,sexta,20.0,noite,ES,SERRA,True,101.0,BR-101,262.0,-20.15744099,-40.27716398,Reação tardia ou ineficiente do condutor,Tombamento,Com Vítimas Feridas,Plena Noite,Crescente,Céu Claro,Simples,Reta,Não,0.0,0.0,1.0,1.0,0.0,0.0,1.0,1.0,SPRF-ES,DEL02-ES,UOP01-DEL02-ES,0,moderado
2025-03-15,11:00,2025-03-15 11:00:00,2025.0,3.0,sabado,11.0,manha,ES,ATILIO VIVACQUA,False,101.0,BR-101,426.0,-21.01072177,-41.14598628,Velocidade Incompatível,Saída de leito carroçável,Com Vítimas Feridas,Pleno dia,Crescente,Céu Claro,Simples,Rotatória;Curva,Não,0.0,0.0,1.0,1.0,0.0,0.0,1.0,1.0,SPRF-ES,DEL03-ES,UOP02-DEL03-ES,0,moderado
2025-03-15,12:30,2025-03-15 12:30:00,2025.0,3.0,sabado,12.0,tarde,ES,IBATIBA,False,262.0,BR-262,166.0,-20.251577,-41.563633,Acessar a via sem observar a presença dos outros veículos,Colisão transversal,Com Vítimas Feridas,Pleno dia,Decrescente,Céu Claro,Simples,Interseção de Vias;Curva,Não,0.0,0.0,2.0,2.0,0.0,1.0,2.0,3.0,SPRF-ES,DEL01-ES,UOP02-DEL01-ES,0,moderado
2025-03-15,19:00,2025-03-15 19:00:00,2025.0,3.0,sabado,19.0,noite,ES,SAO MATEUS,False,101.0,BR-101,66.4,-18.6489283,-39.8736035,Condutor deixou de manter distância do veículo da frente,Colisão traseira,Com Vítimas Feridas,Anoitecer,Decrescente,Céu Claro,Dupla,Reta,Sim,0.0,0.0,2.0,2.0,0.0,1.0,2.0,3.0,SPRF-ES,DEL04-ES,UOP02-DEL04-ES,0,moderado
2025-03-15,19:30,2025-03-15 19:30:00,2025.0,3.0,sabado,19.0,noite,ES,CONCEICAO DO CASTELO,False,262.0,BR-262,116.4,-20.314928,-41.23386,Transitar na contramão,Colisão lateral sentido oposto,Com Vítimas Feridas,Plena Noite,Crescente,Chuva,Simples,Declive;Reta,Não,0.0,0.0,1.0,1.0,1.0,0.0,2.0,2.0,SPRF-ES,DEL01-ES,UOP02-DEL01-ES,0,moderado
2025-03-15,21:25,2025-03-15 21:25:00,2025.0,3.0,sabado,21.0,noite,ES,LINHARES,False,101.0,BR-101,146.6,-19.39827778,-40.06336212,Conversão proibida,Colisão transversal,Com Vítimas Feridas,Plena Noite,Crescente,Céu Claro,Simples,Interseção de Vias,Sim,0.0,0.0,2.0,2.0,1.0,0.0,2.0,3.0,SPRF-ES,DEL04-ES,UOP01-DEL04-ES,0,moderado
2025-03-15,23:26,2025-03-15 23:26:00,2025.0,3.0,sabado,23.0,noite,ES,VIANA,True,101.0,BR-101,300.2,-20.359502,-40.433562,Condutor Dormindo,Capotamento,Com Vítimas Feridas,Plena Noite,Decrescente,Céu Claro,Dupla,Reta,Sim,0.0,0.0,1.0,1.0,0.0,0.0,1.0,1.0,SPRF-ES,DEL01-ES,UOP01-DEL01-ES,0,moderado
2025-03-16,06:30,2025-03-16 06:30:00,2025.0,3.0,domingo,6.0,manha,ES,SERRA,True,101.0,BR-101,243.0,-20.0488468,-40.3867006,Ultrapassagem Indevida,Colisão lateral mesmo sentido,Com Vítimas Feridas,Pleno dia,Decrescente,Céu Claro,Simples,Reta,Não,0.0,0.0,1.0,1.0,0.0,1.0,2.0,2.0,SPRF-ES,DEL02-ES,UOP01-DEL02-ES,0,moderado
2025-03-16,09:56,2025-03-16 09:56:00,2025.0,3.0,domingo,9.0,manha,ES,VIANA,True,101.0,BR-101,308.0,-20.414173,-40.459802,Avarias e/ou desgaste excessivo no pneu,Queda de ocupante de veículo,Com Vítimas Feridas,Pleno dia,Crescente,Céu Claro,Dupla,Reta,Não,0.0,1.0,1.0,2.0,0.0,0.0,1.0,2.0,SPRF-ES,DEL01-ES,UOP01-DEL01-ES,1,grave
2025-03-16,13:00,2025-03-16 13:00:00,2025.0,3.0,domingo,13.0,tarde,ES,IBATIBA,False,262.0,BR-262,166.0,-20.251859,-41.563811,Desrespeitar a preferência no cruzamento,Colisão transversal,Com Vítimas Feridas,Pleno dia,Decrescente,Céu Claro,Simples,Interseção de Vias,Não,0.0,0.0,1.0,1.0,0.0,1.0,2.0,2.0,SPRF-ES,DEL01-ES,UOP02-DEL01-ES,0,moderado
2025-03-16,15:54,2025-03-16 15:54:00,2025.0,3.0,domingo,15.0,tarde,ES,VIANA,True,262.0,BR-262,19.0,-20.387477,-40.494995,Reação tardia ou ineficiente do condutor,Colisão lateral mesmo sentido,Com Vítimas Feridas,Pleno dia,Crescente,Céu Claro,Simples,Reta,Não,0.0,1.0,1.0,2.0,1.0,0.0,2.0,3.0,SPRF-ES,DEL01-ES,UOP01-DEL01-ES,1,grave
2025-03-16,16:13,2025-03-16 16:13:00,2025.0,3.0,domingo,16.0,tarde,ES,DOMINGOS MARTINS,False,262.0,BR-262,40.0,-20.38370745,-40.63549876,Chuva,Colisão frontal,Com Vítimas Feridas,Pleno dia,Crescente,Chuva,Simples,Curva,Não,0.0,0.0,3.0,3.0,0.0,0.0,2.0,3.0,SPRF-ES,DEL01-ES,UOP01-DEL01-ES,0,moderado
2025-03-16,18:10,2025-03-16 18:10:00,2025.0,3.0,domingo,18.0,noite,ES,LINHARES,False,101.0,BR-101,147.0,-19.37889628,-40.0665915,Desrespeitar a preferência no cruzamento,Colisão transversal,Com Vítimas Feridas,Plena Noite,Decrescente,Céu Claro,Simples,Reta;Retorno Regulamentado,Sim,0.0,3.0,0.0,3.0,1.0,0.0,2.0,4.0,SPRF-ES,DEL04-ES,UOP01-DEL04-ES,1,grave
2025-03-16,19:40,2025-03-16 19:40:00,2025.0,3.0,domingo,19.0,noite,ES,LINHARES,False,101.0,BR-101,157.2,-19.42227,-40.0778959,Reação tardia ou ineficiente do condutor,Colisão transversal,Com Vítimas Feridas,Plena Noite,Crescente,Céu Claro,Simples,Interseção de Vias;Reta,Não,0.0,0.0,1.0,1.0,2.0,0.0,2.0,3.0,SPRF-ES,DEL04-ES,UOP01-DEL04-ES,0,moderado
2025-03-16,23:45,2025-03-16 23:45:00,2025.0,3.0,domingo,23.0,noite,ES,LINHARES,False,101.0,BR-101,164.3,-19.5060674,-40.13463378,Ingestão de álcool pelo condutor,Tombamento,Com Vítimas Feridas,Plena Noite,Decrescente,Chuva,Simples,Reta,Não,0.0,0.0,1.0,1.0,0.0,0.0,1.0,1.0,SPRF-ES,DEL04-ES,UOP01-DEL04-ES,0,moderado
2025-03-17,07:30,2025-03-17 07:30:00,2025.0,3.0,segunda,7.0,manha,ES,LINHARES,False,101.0,BR-101,141.1,-19.4222605,-40.0779499,Ausência de reação do condutor,Colisão traseira,Com Vítimas Feridas,Pleno dia,Crescente,Garoa/Chuvisco,Dupla,Reta,Sim,0.0,0.0,1.0,1.0,1.0,0.0,2.0,2.0,SPRF-ES,DEL04-ES,UOP01-DEL04-ES,0,moderado
2025-03-17,07:40,2025-03-17 07:40:00,2025.0,3.0,segunda,7.0,manha,ES,VIANA,True,101.0,BR-101,307.0,-20.39960543,-40.4561125,Velocidade Incompatível,Colisão lateral mesmo sentido,Com Vítimas Feridas,Pleno dia,Decrescente,Chuva,Dupla,Reta,Não,0.0,1.0,0.0,1.0,1.0,0.0,2.0,2.0,SPRF-ES,DEL01-ES,UOP01-DEL01-ES,1,grave
2025-03-17,09:30,2025-03-17 09:30:00,2025.0,3.0,segunda,9.0,manha,ES,ARACRUZ,False,101.0,BR-101,196.8,-19.70761857,-40.33350005,Demais falhas mecânicas ou elétricas,Saída de leito carroçável,Com Vítimas Feridas,Pleno dia,Crescente,Nublado,Simples,Reta,Não,0.0,0.0,2.0,2.0,0.0,0.0,1.0,2.0,SPRF-ES,DEL04-ES,UOP01-DEL04-ES,0,moderado
2025-03-17,10:30,2025-03-17 10:30:00,2025.0,3.0,segunda,10.0,manha,ES,SERRA,True,101.0,BR-101,256.2,-20.122913,-40.305058,Manobra de mudança de faixa,Colisão lateral mesmo sentido,Com Vítimas Feridas,Pleno dia,Decrescente,Nublado,Múltipla,Reta,Sim,0.0,0.0,1.0,1.0,0.0,1.0,2.0,2.0,SPRF-ES,DEL02-ES,UOP01-DEL02-ES,0,moderado
2025-03-17,14:20,2025-03-17 14:20:00,2025.0,3.0,segunda,14.0,tarde,ES,IBIRACU,False,101.0,BR-101,219.2,-19.865772,-40.386034,Chuva,Colisão com objeto,Com Vítimas Feridas,Pleno dia,Decrescente,Chuva,Dupla,Curva,Não,0.0,0.0,1.0,1.0,1.0,0.0,1.0,2.0,SPRF-ES,DEL02-ES,UOP01-DEL02-ES,0,moderado
2025-03-18,08:15,2025-03-18 08:15:00,2025.0,3.0,terca,8.0,manha,ES,CARIACICA,True,101.0,BR-101,289.0,-20.28651204,-40.39260864,Acessar a via sem observar a presença dos outros veículos,Colisão lateral mesmo sentido,Com Vítimas Feridas,Pleno dia,Decrescente,Céu Claro,Dupla,Reta;Declive,Sim,0.0,0.0,1.0,1.0,2.0,0.0,2.0,3.0,SPRF-ES,DEL01-ES,UOP01-DEL01-ES,0,moderado
2025-03-18,06:50,2025-03-18 06:50:00,2025.0,3.0,terca,6.0,manha,ES,DOMINGOS MARTINS,False,101.0,BR-101,94.0,-20.3737218,-41.05874968,Acessar a via sem observar a presença dos outros veículos,Colisão transversal,Com Vítimas Feridas,Pleno dia,Crescente,Sol,Simples,Reta,Não,0.0,0.0,1.0,1.0,0.0,1.0,2.0,2.0,SPRF-ES,DEL04-ES,UOP02-DEL04-ES,0,moderado
2025-03-18,12:00,2025-03-18 12:00:00,2025.0,3.0,terca,12.0,tarde,ES,SERRA,True,101.0,BR-101,268.0,-20.21617179,-40.26969007,Acessar a via sem observar a presença dos outros veículos,Colisão transversal,Com Vítimas Feridas,Pleno dia,Decrescente,Céu Claro,Dupla,Curva,Sim,0.0,0.0,1.0,1.0,1.0,0.0,2.0,2.0,SPRF-ES,DEL02-ES,UOP01-DEL02-ES,0,moderado
2025-03-18,12:40,2025-03-18 12:40:00,2025.0,3.0,terca,12.0,tarde,ES,COLATINA,False,259.0,BR-259,53.4,-19.50246825,-40.62262984,Velocidade Incompatível,Saída de leito carroçável,Com Vítimas Feridas,Pleno dia,Decrescente,Sol,Simples,Reta;Declive,Não,0.0,0.0,1.0,1.0,0.0,0.0,1.0,1.0,SPRF-ES,DEL02-ES,UOP01-DEL02-ES,0,moderado
2025-03-18,18:00,2025-03-18 18:00:00,2025.0,3.0,terca,18.0,noite,ES,SOORETAMA,False,101.0,BR-101,126.0,-19.19870499,-40.09587049,Transitar na contramão,Colisão com objeto,Com Vítimas Feridas,Anoitecer,Crescente,Céu Claro,Simples,Aclive;Reta,Não,0.0,0.0,1.0,1.0,0.0,1.0,2.0,2.0,SPRF-ES,DEL04-ES,UOP01-DEL04-ES,0,moderado
2025-03-19,12:20,2025-03-19 12:20:00,2025.0,3.0,quarta,12.0,tarde,ES,ANCHIETA,False,101.0,BR-101,352.7,-20.65980756,-40.6487985,Chuva,Tombamento,Com Vítimas Feridas,Pleno dia,Decrescente,Chuva,Dupla,Curva,Não,0.0,1.0,0.0,1.0,0.0,0.0,1.0,1.0,SPRF-ES,DEL03-ES,UOP01-DEL03-ES,1,grave
2025-03-03,18:10,2025-03-03 18:10:00,2025.0,3.0,segunda,18.0,noite,ES,VIANA,True,262.0,BR-262,34.0,-20.3827789,-40.4596498,Pista Escorregadia,Saída de leito carroçável,Com Vítimas Feridas,Plena Noite,Crescente,Chuva,Simples,Curva,Não,0.0,0.0,1.0,1.0,2.0,0.0,3.0,3.0,SPRF-ES,DEL01-ES,UOP01-DEL01-ES,0,moderado
2025-03-19,14:45,2025-03-19 14:45:00,2025.0,3.0,quarta,14.0,tarde,ES,RIO NOVO DO SUL,False,101.0,BR-101,393.2,-20.8656931,-40.9136218,Acumulo de água sobre o pavimento,Saída de leito carroçável,Sem Vítimas,Pleno dia,Crescente,Chuva,Simples,Reta;Aclive,Não,0.0,0.0,0.0,0.0,1.0,0.0,1.0,1.0,SPRF-ES,DEL03-ES,UOP02-DEL03-ES,0,baixo
2025-03-20,04:00,2025-03-20 04:00:00,2025.0,3.0,quinta,4.0,madrugada,ES,CARIACICA,True,447.0,BR-447,14.0,-20.34802,-40.331815,Velocidade Incompatível,Capotamento,Sem Vítimas,Plena Noite,Crescente,Garoa/Chuvisco,Simples,Reta,Sim,0.0,0.0,0.0,0.0,0.0,1.0,1.0,1.0,SPRF-ES,DEL01-ES,UOP01-DEL01-ES,0,baixo
2025-03-20,08:00,2025-03-20 08:00:00,2025.0,3.0,quinta,8.0,manha,ES,VIANA,True,101.0,BR-101,299.0,-20.35724567,-40.42843759,Reação tardia ou ineficiente do condutor,Capotamento,Sem Vítimas,Pleno dia,Crescente,Nublado,Dupla,Reta,Sim,0.0,0.0,0.0,0.0,0.0,1.0,1.0,1.0,SPRF-ES,DEL01-ES,UOP01-DEL01-ES,0,baixo
2025-01-08,15:35,2025-01-08 15:35:00,2025.0,1.0,quarta,15.0,tarde,ES,SERRA,True,101.0,BR-101,7.1,-20.129093,-40.308125,Acumulo de água sobre o pavimento,Colisão com objeto,Com Vítimas Feridas,Pleno dia,Crescente,Chuva,Dupla,Reta,Não,0.0,1.0,1.0,2.0,0.0,0.0,1.0,2.0,SPRF-ES,DEL02-ES,UOP01-DEL02-ES,1,grave
2025-03-20,21:27,2025-03-20 21:27:00,2025.0,3.0,quinta,21.0,noite,ES,LINHARES,False,101.0,BR-101,142.0,-19.33462659,-40.0678736,Reação tardia ou ineficiente do condutor,Saída de leito carroçável,Com Vítimas Feridas,Plena Noite,Crescente,Céu Claro,Dupla,Reta,Sim,0.0,0.0,1.0,1.0,0.0,0.0,1.0,1.0,SPRF-ES,DEL04-ES,UOP01-DEL04-ES,0,moderado
2025-03-21,10:30,2025-03-21 10:30:00,2025.0,3.0,sexta,10.0,manha,ES,GUARAPARI,True,101.0,BR-101,347.6,-20.65219,-40.62928,Pedestre andava na pista,Atropelamento de Pedestre,Com Vítimas Feridas,Pleno dia,Crescente,Nublado,Dupla,Reta,Não,0.0,0.0,1.0,1.0,0.0,3.0,2.0,4.0,SPRF-ES,DEL03-ES,UOP01-DEL03-ES,0,moderado
2025-03-22,01:10,2025-03-22 01:10:00,2025.0,3.0,sabado,1.0,madrugada,ES,SERRA,True,101.0,BR-101,262.3,-20.16097054,-40.27558647,Ausência de reação do condutor,Colisão com objeto,Com Vítimas Feridas,Plena Noite,Decrescente,Céu Claro,Dupla,Reta,Sim,0.0,0.0,1.0,1.0,0.0,0.0,1.0,1.0,SPRF-ES,DEL02-ES,UOP01-DEL02-ES,0,moderado
2025-02-21,06:40,2025-02-21 06:40:00,2025.0,2.0,sexta,6.0,manha,ES,IBATIBA,False,262.0,BR-262,169.7,-20.26402594,-41.58095414,Desrespeitar a preferência no cruzamento,Colisão transversal,Com Vítimas Feridas,Pleno dia,Crescente,Nublado,Simples,Curva,Não,0.0,0.0,1.0,1.0,1.0,0.0,2.0,2.0,SPRF-ES,DEL01-ES,UOP02-DEL01-ES,0,moderado
2025-03-22,04:30,2025-03-22 04:30:00,2025.0,3.0,sabado,4.0,madrugada,ES,COLATINA,False,259.0,BR-259,78.8,-19.52323773,-40.82458466,Ausência de reação do condutor,Saída de leito carroçável,Com Vítimas Feridas,Amanhecer,Crescente,Céu Claro,Simples,Reta,Não,0.0,0.0,2.0,2.0,0.0,0.0,1.0,2.0,SPRF-ES,DEL02-ES,UOP01-DEL02-ES,0,moderado
2025-03-22,06:00,2025-03-22 06:00:00,2025.0,3.0,sabado,6.0,manha,ES,SERRA,True,101.0,BR-101,245.6,-20.0488473,-40.3867012,Manobra de mudança de faixa,Tombamento,Com Vítimas Feridas,Amanhecer,Crescente,Céu Claro,Simples,Reta,Sim,0.0,1.0,0.0,1.0,0.0,0.0,1.0,1.0,SPRF-ES,DEL02-ES,UOP01-DEL02-ES,1,grave
2025-03-23,07:20,2025-03-23 07:20:00,2025.0,3.0,domingo,7.0,manha,ES,LINHARES,False,101.0,BR-101,139.0,-19.3216636,-40.07410879,Ausência de reação do condutor,Colisão transversal,Com Vítimas Feridas,Pleno dia,Crescente,Céu Claro,Simples,Reta,Não,0.0,0.0,1.0,1.0,0.0,1.0,2.0,2.0,SPRF-ES,DEL04-ES,UOP01-DEL04-ES,0,moderado
2025-03-23,07:20,2025-03-23 07:20:00,2025.0,3.0,domingo,7.0,manha,ES,CONCEICAO DA BARRA,False,101.0,BR-101,29.7,-18.4155742,-39.9367839,Ultrapassagem Indevida,Colisão frontal,Com Vítimas Fatais,Pleno dia,Crescente,Nublado,Múltipla,Reta,Não,1.0,2.0,0.0,2.0,2.0,0.0,3.0,5.0,SPRF-ES,DEL04-ES,UOP02-DEL04-ES,1,fatal
2025-03-23,09:30,2025-03-23 09:30:00,2025.0,3.0,domingo,9.0,manha,ES,SAO MATEUS,False,101.0,BR-101,74.5,-18.782602,-39.877577,Avarias e/ou desgaste excessivo no pneu,Saída de leito carroçável,Com Vítimas Feridas,Pleno dia,Crescente,Céu Claro,Simples,Reta,Não,0.0,0.0,2.0,2.0,0.0,0.0,1.0,2.0,SPRF-ES,DEL04-ES,UOP02-DEL04-ES,0,moderado
2025-03-23,14:00,2025-03-23 14:00:00,2025.0,3.0,domingo,14.0,tarde,ES,LINHARES,False,101.0,BR-101,155.7,-19.416364,-40.06790042,Ausência de reação do condutor,Tombamento,Com Vítimas Feridas,Pleno dia,Crescente,Céu Claro,Simples,Reta,Não,0.0,0.0,1.0,1.0,1.0,0.0,2.0,2.0,SPRF-ES,DEL04-ES,UOP01-DEL04-ES,0,moderado
2025-03-23,20:00,2025-03-23 20:00:00,2025.0,3.0,domingo,20.0,noite,ES,SERRA,True,101.0,BR-101,257.6,-20.12843,-40.299102,Reação tardia ou ineficiente do condutor,Colisão transversal,Com Vítimas Feridas,Plena Noite,Crescente,Céu Claro,Dupla,Curva;Interseção de Vias,Sim,0.0,2.0,1.0,3.0,0.0,0.0,2.0,3.0,SPRF-ES,DEL02-ES,UOP01-DEL02-ES,1,grave
2025-03-23,21:30,2025-03-23 21:30:00,2025.0,3.0,domingo,21.0,noite,ES,SERRA,True,101.0,BR-101,257.0,-20.129535,-40.297318,Ingestão de álcool pelo condutor,Saída de leito carroçável,Sem Vítimas,Plena Noite,Decrescente,Céu Claro,Dupla,Reta;Aclive,Não,0.0,0.0,0.0,0.0,1.0,0.0,1.0,1.0,SPRF-ES,DEL02-ES,UOP01-DEL02-ES,0,baixo
2025-03-24,08:00,2025-03-24 08:00:00,2025.0,3.0,segunda,8.0,manha,ES,SERRA,True,101.0,BR-101,260.9,-20.048852,-40.3867003,Condutor deixou de manter distância do veículo da frente,Colisão traseira,Com Vítimas Feridas,Pleno dia,Crescente,Céu Claro,Dupla,Reta,Não,0.0,0.0,1.0,1.0,1.0,0.0,2.0,2.0,SPRF-ES,DEL02-ES,UOP01-DEL02-ES,0,moderado
2025-03-24,12:40,2025-03-24 12:40:00,2025.0,3.0,segunda,12.0,tarde,ES,CARIACICA,True,101.0,BR-101,281.0,-20.227768,-40.366113,Acessar a via sem observar a presença dos outros veículos,Colisão frontal,Com Vítimas Feridas,Pleno dia,Crescente,Céu Claro,Simples,Reta;Interseção de Vias,Sim,0.0,0.0,1.0,1.0,1.0,0.0,2.0,2.0,SPRF-ES,DEL02-ES,UOP01-DEL02-ES,0,moderado
2025-03-24,17:30,2025-03-24 17:30:00,2025.0,3.0,segunda,17.0,tarde,ES,LINHARES,False,101.0,BR-101,141.0,-19.33557995,-40.06709576,Ausência de reação do condutor,Colisão traseira,Com Vítimas Feridas,Plena Noite,Crescente,Céu Claro,Dupla,Reta,Sim,0.0,0.0,1.0,1.0,1.0,0.0,2.0,2.0,SPRF-ES,DEL04-ES,UOP01-DEL04-ES,0,moderado
2025-03-24,18:20,2025-03-24 18:20:00,2025.0,3.0,segunda,18.0,noite,ES,CARIACICA,True,101.0,BR-101,289.0,-20.28570697,-40.39260864,Condutor deixou de manter distância do veículo da frente,Colisão lateral mesmo sentido,Com Vítimas Feridas,Plena Noite,Crescente,Céu Claro,Dupla,Reta,Não,0.0,1.0,0.0,1.0,1.0,0.0,2.0,2.0,SPRF-ES,DEL01-ES,UOP01-DEL01-ES,1,grave
2025-03-24,20:38,2025-03-24 20:38:00,2025.0,3.0,segunda,20.0,noite,ES,VILA VELHA,True,101.0,BR-101,314.0,-20.46473,-40.46539,Reação tardia ou ineficiente do condutor,Queda de ocupante de veículo,Com Vítimas Feridas,Plena Noite,Decrescente,Ignorado,Dupla,Reta,Não,0.0,0.0,1.0,1.0,0.0,0.0,1.0,1.0,SPRF-ES,DEL01-ES,UOP01-DEL01-ES,0,moderado
2025-03-25,07:30,2025-03-25 07:30:00,2025.0,3.0,terca,7.0,manha,ES,CONCEICAO DO CASTELO,False,262.0,BR-262,119.0,-20.3088403,-41.23399448,Reação tardia ou ineficiente do condutor,Colisão traseira,Sem Vítimas,Pleno dia,Crescente,Nublado,Simples,Reta,Não,0.0,0.0,0.0,0.0,2.0,0.0,2.0,2.0,SPRF-ES,DEL01-ES,UOP02-DEL01-ES,0,baixo
2025-03-25,08:00,2025-03-25 08:00:00,2025.0,3.0,terca,8.0,manha,ES,SERRA,True,101.0,BR-101,269.6,-20.223273,-40.270356,Acessar a via sem observar a presença dos outros veículos,Atropelamento de Pedestre,Com Vítimas Feridas,Pleno dia,Decrescente,Sol,Múltipla,Reta,Sim,0.0,0.0,1.0,1.0,1.0,0.0,2.0,2.0,SPRF-ES,DEL02-ES,UOP01-DEL02-ES,0,moderado
2025-03-25,09:15,2025-03-25 09:15:00,2025.0,3.0,terca,9.0,manha,ES,MARECHAL FLORIANO,False,262.0,BR-262,43.8,-20.38780657,-40.66830754,Acessar a via sem observar a presença dos outros veículos,Colisão transversal,Com Vítimas Feridas,Pleno dia,Decrescente,Sol,Simples,Reta,Não,0.0,0.0,1.0,1.0,1.0,0.0,2.0,2.0,SPRF-ES,DEL01-ES,UOP01-DEL01-ES,0,moderado
2025-02-09,19:00,2025-02-09 19:00:00,2025.0,2.0,domingo,19.0,noite,ES,SAO MATEUS,False,101.0,BR-101,71.8,-18.753513,-39.862598,Ausência de reação do condutor,Colisão traseira,Com Vítimas Feridas,Plena Noite,Decrescente,Nublado,Simples,Reta,Não,0.0,1.0,0.0,1.0,3.0,0.0,2.0,4.0,SPRF-ES,DEL04-ES,UOP02-DEL04-ES,1,grave