data,hora,data_hora,ano,mes,dia_semana,hora_dia,periodo_dia,uf,municipio,regiao_grande_vitoria,rodovia,rodovia_label,km,latitude,longitude,causa,tipo_acidente,classificacao,fase_dia,sentido_via,condicao_metereologica,tipo_pista,tracado_via,uso_solo,mortos,feridos_graves,feridos_leves,feridos,ilesos,ignorados,veiculos,pessoas,regional,delegacia,uop,risco_alto,nivel_risco
2025-03-25,18:00,2025-03-25 18:00:00,2025.0,3.0,terca,18.0,noite,ES,CARIACICA,True,101.0,BR-101,286.5,-20.25546261,-40.37550319,Reação tardia ou ineficiente do condutor,Tombamento,Com Vítimas Feridas,Anoitecer,Crescente,Céu Claro,Dupla,Reta,Sim,0.0,0.0,2.0,2.0,0.0,0.0,1.0,2.0,SPRF-ES,DEL01-ES,UOP01-DEL01-ES,0,moderado
2025-03-25,17:00,2025-03-25 17:00:00,2025.0,3.0,terca,17.0,tarde,ES,SERRA,True,101.0,BR-101,264.0,-20.176899,-40.265692,Reação tardia ou ineficiente do condutor,Colisão traseira,Com Vítimas Feridas,Anoitecer,Decrescente,Céu Claro,Dupla,Reta,Não,0.0,0.0,1.0,1.0,2.0,0.0,2.0,3.0,SPRF-ES,DEL02-ES,UOP01-DEL02-ES,0,moderado
2025-03-25,22:00,2025-03-25 22:00:00,2025.0,3.0,terca,22.0,noite,ES,VIANA,True,101.0,BR-101,306.5,-20.39658675,-40.45781541,Demais falhas mecânicas ou elétricas,Incêndio,Sem Vítimas,Plena Noite,Decrescente,Nublado,Dupla,Reta,Não,0.0,0.0,0.0,0.0,1.0,0.0,1.0,1.0,SPRF-ES,DEL01-ES,UOP01-DEL01-ES,0,baixo
2025-03-26,00:30,2025-03-26 00:30:00,2025.0,3.0,quarta,0.0,madrugada,ES,SERRA,True,101.0,BR-101,270.4,-20.04885,-40.3866983,Acesso irregular,Colisão frontal,Sem Vítimas,Plena Noite,Crescente,Céu Claro,Múltipla,Interseção de Vias,Sim,0.0,0.0,0.0,0.0,2.0,0.0,2.0,2.0,SPRF-ES,DEL02-ES,UOP01-DEL02-ES,0,baixo
2025-03-26,07:00,2025-03-26 07:00:00,2025.0,3.0,quarta,7.0,manha,ES,DOMINGOS MARTINS,False,262.0,BR-262,30.0,-20.373901,-40.564398,Velocidade Incompatível,Tombamento,Com Vítimas Feridas,Pleno dia,Crescente,Nublado,Dupla,Curva,Não,0.0,1.0,0.0,1.0,0.0,0.0,1.0,1.0,SPRF-ES,DEL01-ES,UOP01-DEL01-ES,1,grave
2025-03-26,19:20,2025-03-26 19:20:00,2025.0,3.0,quarta,19.0,noite,ES,IBATIBA,False,262.0,BR-262,152.0,-20.21835445,-41.45132446,Ultrapassagem Indevida,Colisão frontal,Com Vítimas Feridas,Plena Noite,Crescente,Nublado,Simples,Reta,Não,0.0,1.0,0.0,1.0,1.0,0.0,2.0,2.0,SPRF-ES,DEL01-ES,UOP02-DEL01-ES,1,grave
2025-03-27,10:00,2025-03-27 10:00:00,2025.0,3.0,quinta,10.0,manha,ES,COLATINA,False,259.0,BR-259,53.2,-19.497598,-40.632983,Demais falhas mecânicas ou elétricas,Incêndio,Sem Vítimas,Pleno dia,Crescente,Céu Claro,Dupla,Aclive;Reta,Não,0.0,0.0,0.0,0.0,1.0,0.0,1.0,1.0,SPRF-ES,DEL02-ES,UOP01-DEL02-ES,0,baixo
2025-03-27,18:50,2025-03-27 18:50:00,2025.0,3.0,quinta,18.0,noite,ES,LINHARES,False,101.0,BR-101,143.9,-19.34719172,-40.06360352,Reação tardia ou ineficiente do condutor,Colisão transversal,Com Vítimas Feridas,Plena Noite,Decrescente,Céu Claro,Simples,Reta,Sim,0.0,0.0,3.0,3.0,0.0,0.0,2.0,3.0,SPRF-ES,DEL04-ES,UOP01-DEL04-ES,0,moderado
2025-03-28,06:40,2025-03-28 06:40:00,2025.0,3.0,sexta,6.0,manha,ES,CARIACICA,True,262.0,BR-262,0.8,-20.3300629,-40.354654,Condutor deixou de manter distância do veículo da frente,Colisão traseira,Com Vítimas Feridas,Pleno dia,Decrescente,Sol,Dupla,Reta;Ponte;Interseção de Vias,Sim,0.0,0.0,1.0,1.0,1.0,0.0,2.0,2.0,SPRF-ES,DEL01-ES,UOP01-DEL01-ES,0,moderado
2025-03-28,08:40,2025-03-28 08:40:00,2025.0,3.0,sexta,8.0,manha,ES,VIANA,True,101.0,BR-101,300.0,-20.36888318,-40.44385845,Acumulo de areia ou detritos sobre o pavimento,Tombamento,Com Vítimas Feridas,Pleno dia,Decrescente,Céu Claro,Múltipla,Viaduto,Sim,0.0,0.0,1.0,1.0,1.0,0.0,1.0,2.0,SPRF-ES,DEL01-ES,UOP01-DEL01-ES,0,moderado
2025-03-28,08:48,2025-03-28 08:48:00,2025.0,3.0,sexta,8.0,manha,ES,JOAO NEIVA,False,259.0,BR-259,12.5,-19.64721,-40.41098833,Ultrapassagem Indevida,Colisão frontal,Com Vítimas Feridas,Pleno dia,Decrescente,Sol,Simples,Declive;Reta,Não,0.0,4.0,1.0,5.0,0.0,0.0,2.0,5.0,SPRF-ES,DEL02-ES,UOP01-DEL02-ES,1,grave
2025-03-28,11:40,2025-03-28 11:40:00,2025.0,3.0,sexta,11.0,manha,ES,CARIACICA,True,101.0,BR-101,295.6,-20.33628185,-40.40247029,Reação tardia ou ineficiente do condutor,Queda de ocupante de veículo,Com Vítimas Feridas,Pleno dia,Crescente,Céu Claro,Múltipla,Reta,Sim,0.0,0.0,1.0,1.0,0.0,0.0,1.0,1.0,SPRF-ES,DEL01-ES,UOP01-DEL01-ES,0,moderado
2025-03-28,13:30,2025-03-28 13:30:00,2025.0,3.0,sexta,13.0,tarde,ES,CARIACICA,True,101.0,BR-101,292.8,-20.311744,-40.395167,Acesso irregular,Colisão lateral mesmo sentido,Com Vítimas Feridas,Pleno dia,Crescente,Sol,Múltipla,Reta,Sim,0.0,0.0,2.0,2.0,1.0,0.0,2.0,3.0,SPRF-ES,DEL01-ES,UOP01-DEL01-ES,0,moderado
2025-03-28,17:40,2025-03-28 17:40:00,2025.0,3.0,sexta,17.0,tarde,ES,CARIACICA,True,101.0,BR-101,283.0,-20.242584,-40.369826,Reação tardia ou ineficiente do condutor,Tombamento,Com Vítimas Feridas,Anoitecer,Crescente,Céu Claro,Múltipla,Reta,Sim,0.0,1.0,1.0,2.0,0.0,0.0,1.0,2.0,SPRF-ES,DEL01-ES,UOP01-DEL01-ES,1,grave
2025-03-28,18:20,2025-03-28 18:20:00,2025.0,3.0,sexta,18.0,noite,ES,VENDA NOVA DO IMIGRANTE,False,262.0,BR-262,104.7,-20.325957,-41.136038,Reação tardia ou ineficiente do condutor,Colisão traseira,Com Vítimas Feridas,Plena Noite,Crescente,Céu Claro,Simples,Reta,Sim,0.0,0.0,1.0,1.0,1.0,0.0,2.0,2.0,SPRF-ES,DEL01-ES,UOP02-DEL01-ES,0,moderado
2025-03-28,21:20,2025-03-28 21:20:00,2025.0,3.0,sexta,21.0,noite,ES,SERRA,True,101.0,BR-101,241.0,-20.02616333,-40.39835,Transitar na contramão,Colisão frontal,Com Vítimas Feridas,Plena Noite,Crescente,Céu Claro,Simples,Reta,Não,0.0,1.0,0.0,1.0,1.0,0.0,2.0,2.0,SPRF-ES,DEL02-ES,UOP01-DEL02-ES,1,grave
2025-03-29,07:50,2025-03-29 07:50:00,2025.0,3.0,sabado,7.0,manha,ES,COLATINA,False,259.0,BR-259,60.9,-19.533361,-40.684874,Condutor deixou de manter distância do veículo da frente,Tombamento,Com Vítimas Feridas,Pleno dia,Decrescente,Céu Claro,Dupla,Curva,Sim,0.0,0.0,1.0,1.0,1.0,1.0,2.0,3.0,SPRF-ES,DEL02-ES,UOP01-DEL02-ES,0,moderado
2025-03-29,13:20,2025-03-29 13:20:00,2025.0,3.0,sabado,13.0,tarde,ES,JOAO NEIVA,False,259.0,BR-259,8.5,-19.67734105,-40.39954744,Reação tardia ou ineficiente do condutor,Tombamento,Com Vítimas Feridas,Pleno dia,Crescente,Céu Claro,Simples,Reta,Não,0.0,1.0,0.0,1.0,0.0,0.0,1.0,1.0,SPRF-ES,DEL02-ES,UOP01-DEL02-ES,1,grave
2025-03-29,15:43,2025-03-29 15:43:00,2025.0,3.0,sabado,15.0,tarde,ES,SERRA,True,101.0,BR-101,281.9,-20.226233,-40.363418,Demais falhas mecânicas ou elétricas,Tombamento,Com Vítimas Feridas,Pleno dia,Crescente,Sol,Dupla,Reta,Não,0.0,0.0,2.0,2.0,0.0,0.0,1.0,2.0,SPRF-ES,DEL02-ES,UOP01-DEL02-ES,0,moderado
2025-03-29,19:35,2025-03-29 19:35:00,2025.0,3.0,sabado,19.0,noite,ES,CARIACICA,True,101.0,BR-101,288.9,-20.278582,-40.392597,Reação tardia ou ineficiente do condutor,Colisão traseira,Com Vítimas Feridas,Plena Noite,Decrescente,Céu Claro,Dupla,Reta,Sim,0.0,2.0,0.0,2.0,1.0,0.0,2.0,3.0,SPRF-ES,DEL01-ES,UOP01-DEL01-ES,1,grave
2025-03-29,20:40,2025-03-29 20:40:00,2025.0,3.0,sabado,20.0,noite,ES,DOMINGOS MARTINS,False,262.0,BR-262,73.6,-20.41003037,-40.88822722,Velocidade Incompatível,Colisão lateral sentido oposto,Sem Vítimas,Plena Noite,Crescente,Nublado,Simples,Curva,Não,0.0,0.0,0.0,0.0,2.0,0.0,2.0,2.0,SPRF-ES,DEL01-ES,UOP02-DEL01-ES,0,baixo
2025-03-30,11:00,2025-03-30 11:00:00,2025.0,3.0,domingo,11.0,manha,ES,MARECHAL FLORIANO,False,262.0,BR-262,53.0,-20.40720983,-40.73587239,Reação tardia ou ineficiente do condutor,Colisão lateral sentido oposto,Sem Vítimas,Pleno dia,Crescente,Céu Claro,Simples,Curva,Não,0.0,0.0,0.0,0.0,2.0,0.0,2.0,2.0,SPRF-ES,DEL01-ES,UOP01-DEL01-ES,0,baixo
2025-03-30,18:15,2025-03-30 18:15:00,2025.0,3.0,domingo,18.0,noite,ES,IBIRACU,False,101.0,BR-101,212.9,-19.8193927,-40.36785007,Acessar a via sem observar a presença dos outros veículos,Colisão transversal,Com Vítimas Feridas,Plena Noite,Crescente,Céu Claro,Simples,Reta,Sim,0.0,0.0,2.0,2.0,0.0,1.0,2.0,3.0,SPRF-ES,DEL02-ES,UOP01-DEL02-ES,0,moderado
2025-03-30,18:40,2025-03-30 18:40:00,2025.0,3.0,domingo,18.0,noite,ES,LINHARES,False,101.0,BR-101,166.1,-19.521247,-40.1461374,Acessar a via sem observar a presença dos outros veículos,Colisão transversal,Com Vítimas Fatais,Plena Noite,Crescente,Céu Claro,Simples,Reta,Não,1.0,0.0,1.0,1.0,0.0,0.0,2.0,2.0,SPRF-ES,DEL04-ES,UOP01-DEL04-ES,1,fatal
2025-03-30,18:00,2025-03-30 18:00:00,2025.0,3.0,domingo,18.0,noite,ES,CACHOEIRO DE ITAPEMIRIM,False,393.0,BR-393,8.2,-20.82919554,-41.20606408,Reação tardia ou ineficiente do condutor,Tombamento,Com Vítimas Feridas,Plena Noite,Decrescente,Céu Claro,Simples,Declive,Não,0.0,1.0,0.0,1.0,0.0,0.0,1.0,1.0,SPRF-ES,DEL03-ES,UOP02-DEL03-ES,1,grave
2025-03-30,19:40,2025-03-30 19:40:00,2025.0,3.0,domingo,19.0,noite,ES,ITAPEMIRIM,False,101.0,BR-101,415.7,-20.93871975,-41.08269626,Transitar no Acostamento,Atropelamento de Pedestre,Com Vítimas Feridas,Plena Noite,Crescente,Céu Claro,Simples,Reta,Não,0.0,0.0,1.0,1.0,0.0,1.0,2.0,2.0,SPRF-ES,DEL03-ES,UOP02-DEL03-ES,0,moderado
2025-03-30,21:00,2025-03-30 21:00:00,2025.0,3.0,domingo,21.0,noite,ES,SERRA,True,101.0,BR-101,280.6,-20.21838846,-40.34145355,Condutor Dormindo,Capotamento,Com Vítimas Feridas,Plena Noite,Crescente,Céu Claro,Dupla,Reta,Não,0.0,0.0,3.0,3.0,0.0,0.0,1.0,3.0,SPRF-ES,DEL02-ES,UOP01-DEL02-ES,0,moderado
2025-03-31,08:55,2025-03-31 08:55:00,2025.0,3.0,segunda,8.0,manha,ES,SERRA,True,101.0,BR-101,260.7,-20.1465779,-40.2821566,Condutor deixou de manter distância do veículo da frente,Colisão traseira,Com Vítimas Feridas,Pleno dia,Crescente,Céu Claro,Dupla,Curva,Sim,0.0,0.0,1.0,1.0,1.0,0.0,2.0,2.0,SPRF-ES,DEL02-ES,UOP01-DEL02-ES,0,moderado
2025-03-31,11:30,2025-03-31 11:30:00,2025.0,3.0,segunda,11.0,manha,ES,SERRA,True,101.0,BR-101,260.7,-20.148073,-40.280028,Reação tardia ou ineficiente do condutor,Tombamento,Com Vítimas Feridas,Pleno dia,Crescente,Céu Claro,Simples,Curva,Não,0.0,0.0,1.0,1.0,0.0,0.0,1.0,1.0,SPRF-ES,DEL02-ES,UOP01-DEL02-ES,0,moderado
2025-03-31,22:30,2025-03-31 22:30:00,2025.0,3.0,segunda,22.0,noite,ES,LINHARES,False,101.0,BR-101,140.5,-19.36275143,-40.06493014,Condutor desrespeitou a iluminação vermelha do semáforo,Colisão transversal,Com Vítimas Feridas,Plena Noite,Crescente,Céu Claro,Simples,Interseção de Vias,Sim,0.0,0.0,1.0,1.0,1.0,0.0,2.0,2.0,SPRF-ES,DEL04-ES,UOP01-DEL04-ES,0,moderado
2025-04-01,04:40,2025-04-01 04:40:00,2025.0,4.0,terca,4.0,madrugada,ES,LINHARES,False,101.0,BR-101,159.1,-19.47016756,-40.11122162,Acessar a via sem observar a presença dos outros veículos,Colisão transversal,Com Vítimas Feridas,Amanhecer,Crescente,Céu Claro,Simples,Interseção de Vias,Não,0.0,0.0,1.0,1.0,1.0,0.0,2.0,2.0,SPRF-ES,DEL04-ES,UOP01-DEL04-ES,0,moderado
2025-04-01,14:44,2025-04-01 14:44:00,2025.0,4.0,terca,14.0,tarde,ES,CARIACICA,True,101.0,BR-101,288.4,-20.274991,-40.392349,Ausência de reação do condutor,Saída de leito carroçável,Com Vítimas Feridas,Pleno dia,Crescente,Sol,Dupla,Reta,Sim,0.0,0.0,2.0,2.0,0.0,0.0,1.0,2.0,SPRF-ES,DEL01-ES,UOP01-DEL01-ES,0,moderado
2025-04-01,18:36,2025-04-01 18:36:00,2025.0,4.0,terca,18.0,noite,ES,CARIACICA,True,101.0,BR-101,292.5,-20.30610061,-40.39505151,Desrespeitar a preferência no cruzamento,Colisão transversal,Com Vítimas Feridas,Plena Noite,Crescente,Nublado,Dupla,Reta;Retorno Regulamentado,Sim,0.0,0.0,1.0,1.0,1.0,0.0,2.0,2.0,SPRF-ES,DEL01-ES,UOP01-DEL01-ES,0,moderado
2025-04-01,21:48,2025-04-01 21:48:00,2025.0,4.0,terca,21.0,noite,ES,DOMINGOS MARTINS,False,262.0,BR-262,87.9,-20.391672,-41.009276,Ultrapassagem Indevida,Colisão frontal,Com Vítimas Fatais,Plena Noite,Crescente,Céu Claro,Simples,Reta,Não,1.0,1.0,2.0,3.0,0.0,0.0,2.0,4.0,SPRF-ES,DEL01-ES,UOP02-DEL01-ES,1,fatal
2025-04-02,06:25,2025-04-02 06:25:00,2025.0,4.0,quarta,6.0,manha,ES,LINHARES,False,101.0,BR-101,141.9,-19.33477085,-40.06725485,Reação tardia ou ineficiente do condutor,Atropelamento de Animal,Com Vítimas Feridas,Pleno dia,Decrescente,Céu Claro,Dupla,Reta,Não,0.0,0.0,1.0,1.0,0.0,0.0,1.0,1.0,SPRF-ES,DEL04-ES,UOP01-DEL04-ES,0,moderado
2025-04-02,10:50,2025-04-02 10:50:00,2025.0,4.0,quarta,10.0,manha,ES,SERRA,True,101.0,BR-101,270.0,-20.0488586,-40.386697,Acumulo de areia ou detritos sobre o pavimento,Queda de ocupante de veículo,Com Vítimas Feridas,Pleno dia,Crescente,Céu Claro,Dupla,Curva,Sim,0.0,0.0,1.0,1.0,0.0,0.0,1.0,1.0,SPRF-ES,DEL02-ES,UOP01-DEL02-ES,0,moderado
2025-04-02,12:50,2025-04-02 12:50:00,2025.0,4.0,quarta,12.0,tarde,ES,SERRA,True,101.0,BR-101,254.0,-20.112009,-40.325225,Ausência de reação do condutor,Colisão com objeto,Com Vítimas Feridas,Pleno dia,Decrescente,Céu Claro,Simples,Reta,Sim,0.0,0.0,1.0,1.0,0.0,0.0,1.0,1.0,SPRF-ES,DEL02-ES,UOP01-DEL02-ES,0,moderado
2025-04-02,15:20,2025-04-02 15:20:00,2025.0,4.0,quarta,15.0,tarde,ES,SERRA,True,101.0,BR-101,266.5,-20.195745,-40.268515,Ausência de reação do condutor,Colisão lateral sentido oposto,Com Vítimas Feridas,Pleno dia,Decrescente,Sol,Múltipla,Reta,Sim,0.0,1.0,0.0,1.0,1.0,0.0,2.0,2.0,SPRF-ES,DEL02-ES,UOP01-DEL02-ES,1,grave
2025-04-02,12:00,2025-04-02 12:00:00,2025.0,4.0,quarta,12.0,tarde,ES,IBATIBA,False,262.0,BR-262,159.2,-20.2347554,-41.5071772,Acessar a via sem observar a presença dos outros veículos,Colisão transversal,Com Vítimas Feridas,Pleno dia,Crescente,Céu Claro,Simples,Reta,Sim,0.0,0.0,1.0,1.0,1.0,0.0,2.0,2.0,SPRF-ES,DEL01-ES,UOP02-DEL01-ES,0,moderado
2025-04-02,17:20,2025-04-02 17:20:00,2025.0,4.0,quarta,17.0,tarde,ES,SAO MATEUS,False,101.0,BR-101,63.8,-18.69499277,-39.86432076,Transitar no Acostamento,Colisão transversal,Com Vítimas Feridas,Pleno dia,Crescente,Céu Claro,Simples,Declive,Não,0.0,0.0,1.0,1.0,1.0,0.0,2.0,2.0,SPRF-ES,DEL04-ES,UOP02-DEL04-ES,0,moderado
2025-04-02,18:25,2025-04-02 18:25:00,2025.0,4.0,quarta,18.0,noite,ES,CARIACICA,True,101.0,BR-101,295.1,-20.3334435,-40.4010046,Entrada inopinada do pedestre,Atropelamento de Pedestre,Com Vítimas Feridas,Plena Noite,Decrescente,Céu Claro,Dupla,Reta,Sim,0.0,1.0,0.0,1.0,1.0,0.0,2.0,2.0,SPRF-ES,DEL01-ES,UOP01-DEL01-ES,1,grave
2025-04-02,19:20,2025-04-02 19:20:00,2025.0,4.0,quarta,19.0,noite,ES,SERRA,True,101.0,BR-101,266.6,-20.048857,-40.3867007,Pedestre andava na pista,Queda de ocupante de veículo,Com Vítimas Feridas,Plena Noite,Crescente,Céu Claro,Múltipla,Reta,Sim,0.0,0.0,1.0,1.0,0.0,0.0,1.0,1.0,SPRF-ES,DEL02-ES,UOP01-DEL02-ES,0,moderado
2025-04-02,22:10,2025-04-02 22:10:00,2025.0,4.0,quarta,22.0,noite,ES,SERRA,True,101.0,BR-101,267.9,-20.20706,-40.269677,Acessar a via sem observar a presença dos outros veículos,Colisão lateral mesmo sentido,Com Vítimas Feridas,Plena Noite,Crescente,Céu Claro,Múltipla,Reta,Sim,0.0,0.0,2.0,2.0,1.0,0.0,2.0,3.0,SPRF-ES,DEL02-ES,UOP01-DEL02-ES,0,moderado
2025-04-02,21:30,2025-04-02 21:30:00,2025.0,4.0,quarta,21.0,noite,ES,RIO NOVO DO SUL,False,101.0,BR-101,385.8,-20.84093767,-40.87172706,Condutor Dormindo,Saída de leito carroçável,Com Vítimas Feridas,Plena Noite,Decrescente,Céu Claro,Simples,Curva,Não,0.0,0.0,1.0,1.0,0.0,0.0,1.0,1.0,SPRF-ES,DEL03-ES,UOP01-DEL03-ES,0,moderado
2025-04-03,05:00,2025-04-03 05:00:00,2025.0,4.0,quinta,5.0,madrugada,ES,LINHARES,False,101.0,BR-101,140.1,-19.31773102,-40.07555485,Reação tardia ou ineficiente do condutor,Colisão traseira,Com Vítimas Feridas,Amanhecer,Decrescente,Céu Claro,Múltipla,Reta,Sim,0.0,0.0,1.0,1.0,0.0,1.0,2.0,2.0,SPRF-ES,DEL04-ES,UOP01-DEL04-ES,0,moderado
2025-04-03,11:49,2025-04-03 11:49:00,2025.0,4.0,quinta,11.0,manha,ES,LINHARES,False,101.0,BR-101,148.8,-19.39885714,-40.06305957,Manobra de mudança de faixa,Colisão lateral mesmo sentido,Com Vítimas Feridas,Pleno dia,Crescente,Céu Claro,Múltipla,Reta,Não,0.0,0.0,1.0,1.0,1.0,0.0,2.0,2.0,SPRF-ES,DEL04-ES,UOP01-DEL04-ES,0,moderado
2025-04-03,12:20,2025-04-03 12:20:00,2025.0,4.0,quinta,12.0,tarde,ES,VENDA NOVA DO IMIGRANTE,False,262.0,BR-262,112.0,-20.335994,-41.203531,Conversão proibida,Colisão transversal,Com Vítimas Feridas,Pleno dia,Crescente,Céu Claro,Simples,Reta,Não,0.0,0.0,1.0,1.0,1.0,0.0,2.0,2.0,SPRF-ES,DEL01-ES,UOP02-DEL01-ES,0,moderado
2025-04-03,12:00,2025-04-03 12:00:00,2025.0,4.0,quinta,12.0,tarde,ES,SAO MATEUS,False,101.0,BR-101,72.0,-18.764004,-39.86383,Ausência de reação do condutor,Tombamento,Com Vítimas Feridas,Pleno dia,Crescente,Céu Claro,Simples,Curva,Não,0.0,0.0,1.0,1.0,0.0,0.0,1.0,1.0,SPRF-ES,DEL04-ES,UOP02-DEL04-ES,0,moderado
2025-04-03,15:00,2025-04-03 15:00:00,2025.0,4.0,quinta,15.0,tarde,ES,SERRA,True,101.0,BR-101,267.9,-20.2063692,-40.26911728,Ausência de reação do condutor,Colisão traseira,Com Vítimas Feridas,Pleno dia,Decrescente,Céu Claro,Dupla,Reta,Sim,0.0,0.0,1.0,1.0,1.0,0.0,2.0,2.0,SPRF-ES,DEL02-ES,UOP01-DEL02-ES,0,moderado
2025-04-03,18:30,2025-04-03 18:30:00,2025.0,4.0,quinta,18.0,noite,ES,LINHARES,False,101.0,BR-101,170.8,-19.55645948,-40.17278435,Reação tardia ou ineficiente do condutor,Colisão com objeto,Com Vítimas Feridas,Plena Noite,Decrescente,Céu Claro,Simples,Retorno Regulamentado,Sim,0.0,0.0,1.0,1.0,0.0,0.0,1.0,1.0,SPRF-ES,DEL04-ES,UOP01-DEL04-ES,0,moderado
2025-04-03,18:35,2025-04-03 18:35:00,2025.0,4.0,quinta,18.0,noite,ES,SERRA,True,101.0,BR-101,259.5,-20.14636266,-40.28823607,Velocidade Incompatível,Colisão traseira,Com Vítimas Feridas,Anoitecer,Decrescente,Ignorado,Dupla,Curva,Não,0.0,0.0,1.0,1.0,1.0,0.0,2.0,2.0,SPRF-ES,DEL02-ES,UOP01-DEL02-ES,0,moderado
2025-04-04,13:45,2025-04-04 13:45:00,2025.0,4.0,sexta,13.0,tarde,ES,SERRA,True,101.0,BR-101,267.1,-20.20097028,-40.26926994,Ausência de reação do condutor,Colisão traseira,Com Vítimas Feridas,Pleno dia,Crescente,Céu Claro,Múltipla,Reta,Sim,0.0,0.0,1.0,1.0,0.0,1.0,2.0,2.0,SPRF-ES,DEL02-ES,UOP01-DEL02-ES,0,moderado
2025-04-04,16:00,2025-04-04 16:00:00,2025.0,4.0,sexta,16.0,tarde,ES,IBIRACU,False,101.0,BR-101,221.4,-19.867988,-40.404121,Reação tardia ou ineficiente do condutor,Engavetamento,Com Vítimas Feridas,Pleno dia,Decrescente,Céu Claro,Simples,Reta,Sim,0.0,0.0,1.0,1.0,3.0,0.0,3.0,4.0,SPRF-ES,DEL02-ES,UOP01-DEL02-ES,0,moderado
2025-04-04,16:00,2025-04-04 16:00:00,2025.0,4.0,sexta,16.0,tarde,ES,SERRA,True,101.0,BR-101,268.5,-20.21476333,-40.26998833,Pedestre cruzava a pista fora da faixa,Atropelamento de Pedestre,Com Vítimas Feridas,Pleno dia,Crescente,Sol,Múltipla,Reta,Sim,0.0,0.0,2.0,2.0,0.0,0.0,2.0,2.0,SPRF-ES,DEL02-ES,UOP01-DEL02-ES,0,moderado
2025-04-04,22:30,2025-04-04 22:30:00,2025.0,4.0,sexta,22.0,noite,ES,LINHARES,False,101.0,BR-101,132.5,-19.35188295,-40.0636685,Transitar na contramão,Colisão lateral sentido oposto,Com Vítimas Feridas,Plena Noite,Crescente,Céu Claro,Simples,Reta,Não,0.0,1.0,0.0,1.0,1.0,0.0,2.0,2.0,SPRF-ES,DEL04-ES,UOP01-DEL04-ES,1,grave
2025-04-05,07:35,2025-04-05 07:35:00,2025.0,4.0,sabado,7.0,manha,ES,SERRA,True,101.0,BR-101,270.7,-20.23250385,-40.2762961,Condutor deixou de manter distância do veículo da frente,Colisão traseira,Com Vítimas Feridas,Pleno dia,Crescente,Nublado,Dupla,Curva,Sim,0.0,1.0,0.0,1.0,1.0,0.0,2.0,2.0,SPRF-ES,DEL02-ES,UOP01-DEL02-ES,1,grave
2025-04-05,10:13,2025-04-05 10:13:00,2025.0,4.0,sabado,10.0,manha,ES,CARIACICA,True,101.0,BR-101,297.0,-20.345774,-40.410576,Acesso irregular,Colisão lateral mesmo sentido,Com Vítimas Feridas,Pleno dia,Decrescente,Céu Claro,Dupla,Curva;Aclive;Interseção de Vias,Sim,0.0,1.0,1.0,2.0,1.0,0.0,2.0,3.0,SPRF-ES,DEL01-ES,UOP01-DEL01-ES,1,grave
2025-04-05,19:15,2025-04-05 19:15:00,2025.0,4.0,sabado,19.0,noite,ES,COLATINA,False,259.0,BR-259,61.6,-19.5296775,-40.6925889,Ingestão de álcool pelo condutor,Colisão transversal,Com Vítimas Feridas,Plena Noite,Crescente,Nublado,Simples,Reta,Não,0.0,1.0,2.0,3.0,0.0,1.0,2.0,4.0,SPRF-ES,DEL02-ES,UOP01-DEL02-ES,1,grave
2025-04-05,21:00,2025-04-05 21:00:00,2025.0,4.0,sabado,21.0,noite,ES,COLATINA,False,259.0,BR-259,55.0,-19.50134934,-40.62826227,Conversão proibida,Colisão lateral sentido oposto,Com Vítimas Feridas,Plena Noite,Crescente,Nublado,Simples,Curva,Sim,0.0,0.0,1.0,1.0,0.0,1.0,2.0,2.0,SPRF-ES,DEL02-ES,UOP01-DEL02-ES,0,moderado
2025-04-06,00:28,2025-04-06 00:28:00,2025.0,4.0,domingo,0.0,madrugada,ES,IBATIBA,False,262.0,BR-262,162.0,-20.2351362,-41.5299927,Ultrapassagem Indevida,Colisão lateral mesmo sentido,Com Vítimas Feridas,Plena Noite,Crescente,Céu Claro,Simples,Curva,Não,0.0,1.0,1.0,2.0,0.0,1.0,2.0,3.0,SPRF-ES,DEL01-ES,UOP02-DEL01-ES,1,grave
2025-04-06,07:00,2025-04-06 07:00:00,2025.0,4.0,domingo,7.0,manha,ES,SERRA,True,101.0,BR-101,267.0,-20.205417,-40.269545,Ausência de reação do condutor,Colisão traseira,Com Vítimas Feridas,Pleno dia,Crescente,Garoa/Chuvisco,Múltipla,Reta,Sim,0.0,2.0,0.0,2.0,1.0,0.0,2.0,3.0,SPRF-ES,DEL02-ES,UOP01-DEL02-ES,1,grave
2025-04-06,10:26,2025-04-06 10:26:00,2025.0,4.0,domingo,10.0,manha,ES,DOMINGOS MARTINS,False,262.0,BR-262,41.0,-20.38480015,-40.64425042,Velocidade Incompatível,Saída de leito carroçável,Com Vítimas Feridas,Pleno dia,Crescente,Chuva,Dupla,Aclive;Curva,Não,0.0,1.0,0.0,1.0,0.0,0.0,1.0,1.0,SPRF-ES,DEL01-ES,UOP01-DEL01-ES,1,grave