data,hora,data_hora,ano,mes,dia_semana,hora_dia,periodo_dia,uf,municipio,regiao_grande_vitoria,rodovia,rodovia_label,km,latitude,longitude,causa,tipo_acidente,classificacao,fase_dia,sentido_via,condicao_metereologica,tipo_pista,tracado_via,uso_solo,mortos,feridos_graves,feridos_leves,feridos,ilesos,ignorados,veiculos,pessoas,regional,delegacia,uop,risco_alto,nivel_risco
2025-04-06,10:00,2025-04-06 10:00:00,2025.0,4.0,domingo,10.0,manha,ES,LINHARES,False,101.0,BR-101,150.6,-19.40711212,-40.06402731,Condutor deixou de manter distância do veículo da frente,Colisão traseira,Com Vítimas Feridas,Pleno dia,Decrescente,Céu Claro,Múltipla,Interseção de Vias;Declive;Curva,Sim,0.0,1.0,2.0,3.0,1.0,0.0,2.0,4.0,SPRF-ES,DEL04-ES,UOP01-DEL04-ES,1,grave
2025-04-06,13:30,2025-04-06 13:30:00,2025.0,4.0,domingo,13.0,tarde,ES,SERRA,True,101.0,BR-101,268.2,-20.0488865,-40.3867121,Condutor deixou de manter distância do veículo da frente,Colisão traseira,Com Vítimas Feridas,Pleno dia,Crescente,Céu Claro,Múltipla,Reta,Sim,0.0,0.0,1.0,1.0,2.0,0.0,2.0,3.0,SPRF-ES,DEL02-ES,UOP01-DEL02-ES,0,moderado
2025-04-06,14:30,2025-04-06 14:30:00,2025.0,4.0,domingo,14.0,tarde,ES,DOMINGOS MARTINS,False,262.0,BR-262,87.0,-20.39614518,-40.99593094,Chuva,Tombamento,Com Vítimas Feridas,Pleno dia,Crescente,Chuva,Simples,Reta,Não,0.0,0.0,1.0,1.0,0.0,0.0,1.0,1.0,SPRF-ES,DEL01-ES,UOP02-DEL01-ES,0,moderado
2025-04-06,17:13,2025-04-06 17:13:00,2025.0,4.0,domingo,17.0,tarde,ES,LINHARES,False,101.0,BR-101,144.1,-19.35184157,-40.06355524,Manobra de mudança de faixa,Queda de ocupante de veículo,Com Vítimas Feridas,Pleno dia,Decrescente,Nublado,Múltipla,Reta,Sim,0.0,0.0,1.0,1.0,0.0,0.0,1.0,1.0,SPRF-ES,DEL04-ES,UOP01-DEL04-ES,0,moderado
2025-04-06,18:30,2025-04-06 18:30:00,2025.0,4.0,domingo,18.0,noite,ES,IBIRACU,False,101.0,BR-101,209.1,-19.79174,-40.37139,Condutor deixou de manter distância do veículo da frente,Colisão traseira,Com Vítimas Feridas,Plena Noite,Decrescente,Chuva,Simples,Reta,Não,0.0,0.0,3.0,3.0,1.0,0.0,2.0,4.0,SPRF-ES,DEL02-ES,UOP01-DEL02-ES,0,moderado
2025-04-06,19:36,2025-04-06 19:36:00,2025.0,4.0,domingo,19.0,noite,ES,SAO MATEUS,False,101.0,BR-101,18.0,-18.6489235,-39.8735974,Ausência de reação do condutor,Eventos atípicos,Com Vítimas Feridas,Anoitecer,Crescente,Céu Claro,Dupla,Reta,Não,0.0,0.0,1.0,1.0,0.0,0.0,1.0,1.0,SPRF-ES,DEL04-ES,UOP02-DEL04-ES,0,moderado
2025-04-07,06:45,2025-04-07 06:45:00,2025.0,4.0,segunda,6.0,manha,ES,GUARAPARI,True,101.0,BR-101,336.0,-20.6635008,-40.6061056,Chuva,Saída de leito carroçável,Com Vítimas Feridas,Amanhecer,Decrescente,Chuva,Dupla,Aclive;Reta,Não,0.0,0.0,1.0,1.0,1.0,0.0,1.0,2.0,SPRF-ES,DEL03-ES,UOP01-DEL03-ES,0,moderado
2025-04-07,08:20,2025-04-07 08:20:00,2025.0,4.0,segunda,8.0,manha,ES,SERRA,True,101.0,BR-101,267.6,-20.20282998,-40.26916589,Manobra de mudança de faixa,Colisão lateral mesmo sentido,Com Vítimas Feridas,Pleno dia,Crescente,Chuva,Dupla,Reta,Sim,0.0,0.0,1.0,1.0,2.0,0.0,2.0,3.0,SPRF-ES,DEL02-ES,UOP01-DEL02-ES,0,moderado
2025-04-07,08:50,2025-04-07 08:50:00,2025.0,4.0,segunda,8.0,manha,ES,GUARAPARI,True,101.0,BR-101,335.4,-20.62941055,-40.53711534,Chuva,Saída de leito carroçável,Com Vítimas Feridas,Pleno dia,Decrescente,Chuva,Dupla,Aclive;Curva,Não,0.0,0.0,1.0,1.0,1.0,0.0,1.0,2.0,SPRF-ES,DEL03-ES,UOP01-DEL03-ES,0,moderado
2025-04-07,18:00,2025-04-07 18:00:00,2025.0,4.0,segunda,18.0,noite,ES,LINHARES,False,101.0,BR-101,144.8,-19.36038489,-40.06439209,Ausência de reação do condutor,Colisão traseira,Com Vítimas Feridas,Anoitecer,Crescente,Céu Claro,Dupla,Reta,Sim,0.0,0.0,1.0,1.0,1.0,0.0,2.0,2.0,SPRF-ES,DEL04-ES,UOP01-DEL04-ES,0,moderado
2025-04-08,08:55,2025-04-08 08:55:00,2025.0,4.0,terca,8.0,manha,ES,SERRA,True,101.0,BR-101,269.2,-20.22002047,-40.2702665,Manobra de mudança de faixa,Colisão lateral mesmo sentido,Com Vítimas Feridas,Pleno dia,Crescente,Sol,Múltipla,Reta,Sim,0.0,0.0,2.0,2.0,0.0,0.0,2.0,2.0,SPRF-ES,DEL02-ES,UOP01-DEL02-ES,0,moderado
2025-04-08,17:10,2025-04-08 17:10:00,2025.0,4.0,terca,17.0,tarde,ES,CARIACICA,True,101.0,BR-101,287.0,-20.25231936,-40.37333965,Acessar a via sem observar a presença dos outros veículos,Colisão transversal,Com Vítimas Feridas,Anoitecer,Crescente,Céu Claro,Dupla,Reta,Sim,0.0,0.0,1.0,1.0,1.0,0.0,2.0,2.0,SPRF-ES,DEL01-ES,UOP01-DEL01-ES,0,moderado
2025-04-08,17:50,2025-04-08 17:50:00,2025.0,4.0,terca,17.0,tarde,ES,IBIRACU,False,101.0,BR-101,215.8,-19.83920833,-40.38316333,Reação tardia ou ineficiente do condutor,Tombamento,Com Vítimas Feridas,Anoitecer,Crescente,Nublado,Simples,Reta,Não,0.0,0.0,1.0,1.0,0.0,0.0,1.0,1.0,SPRF-ES,DEL02-ES,UOP01-DEL02-ES,0,moderado
2025-04-09,06:30,2025-04-09 06:30:00,2025.0,4.0,quarta,6.0,manha,ES,COLATINA,False,259.0,BR-259,63.2,-19.522715,-40.707203,Reação tardia ou ineficiente do condutor,Colisão transversal,Com Vítimas Feridas,Pleno dia,Crescente,Céu Claro,Simples,Reta,Sim,0.0,1.0,1.0,2.0,1.0,0.0,2.0,3.0,SPRF-ES,DEL02-ES,UOP01-DEL02-ES,1,grave
2025-04-09,07:30,2025-04-09 07:30:00,2025.0,4.0,quarta,7.0,manha,ES,MARECHAL FLORIANO,False,262.0,BR-262,70.0,-20.415415,-40.867134,Reação tardia ou ineficiente do condutor,Colisão traseira,Com Vítimas Feridas,Pleno dia,Crescente,Céu Claro,Simples,Curva;Aclive,Não,0.0,0.0,1.0,1.0,1.0,0.0,2.0,2.0,SPRF-ES,DEL01-ES,UOP02-DEL01-ES,0,moderado
2025-04-09,09:20,2025-04-09 09:20:00,2025.0,4.0,quarta,9.0,manha,ES,VITORIA,True,0.0,BR-0,0.0,-20.28727685,-40.30412793,Condutor deixou de manter distância do veículo da frente,Colisão traseira,Sem Vítimas,Pleno dia,Não Informado,Céu Claro,Dupla,Reta,Sim,0.0,0.0,0.0,0.0,2.0,0.0,2.0,2.0,SPRF-ES,DEL02-ES,UOP01-DEL02-ES,0,baixo
2025-04-02,06:15,2025-04-02 06:15:00,2025.0,4.0,quarta,6.0,manha,ES,CONCEICAO DA BARRA,False,101.0,BR-101,36.0,-18.45953599,-39.92997939,Desrespeitar a preferência no cruzamento,Tombamento,Com Vítimas Feridas,Pleno dia,Decrescente,Céu Claro,Simples,Reta,Não,0.0,0.0,1.0,1.0,1.0,0.0,2.0,2.0,SPRF-ES,DEL04-ES,UOP02-DEL04-ES,0,moderado
2025-04-10,05:00,2025-04-10 05:00:00,2025.0,4.0,quinta,5.0,madrugada,ES,LINHARES,False,101.0,BR-101,137.0,-19.29994957,-40.08390248,Reação tardia ou ineficiente do condutor,Tombamento,Com Vítimas Feridas,Amanhecer,Decrescente,Céu Claro,Simples,Reta,Não,0.0,0.0,1.0,1.0,0.0,0.0,1.0,1.0,SPRF-ES,DEL04-ES,UOP01-DEL04-ES,0,moderado
2025-04-10,08:00,2025-04-10 08:00:00,2025.0,4.0,quinta,8.0,manha,ES,CARIACICA,True,101.0,BR-101,288.5,-20.2667107,-40.38679177,Trafegar com motocicleta (ou similar) entre as faixas,Colisão traseira,Com Vítimas Feridas,Pleno dia,Decrescente,Céu Claro,Dupla,Reta,Sim,0.0,1.0,0.0,1.0,1.0,0.0,2.0,2.0,SPRF-ES,DEL01-ES,UOP01-DEL01-ES,1,grave
2025-04-10,08:30,2025-04-10 08:30:00,2025.0,4.0,quinta,8.0,manha,ES,SERRA,True,101.0,BR-101,268.0,-20.21641,-40.27012,Pedestre cruzava a pista fora da faixa,Atropelamento de Pedestre,Com Vítimas Feridas,Pleno dia,Crescente,Céu Claro,Dupla,Reta,Sim,0.0,0.0,1.0,1.0,1.0,0.0,2.0,2.0,SPRF-ES,DEL02-ES,UOP01-DEL02-ES,0,moderado
2025-04-10,13:10,2025-04-10 13:10:00,2025.0,4.0,quinta,13.0,tarde,ES,JOAO NEIVA,False,101.0,BR-101,205.0,-19.75707974,-40.37979119,Ausência de reação do condutor,Queda de ocupante de veículo,Com Vítimas Feridas,Pleno dia,Crescente,Nublado,Simples,Reta,Sim,0.0,0.0,1.0,1.0,0.0,0.0,1.0,1.0,SPRF-ES,DEL02-ES,UOP01-DEL02-ES,0,moderado
2025-04-10,16:40,2025-04-10 16:40:00,2025.0,4.0,quinta,16.0,tarde,ES,LINHARES,False,101.0,BR-101,159.9,-19.47847375,-40.11491778,Acessar a via sem observar a presença dos outros veículos,Colisão lateral mesmo sentido,Com Vítimas Feridas,Pleno dia,Decrescente,Nublado,Simples,Reta,Sim,0.0,0.0,2.0,2.0,1.0,0.0,2.0,3.0,SPRF-ES,DEL04-ES,UOP01-DEL04-ES,0,moderado
2025-04-10,19:30,2025-04-10 19:30:00,2025.0,4.0,quinta,19.0,noite,ES,COLATINA,False,259.0,BR-259,68.4,-19.501626,-40.74465,Transitar na contramão,Colisão lateral sentido oposto,Com Vítimas Feridas,Plena Noite,Crescente,Nublado,Simples,Reta,Não,0.0,0.0,2.0,2.0,0.0,0.0,2.0,2.0,SPRF-ES,DEL02-ES,UOP01-DEL02-ES,0,moderado
2025-04-11,00:01,2025-04-11 00:01:00,2025.0,4.0,sexta,0.0,madrugada,ES,LINHARES,False,101.0,BR-101,145.0,-19.4222704,-40.0779271,Velocidade Incompatível,Saída de leito carroçável,Com Vítimas Feridas,Plena Noite,Decrescente,Chuva,Múltipla,Reta,Sim,0.0,0.0,1.0,1.0,0.0,0.0,1.0,1.0,SPRF-ES,DEL04-ES,UOP01-DEL04-ES,0,moderado
2025-04-11,04:20,2025-04-11 04:20:00,2025.0,4.0,sexta,4.0,madrugada,ES,VIANA,True,262.0,BR-262,20.0,-20.381129,-40.504147,Reação tardia ou ineficiente do condutor,Colisão com objeto,Sem Vítimas,Plena Noite,Crescente,Nublado,Simples,Reta;Ponte,Não,0.0,0.0,0.0,0.0,2.0,0.0,1.0,2.0,SPRF-ES,DEL01-ES,UOP01-DEL01-ES,0,baixo
2025-04-11,09:30,2025-04-11 09:30:00,2025.0,4.0,sexta,9.0,manha,ES,SERRA,True,101.0,BR-101,271.0,-20.23030821,-40.28102875,Ausência de reação do condutor,Queda de ocupante de veículo,Com Vítimas Feridas,Pleno dia,Crescente,Céu Claro,Dupla,Reta,Não,0.0,0.0,1.0,1.0,0.0,0.0,1.0,1.0,SPRF-ES,DEL02-ES,UOP01-DEL02-ES,0,moderado
2025-04-11,11:20,2025-04-11 11:20:00,2025.0,4.0,sexta,11.0,manha,ES,VIANA,True,101.0,BR-101,298.0,-20.357507,-40.426507,Reação tardia ou ineficiente do condutor,Colisão lateral mesmo sentido,Com Vítimas Feridas,Pleno dia,Crescente,Céu Claro,Dupla,Reta,Não,0.0,0.0,1.0,1.0,0.0,1.0,2.0,2.0,SPRF-ES,DEL01-ES,UOP01-DEL01-ES,0,moderado
2025-04-11,17:05,2025-04-11 17:05:00,2025.0,4.0,sexta,17.0,tarde,ES,SERRA,True,101.0,BR-101,267.7,-20.19848,-40.26808,Manobra de mudança de faixa,Colisão lateral mesmo sentido,Com Vítimas Feridas,Pleno dia,Decrescente,Céu Claro,Dupla,Reta,Sim,0.0,0.0,1.0,1.0,1.0,0.0,2.0,2.0,SPRF-ES,DEL02-ES,UOP01-DEL02-ES,0,moderado
2025-04-11,20:30,2025-04-11 20:30:00,2025.0,4.0,sexta,20.0,noite,ES,CACHOEIRO DE ITAPEMIRIM,False,393.0,BR-393,1.0,-20.83681886,-41.15815938,Reação tardia ou ineficiente do condutor,Colisão transversal,Com Vítimas Feridas,Plena Noite,Crescente,Céu Claro,Simples,Reta,Sim,0.0,0.0,1.0,1.0,1.0,0.0,2.0,2.0,SPRF-ES,DEL03-ES,UOP02-DEL03-ES,0,moderado
2025-04-11,20:58,2025-04-11 20:58:00,2025.0,4.0,sexta,20.0,noite,ES,LINHARES,False,101.0,BR-101,143.0,-19.34286302,-40.06369686,Velocidade Incompatível,Colisão transversal,Com Vítimas Fatais,Plena Noite,Decrescente,Céu Claro,Múltipla,Reta,Não,1.0,0.0,0.0,0.0,0.0,1.0,2.0,2.0,SPRF-ES,DEL04-ES,UOP01-DEL04-ES,1,fatal
2025-04-12,00:45,2025-04-12 00:45:00,2025.0,4.0,sabado,0.0,madrugada,ES,RIO NOVO DO SUL,False,101.0,BR-101,395.0,-20.865157,-40.917123,Pedestre andava na pista,Atropelamento de Pedestre,Com Vítimas Feridas,Plena Noite,Crescente,Nublado,Simples,Curva,Não,0.0,0.0,1.0,1.0,0.0,1.0,2.0,2.0,SPRF-ES,DEL03-ES,UOP02-DEL03-ES,0,moderado
2025-04-12,10:39,2025-04-12 10:39:00,2025.0,4.0,sabado,10.0,manha,ES,LINHARES,False,101.0,BR-101,145.6,-19.40572083,-40.06166077,Ausência de reação do condutor,Tombamento,Com Vítimas Feridas,Pleno dia,Crescente,Céu Claro,Dupla,Reta,Sim,0.0,0.0,1.0,1.0,0.0,0.0,1.0,1.0,SPRF-ES,DEL04-ES,UOP01-DEL04-ES,0,moderado
2025-04-12,12:00,2025-04-12 12:00:00,2025.0,4.0,sabado,12.0,tarde,ES,LINHARES,False,101.0,BR-101,149.0,-19.39710134,-40.06365485,Transitar na contramão,Colisão transversal,Com Vítimas Feridas,Pleno dia,Decrescente,Céu Claro,Dupla,Interseção de Vias,Sim,0.0,1.0,1.0,2.0,0.0,0.0,2.0,2.0,SPRF-ES,DEL04-ES,UOP01-DEL04-ES,1,grave
2025-03-16,13:05,2025-03-16 13:05:00,2025.0,3.0,domingo,13.0,tarde,ES,COLATINA,False,259.0,BR-259,82.0,-19.51063749,-40.85212469,Ausência de reação do condutor,Colisão lateral mesmo sentido,Com Vítimas Feridas,Pleno dia,Crescente,Ignorado,Simples,Reta,Não,0.0,0.0,1.0,1.0,0.0,2.0,3.0,3.0,SPRF-ES,DEL02-ES,UOP01-DEL02-ES,0,moderado
2025-04-12,13:20,2025-04-12 13:20:00,2025.0,4.0,sabado,13.0,tarde,ES,DOMINGOS MARTINS,False,262.0,BR-262,36.9,-20.3819927,-40.6147423,Ausência de reação do condutor,Queda de ocupante de veículo,Com Vítimas Feridas,Pleno dia,Decrescente,Chuva,Simples,Reta,Sim,0.0,0.0,1.0,1.0,0.0,0.0,1.0,1.0,SPRF-ES,DEL01-ES,UOP01-DEL01-ES,0,moderado
2025-04-13,10:30,2025-04-13 10:30:00,2025.0,4.0,domingo,10.0,manha,ES,COLATINA,False,259.0,BR-259,70.0,-19.49606621,-40.76092958,Ausência de reação do condutor,Queda de ocupante de veículo,Com Vítimas Feridas,Pleno dia,Crescente,Céu Claro,Simples,Reta,Não,0.0,0.0,1.0,1.0,0.0,0.0,1.0,1.0,SPRF-ES,DEL02-ES,UOP01-DEL02-ES,0,moderado
2025-02-12,09:10,2025-02-12 09:10:00,2025.0,2.0,quarta,9.0,manha,ES,IBIRACU,False,101.0,BR-101,219.0,-19.86460092,-40.38336629,Velocidade Incompatível,Colisão com objeto,Com Vítimas Feridas,Pleno dia,Crescente,Céu Claro,Dupla,Reta,Não,0.0,1.0,1.0,2.0,0.0,0.0,1.0,2.0,SPRF-ES,DEL02-ES,UOP01-DEL02-ES,1,grave
2025-04-13,22:07,2025-04-13 22:07:00,2025.0,4.0,domingo,22.0,noite,ES,LINHARES,False,101.0,BR-101,146.8,-19.3812525,-40.0666143,Conversão proibida,Colisão transversal,Com Vítimas Feridas,Pleno dia,Decrescente,Céu Claro,Dupla,Interseção de Vias,Sim,0.0,0.0,1.0,1.0,0.0,6.0,3.0,7.0,SPRF-ES,DEL04-ES,UOP01-DEL04-ES,0,moderado
2025-04-14,07:07,2025-04-14 07:07:00,2025.0,4.0,segunda,7.0,manha,ES,SAO MATEUS,False,101.0,BR-101,66.0,-18.71941778,-39.86773133,Pedestre cruzava a pista fora da faixa,Atropelamento de Pedestre,Com Vítimas Feridas,Pleno dia,Crescente,Céu Claro,Simples,Reta,Sim,0.0,1.0,0.0,1.0,1.0,0.0,2.0,2.0,SPRF-ES,DEL04-ES,UOP02-DEL04-ES,1,grave
2025-04-14,11:20,2025-04-14 11:20:00,2025.0,4.0,segunda,11.0,manha,ES,LINHARES,False,101.0,BR-101,145.0,-19.36091731,-40.06446409,Ausência de reação do condutor,Tombamento,Com Vítimas Feridas,Pleno dia,Decrescente,Céu Claro,Múltipla,Reta;Aclive,Sim,0.0,0.0,1.0,1.0,1.0,0.0,2.0,2.0,SPRF-ES,DEL04-ES,UOP01-DEL04-ES,0,moderado
2025-04-14,14:40,2025-04-14 14:40:00,2025.0,4.0,segunda,14.0,tarde,ES,VIANA,True,101.0,BR-101,300.8,-20.36291413,-40.4376483,Acumulo de areia ou detritos sobre o pavimento,Tombamento,Com Vítimas Feridas,Pleno dia,Decrescente,Nublado,Dupla,Curva,Sim,0.0,0.0,1.0,1.0,0.0,0.0,1.0,1.0,SPRF-ES,DEL01-ES,UOP01-DEL01-ES,0,moderado
2025-04-14,16:15,2025-04-14 16:15:00,2025.0,4.0,segunda,16.0,tarde,ES,SERRA,True,101.0,BR-101,254.0,-20.11139198,-40.327034,Ausência de reação do condutor,Colisão traseira,Com Vítimas Feridas,Pleno dia,Decrescente,Céu Claro,Simples,Em Obras;Reta,Sim,0.0,0.0,1.0,1.0,1.0,0.0,2.0,2.0,SPRF-ES,DEL02-ES,UOP01-DEL02-ES,0,moderado
2025-04-15,07:45,2025-04-15 07:45:00,2025.0,4.0,terca,7.0,manha,ES,LINHARES,False,101.0,BR-101,142.9,-19.34291313,-40.06376982,Acessar a via sem observar a presença dos outros veículos,Colisão transversal,Com Vítimas Feridas,Pleno dia,Decrescente,Céu Claro,Dupla,Reta,Sim,0.0,0.0,2.0,2.0,0.0,0.0,2.0,2.0,SPRF-ES,DEL04-ES,UOP01-DEL04-ES,0,moderado
2025-04-15,08:50,2025-04-15 08:50:00,2025.0,4.0,terca,8.0,manha,ES,CARIACICA,True,101.0,BR-101,296.0,-20.34352039,-40.40486097,Conversão proibida,Colisão lateral mesmo sentido,Com Vítimas Feridas,Pleno dia,Crescente,Céu Claro,Dupla,Curva,Não,0.0,0.0,2.0,2.0,1.0,0.0,2.0,3.0,SPRF-ES,DEL01-ES,UOP01-DEL01-ES,0,moderado
2025-04-15,11:40,2025-04-15 11:40:00,2025.0,4.0,terca,11.0,manha,ES,LINHARES,False,101.0,BR-101,141.0,-19.326444,-40.071735,Animais na Pista,Atropelamento de Animal,Com Vítimas Feridas,Pleno dia,Decrescente,Céu Claro,Múltipla,Reta,Sim,0.0,0.0,1.0,1.0,0.0,0.0,1.0,1.0,SPRF-ES,DEL04-ES,UOP01-DEL04-ES,0,moderado
2025-04-15,19:00,2025-04-15 19:00:00,2025.0,4.0,terca,19.0,noite,ES,SAO MATEUS,False,101.0,BR-101,66.7,-18.70935945,-39.8658931,Acessar a via sem observar a presença dos outros veículos,Colisão transversal,Com Vítimas Feridas,Anoitecer,Decrescente,Nublado,Dupla,Reta,Sim,0.0,0.0,2.0,2.0,0.0,0.0,2.0,2.0,SPRF-ES,DEL04-ES,UOP02-DEL04-ES,0,moderado
2025-02-03,06:20,2025-02-03 06:20:00,2025.0,2.0,segunda,6.0,manha,ES,LINHARES,False,101.0,BR-101,143.2,-19.34286596,-40.0638568,Manobra de mudança de faixa,Colisão lateral mesmo sentido,Com Vítimas Feridas,Pleno dia,Crescente,Céu Claro,Dupla,Reta,Sim,0.0,1.0,0.0,1.0,1.0,0.0,2.0,2.0,SPRF-ES,DEL04-ES,UOP01-DEL04-ES,1,grave
2025-04-17,10:50,2025-04-17 10:50:00,2025.0,4.0,quinta,10.0,manha,ES,LINHARES,False,101.0,BR-101,122.4,-19.16405956,-40.08504326,Ausência de reação do condutor,Saída de leito carroçável,Com Vítimas Feridas,Pleno dia,Decrescente,Nublado,Simples,Reta;Declive,Não,0.0,0.0,3.0,3.0,1.0,0.0,1.0,4.0,SPRF-ES,DEL04-ES,UOP01-DEL04-ES,0,moderado
2025-04-17,18:47,2025-04-17 18:47:00,2025.0,4.0,quinta,18.0,noite,ES,SERRA,True,101.0,BR-101,233.0,-20.0409088,-40.38656,Velocidade Incompatível,Colisão traseira,Com Vítimas Feridas,Plena Noite,Decrescente,Garoa/Chuvisco,Dupla,Reta,Não,0.0,0.0,1.0,1.0,3.0,0.0,2.0,4.0,SPRF-ES,DEL02-ES,UOP01-DEL02-ES,0,moderado
2025-04-17,23:00,2025-04-17 23:00:00,2025.0,4.0,quinta,23.0,noite,ES,SERRA,True,101.0,BR-101,269.7,-20.224463,-40.270198,Reação tardia ou ineficiente do condutor,Engavetamento,Com Vítimas Feridas,Plena Noite,Decrescente,Nublado,Dupla,Reta,Sim,0.0,0.0,1.0,1.0,4.0,0.0,3.0,5.0,SPRF-ES,DEL02-ES,UOP01-DEL02-ES,0,moderado
2025-04-18,03:30,2025-04-18 03:30:00,2025.0,4.0,sexta,3.0,madrugada,ES,CARIACICA,True,101.0,BR-101,283.0,-20.2334214,-40.36909103,Condutor Dormindo,Saída de leito carroçável,Com Vítimas Feridas,Plena Noite,Decrescente,Céu Claro,Múltipla,Reta,Sim,0.0,0.0,3.0,3.0,1.0,0.0,1.0,4.0,SPRF-ES,DEL01-ES,UOP01-DEL01-ES,0,moderado
2025-04-18,09:10,2025-04-18 09:10:00,2025.0,4.0,sexta,9.0,manha,ES,IBIRACU,False,101.0,BR-101,214.0,-19.830006,-40.372636,Ausência de reação do condutor,Colisão traseira,Sem Vítimas,Pleno dia,Crescente,Nublado,Simples,Reta,Sim,0.0,0.0,0.0,0.0,2.0,0.0,2.0,2.0,SPRF-ES,DEL02-ES,UOP01-DEL02-ES,0,baixo
2025-04-18,11:35,2025-04-18 11:35:00,2025.0,4.0,sexta,11.0,manha,ES,LINHARES,False,101.0,BR-101,151.0,-19.4044895,-40.0609856,Transitar na contramão,Colisão frontal,Sem Vítimas,Pleno dia,Decrescente,Nublado,Simples,Curva,Sim,0.0,0.0,0.0,0.0,2.0,0.0,2.0,2.0,SPRF-ES,DEL04-ES,UOP01-DEL04-ES,0,baixo
2025-04-18,19:45,2025-04-18 19:45:00,2025.0,4.0,sexta,19.0,noite,ES,SAO MATEUS,False,101.0,BR-101,68.0,-18.72490549,-39.85975698,Ingestão de álcool pelo condutor,Saída de leito carroçável,Sem Vítimas,Plena Noite,Crescente,Chuva,Múltipla,Retorno Regulamentado;Interseção de Vias,Sim,0.0,0.0,0.0,0.0,0.0,1.0,1.0,1.0,SPRF-ES,DEL04-ES,UOP02-DEL04-ES,0,baixo
2025-04-19,06:00,2025-04-19 06:00:00,2025.0,4.0,sabado,6.0,manha,ES,MIMOSO DO SUL,False,101.0,BR-101,439.0,-21.08045577,-41.23653889,Ultrapassagem Indevida,Colisão frontal,Com Vítimas Feridas,Amanhecer,Decrescente,Céu Claro,Simples,Reta,Sim,0.0,3.0,0.0,3.0,0.0,0.0,2.0,3.0,SPRF-ES,DEL03-ES,UOP02-DEL03-ES,1,grave
2025-04-19,08:50,2025-04-19 08:50:00,2025.0,4.0,sabado,8.0,manha,ES,LINHARES,False,101.0,BR-101,137.1,-19.29402534,-40.08581573,Acessar a via sem observar a presença dos outros veículos,Colisão transversal,Com Vítimas Feridas,Pleno dia,Decrescente,Céu Claro,Simples,Interseção de Vias,Não,0.0,0.0,3.0,3.0,3.0,0.0,2.0,6.0,SPRF-ES,DEL04-ES,UOP01-DEL04-ES,0,moderado
2025-04-19,15:35,2025-04-19 15:35:00,2025.0,4.0,sabado,15.0,tarde,ES,MARECHAL FLORIANO,False,262.0,BR-262,57.1,-20.41728006,-40.76425552,Ausência de reação do condutor,Engavetamento,Sem Vítimas,Pleno dia,Crescente,Nublado,Simples,Reta,Não,0.0,0.0,0.0,0.0,3.0,0.0,3.0,3.0,SPRF-ES,DEL01-ES,UOP01-DEL01-ES,0,baixo
2025-04-19,16:15,2025-04-19 16:15:00,2025.0,4.0,sabado,16.0,tarde,ES,ANCHIETA,False,101.0,BR-101,352.6,-20.672678,-40.664446,Velocidade Incompatível,Tombamento,Com Vítimas Fatais,Pleno dia,Decrescente,Nublado,Simples,Curva,Não,1.0,1.0,0.0,1.0,0.0,1.0,3.0,3.0,SPRF-ES,DEL03-ES,UOP01-DEL03-ES,1,fatal
2025-04-17,04:45,2025-04-17 04:45:00,2025.0,4.0,quinta,4.0,madrugada,ES,CARIACICA,True,101.0,BR-101,283.0,-20.25235585,-40.37246794,Acumulo de água sobre o pavimento,Saída de leito carroçável,Com Vítimas Feridas,Plena Noite,Decrescente,Chuva,Dupla,Reta,Não,0.0,0.0,1.0,1.0,0.0,0.0,1.0,1.0,SPRF-ES,DEL01-ES,UOP01-DEL01-ES,0,moderado
2025-04-19,20:20,2025-04-19 20:20:00,2025.0,4.0,sabado,20.0,noite,ES,SAO MATEUS,False,101.0,BR-101,91.0,-18.6489133,-39.8735389,Ausência de reação do condutor,Colisão lateral sentido oposto,Com Vítimas Feridas,Plena Noite,Crescente,Nublado,Dupla,Reta,Sim,0.0,1.0,0.0,1.0,0.0,1.0,2.0,2.0,SPRF-ES,DEL04-ES,UOP02-DEL04-ES,1,grave
2025-04-20,07:00,2025-04-20 07:00:00,2025.0,4.0,domingo,7.0,manha,ES,IBIRACU,False,101.0,BR-101,209.1,-19.790156,-40.371425,Manobra de mudança de faixa,Colisão lateral mesmo sentido,Com Vítimas Feridas,Pleno dia,Decrescente,Céu Claro,Simples,Reta,Não,0.0,0.0,1.0,1.0,1.0,0.0,2.0,2.0,SPRF-ES,DEL02-ES,UOP01-DEL02-ES,0,moderado