data,hora,data_hora,ano,mes,dia_semana,hora_dia,periodo_dia,uf,municipio,regiao_grande_vitoria,rodovia,rodovia_label,km,latitude,longitude,causa,tipo_acidente,classificacao,fase_dia,sentido_via,condicao_metereologica,tipo_pista,tracado_via,uso_solo,mortos,feridos_graves,feridos_leves,feridos,ilesos,ignorados,veiculos,pessoas,regional,delegacia,uop,risco_alto,nivel_risco
2025-05-13,14:00,2025-05-13 14:00:00,2025.0,5.0,terca,14.0,tarde,ES,SERRA,True,101.0,BR-101,267.5,-20.2049518,-40.26888,Manobra de mudança de faixa,Saída de leito carroçável,Com Vítimas Feridas,Pleno dia,Decrescente,Sol,Múltipla,Reta,Sim,0.0,0.0,1.0,1.0,1.0,0.0,1.0,2.0,SPRF-ES,DEL02-ES,UOP01-DEL02-ES,0,moderado
2025-03-30,17:10,2025-03-30 17:10:00,2025.0,3.0,domingo,17.0,tarde,ES,LINHARES,False,101.0,BR-101,160.9,-19.483641,-40.119811,Animais na Pista,Atropelamento de Animal,Com Vítimas Feridas,Anoitecer,Crescente,Céu Claro,Simples,Reta,Não,0.0,1.0,0.0,1.0,0.0,0.0,1.0,1.0,SPRF-ES,DEL04-ES,UOP01-DEL04-ES,1,grave
2025-05-13,19:40,2025-05-13 19:40:00,2025.0,5.0,terca,19.0,noite,ES,SERRA,True,101.0,BR-101,257.5,-20.12848049,-40.29900802,Acessar a via sem observar a presença dos outros veículos,Colisão transversal,Com Vítimas Feridas,Pleno dia,Crescente,Nublado,Dupla,Reta,Sim,0.0,1.0,0.0,1.0,1.0,0.0,2.0,2.0,SPRF-ES,DEL02-ES,UOP01-DEL02-ES,1,grave
2025-05-14,06:46,2025-05-14 06:46:00,2025.0,5.0,quarta,6.0,manha,ES,LINHARES,False,101.0,BR-101,122.8,-19.1671819,-40.08656296,Ultrapassagem Indevida,Saída de leito carroçável,Com Vítimas Feridas,Pleno dia,Decrescente,Céu Claro,Simples,Reta,Não,0.0,0.0,1.0,1.0,0.0,0.0,1.0,1.0,SPRF-ES,DEL04-ES,UOP01-DEL04-ES,0,moderado
2025-05-14,07:28,2025-05-14 07:28:00,2025.0,5.0,quarta,7.0,manha,ES,GUARAPARI,True,101.0,BR-101,322.0,-20.52694351,-40.48180668,Demais falhas mecânicas ou elétricas,Incêndio,Sem Vítimas,Pleno dia,Crescente,Nublado,Dupla,Reta,Não,0.0,0.0,0.0,0.0,1.0,0.0,1.0,1.0,SPRF-ES,DEL03-ES,UOP01-DEL03-ES,0,baixo
2025-05-14,09:30,2025-05-14 09:30:00,2025.0,5.0,quarta,9.0,manha,ES,IBIRACU,False,101.0,BR-101,219.0,-19.86,-40.38,Velocidade Incompatível,Saída de leito carroçável,Com Vítimas Feridas,Pleno dia,Crescente,Chuva,Dupla,Curva,Não,0.0,0.0,1.0,1.0,0.0,0.0,1.0,1.0,SPRF-ES,DEL02-ES,UOP01-DEL02-ES,0,moderado
2025-03-07,08:50,2025-03-07 08:50:00,2025.0,3.0,sexta,8.0,manha,ES,LINHARES,False,101.0,BR-101,148.6,-19.39976728,-40.06234742,Acessar a via sem observar a presença dos outros veículos,Colisão transversal,Com Vítimas Feridas,Pleno dia,Crescente,Céu Claro,Simples,Interseção de Vias,Sim,0.0,1.0,0.0,1.0,1.0,0.0,2.0,2.0,SPRF-ES,DEL04-ES,UOP01-DEL04-ES,1,grave
2025-05-14,13:20,2025-05-14 13:20:00,2025.0,5.0,quarta,13.0,tarde,ES,SAO MATEUS,False,101.0,BR-101,67.0,-18.72190163,-39.86367702,Condutor deixou de manter distância do veículo da frente,Colisão traseira,Com Vítimas Feridas,Pleno dia,Decrescente,Céu Claro,Simples,Reta,Sim,0.0,0.0,1.0,1.0,0.0,1.0,2.0,2.0,SPRF-ES,DEL04-ES,UOP02-DEL04-ES,0,moderado
2025-05-14,15:30,2025-05-14 15:30:00,2025.0,5.0,quarta,15.0,tarde,ES,SERRA,True,101.0,BR-101,266.5,-20.19551333,-40.26872333,Condutor desrespeitou a iluminação vermelha do semáforo,Colisão transversal,Com Vítimas Feridas,Anoitecer,Crescente,Chuva,Múltipla,Reta,Não,0.0,1.0,1.0,2.0,0.0,0.0,2.0,2.0,SPRF-ES,DEL02-ES,UOP01-DEL02-ES,1,grave
2025-05-14,23:00,2025-05-14 23:00:00,2025.0,5.0,quarta,23.0,noite,ES,ATILIO VIVACQUA,False,101.0,BR-101,420.8,-20.97242891,-41.1104935,Chuva,Saída de leito carroçável,Com Vítimas Feridas,Plena Noite,Decrescente,Chuva,Simples,Reta,Não,0.0,0.0,1.0,1.0,1.0,0.0,1.0,2.0,SPRF-ES,DEL03-ES,UOP02-DEL03-ES,0,moderado
2025-05-15,08:35,2025-05-15 08:35:00,2025.0,5.0,quinta,8.0,manha,ES,SERRA,True,101.0,BR-101,252.3,-20.0999583,-40.337041,Animais na Pista,Tombamento,Com Vítimas Feridas,Pleno dia,Crescente,Céu Claro,Simples,Reta,Não,0.0,1.0,0.0,1.0,0.0,0.0,1.0,1.0,SPRF-ES,DEL02-ES,UOP01-DEL02-ES,1,grave
2025-05-15,10:50,2025-05-15 10:50:00,2025.0,5.0,quinta,10.0,manha,ES,CARIACICA,True,101.0,BR-101,289.0,-20.270987,-40.3905461,Ausência de reação do condutor,Queda de ocupante de veículo,Com Vítimas Feridas,Pleno dia,Decrescente,Céu Claro,Dupla,Reta,Sim,0.0,0.0,1.0,1.0,0.0,0.0,1.0,1.0,SPRF-ES,DEL01-ES,UOP01-DEL01-ES,0,moderado
2025-05-15,12:40,2025-05-15 12:40:00,2025.0,5.0,quinta,12.0,tarde,ES,ARACRUZ,False,101.0,BR-101,190.0,-19.68577278,-40.28173484,Reação tardia ou ineficiente do condutor,Tombamento,Com Vítimas Feridas,Pleno dia,Crescente,Céu Claro,Simples,Curva,Não,0.0,0.0,1.0,1.0,0.0,0.0,1.0,1.0,SPRF-ES,DEL04-ES,UOP01-DEL04-ES,0,moderado
2025-05-15,16:20,2025-05-15 16:20:00,2025.0,5.0,quinta,16.0,tarde,ES,SERRA,True,101.0,BR-101,255.0,-20.048857,-40.3866912,Reação tardia ou ineficiente do condutor,Colisão traseira,Com Vítimas Feridas,Pleno dia,Crescente,Céu Claro,Simples,Reta,Não,0.0,0.0,1.0,1.0,1.0,0.0,2.0,2.0,SPRF-ES,DEL02-ES,UOP01-DEL02-ES,0,moderado
2025-05-15,20:20,2025-05-15 20:20:00,2025.0,5.0,quinta,20.0,noite,ES,SERRA,True,101.0,BR-101,265.0,-20.18178891,-40.26542191,Deficiência do Sistema de Iluminação/Sinalização,Atropelamento de Pedestre,Com Vítimas Feridas,Plena Noite,Crescente,Chuva,Dupla,Reta,Sim,0.0,0.0,2.0,2.0,0.0,1.0,2.0,3.0,SPRF-ES,DEL02-ES,UOP01-DEL02-ES,0,moderado
2025-05-16,08:30,2025-05-16 08:30:00,2025.0,5.0,sexta,8.0,manha,ES,VIANA,True,101.0,BR-101,299.2,-20.35814639,-40.42076111,Reação tardia ou ineficiente do condutor,Colisão lateral mesmo sentido,Com Vítimas Feridas,Pleno dia,Crescente,Nublado,Múltipla,Reta,Sim,0.0,0.0,1.0,1.0,1.0,0.0,2.0,2.0,SPRF-ES,DEL01-ES,UOP01-DEL01-ES,0,moderado
2025-05-16,12:45,2025-05-16 12:45:00,2025.0,5.0,sexta,12.0,tarde,ES,SERRA,True,101.0,BR-101,270.6,-20.23085183,-40.27316451,Condutor desrespeitou a iluminação vermelha do semáforo,Colisão transversal,Com Vítimas Feridas,Pleno dia,Decrescente,Céu Claro,Múltipla,Interseção de Vias,Sim,0.0,1.0,2.0,3.0,1.0,0.0,2.0,4.0,SPRF-ES,DEL02-ES,UOP01-DEL02-ES,1,grave
2025-05-16,15:20,2025-05-16 15:20:00,2025.0,5.0,sexta,15.0,tarde,ES,LINHARES,False,101.0,BR-101,146.0,-19.37707696,-40.06599506,Reação tardia ou ineficiente do condutor,Colisão traseira,Com Vítimas Feridas,Pleno dia,Decrescente,Céu Claro,Múltipla,Reta,Sim,0.0,1.0,0.0,1.0,0.0,1.0,2.0,2.0,SPRF-ES,DEL04-ES,UOP01-DEL04-ES,1,grave
2025-05-16,23:30,2025-05-16 23:30:00,2025.0,5.0,sexta,23.0,noite,ES,JOAO NEIVA,False,101.0,BR-101,206.0,-19.765273,-40.37168,Reação tardia ou ineficiente do condutor,Colisão com objeto,Com Vítimas Feridas,Plena Noite,Decrescente,Céu Claro,Múltipla,Reta,Sim,0.0,0.0,1.0,1.0,1.0,0.0,1.0,2.0,SPRF-ES,DEL02-ES,UOP01-DEL02-ES,0,moderado
2025-05-17,03:00,2025-05-17 03:00:00,2025.0,5.0,sabado,3.0,madrugada,ES,CARIACICA,True,101.0,BR-101,295.0,-20.33691812,-40.40232253,Velocidade Incompatível,Capotamento,Com Vítimas Feridas,Plena Noite,Decrescente,Nublado,Dupla,Reta,Sim,0.0,1.0,0.0,1.0,0.0,0.0,1.0,1.0,SPRF-ES,DEL01-ES,UOP01-DEL01-ES,1,grave
2025-05-17,09:00,2025-05-17 09:00:00,2025.0,5.0,sabado,9.0,manha,ES,SERRA,True,101.0,BR-101,270.7,-20.23272427,-40.2755785,Velocidade Incompatível,Colisão com objeto,Com Vítimas Feridas,Pleno dia,Crescente,Nublado,Múltipla,Curva,Sim,0.0,0.0,1.0,1.0,0.0,0.0,1.0,1.0,SPRF-ES,DEL02-ES,UOP01-DEL02-ES,0,moderado
2025-05-17,14:00,2025-05-17 14:00:00,2025.0,5.0,sabado,14.0,tarde,ES,SERRA,True,101.0,BR-101,269.9,-20.0488618,-40.3866904,Manobra de mudança de faixa,Colisão lateral mesmo sentido,Com Vítimas Feridas,Pleno dia,Decrescente,Céu Claro,Dupla,Reta,Sim,0.0,0.0,1.0,1.0,1.0,0.0,2.0,2.0,SPRF-ES,DEL02-ES,UOP01-DEL02-ES,0,moderado
2025-05-17,14:39,2025-05-17 14:39:00,2025.0,5.0,sabado,14.0,tarde,ES,LINHARES,False,101.0,BR-101,161.0,-19.4887139,-40.12536661,Ultrapassagem Indevida,Tombamento,Com Vítimas Feridas,Pleno dia,Crescente,Céu Claro,Simples,Reta,Não,0.0,0.0,1.0,1.0,0.0,0.0,1.0,1.0,SPRF-ES,DEL04-ES,UOP01-DEL04-ES,0,moderado
2025-05-17,16:51,2025-05-17 16:51:00,2025.0,5.0,sabado,16.0,tarde,ES,SERRA,True,101.0,BR-101,270.4,-20.0488623,-40.386691,Condutor desrespeitou a iluminação vermelha do semáforo,Colisão transversal,Com Vítimas Feridas,Pleno dia,Decrescente,Céu Claro,Múltipla,Reta,Sim,0.0,1.0,0.0,1.0,4.0,0.0,2.0,5.0,SPRF-ES,DEL02-ES,UOP01-DEL02-ES,1,grave
2025-05-17,18:25,2025-05-17 18:25:00,2025.0,5.0,sabado,18.0,noite,ES,ATILIO VIVACQUA,False,101.0,BR-101,426.3,-21.00998291,-41.14428163,Ausência de reação do condutor,Colisão com objeto,Com Vítimas Feridas,Plena Noite,Crescente,Céu Claro,Dupla,Reta,Não,0.0,1.0,0.0,1.0,0.0,0.0,1.0,1.0,SPRF-ES,DEL03-ES,UOP02-DEL03-ES,1,grave
2025-05-17,20:30,2025-05-17 20:30:00,2025.0,5.0,sabado,20.0,noite,ES,CONCEICAO DA BARRA,False,101.0,BR-101,25.0,-18.376312,-39.94730696,Ausência de reação do condutor,Colisão traseira,Com Vítimas Feridas,Plena Noite,Crescente,Chuva,Simples,Reta,Não,0.0,0.0,2.0,2.0,0.0,1.0,2.0,3.0,SPRF-ES,DEL04-ES,UOP02-DEL04-ES,0,moderado
2025-05-17,22:00,2025-05-17 22:00:00,2025.0,5.0,sabado,22.0,noite,ES,SERRA,True,101.0,BR-101,265.4,-20.20495438,-40.26906983,Entrada inopinada do pedestre,Atropelamento de Pedestre,Com Vítimas Feridas,Plena Noite,Decrescente,Nublado,Múltipla,Declive;Reta,Sim,0.0,0.0,1.0,1.0,1.0,2.0,2.0,4.0,SPRF-ES,DEL02-ES,UOP01-DEL02-ES,0,moderado
2025-05-18,07:15,2025-05-18 07:15:00,2025.0,5.0,domingo,7.0,manha,ES,LINHARES,False,101.0,BR-101,144.0,-19.35293532,-40.06365435,Condutor deixou de manter distância do veículo da frente,Colisão traseira,Com Vítimas Feridas,Pleno dia,Decrescente,Céu Claro,Múltipla,Retorno Regulamentado;Reta,Sim,0.0,0.0,2.0,2.0,0.0,1.0,2.0,3.0,SPRF-ES,DEL04-ES,UOP01-DEL04-ES,0,moderado
2025-05-18,10:00,2025-05-18 10:00:00,2025.0,5.0,domingo,10.0,manha,ES,GUARAPARI,True,101.0,BR-101,344.7,-20.66136735,-40.60512543,Reação tardia ou ineficiente do condutor,Colisão com objeto,Com Vítimas Feridas,Pleno dia,Decrescente,Nublado,Dupla,Reta,Não,0.0,0.0,1.0,1.0,0.0,0.0,1.0,1.0,SPRF-ES,DEL03-ES,UOP01-DEL03-ES,0,moderado
2025-05-18,15:50,2025-05-18 15:50:00,2025.0,5.0,domingo,15.0,tarde,ES,MARECHAL FLORIANO,False,262.0,BR-262,56.2,-20.41286163,-40.75911644,Acessar a via sem observar a presença dos outros veículos,Queda de ocupante de veículo,Com Vítimas Feridas,Pleno dia,Crescente,Céu Claro,Dupla,Curva;Rotatória,Sim,0.0,0.0,1.0,1.0,1.0,0.0,2.0,2.0,SPRF-ES,DEL01-ES,UOP01-DEL01-ES,0,moderado
2025-05-18,19:30,2025-05-18 19:30:00,2025.0,5.0,domingo,19.0,noite,ES,SERRA,True,101.0,BR-101,265.2,-20.18479,-40.26783,Reação tardia ou ineficiente do condutor,Engavetamento,Com Vítimas Feridas,Plena Noite,Crescente,Céu Claro,Dupla,Reta,Sim,0.0,0.0,2.0,2.0,4.0,0.0,3.0,6.0,SPRF-ES,DEL02-ES,UOP01-DEL02-ES,0,moderado
2025-05-18,19:40,2025-05-18 19:40:00,2025.0,5.0,domingo,19.0,noite,ES,LINHARES,False,101.0,BR-101,141.0,-19.32248419,-40.07347378,Ausência de reação do condutor,Atropelamento de Pedestre,Com Vítimas Feridas,Plena Noite,Crescente,Céu Claro,Dupla,Reta,Não,0.0,0.0,1.0,1.0,1.0,0.0,2.0,2.0,SPRF-ES,DEL04-ES,UOP01-DEL04-ES,0,moderado
2025-05-18,20:09,2025-05-18 20:09:00,2025.0,5.0,domingo,20.0,noite,ES,SAO MATEUS,False,101.0,BR-101,72.5,-18.757493,-39.862935,Transitar na contramão,Colisão frontal,Com Vítimas Fatais,Plena Noite,Crescente,Céu Claro,Simples,Declive,Não,1.0,0.0,0.0,0.0,1.0,0.0,2.0,2.0,SPRF-ES,DEL04-ES,UOP02-DEL04-ES,1,fatal
2025-05-18,19:15,2025-05-18 19:15:00,2025.0,5.0,domingo,19.0,noite,ES,SAO MATEUS,False,101.0,BR-101,69.0,-18.73750272,-39.86088663,Transitar na contramão,Colisão frontal,Sem Vítimas,Plena Noite,Crescente,Céu Claro,Simples,Reta,Sim,0.0,0.0,0.0,0.0,3.0,0.0,2.0,3.0,SPRF-ES,DEL04-ES,UOP02-DEL04-ES,0,baixo
2025-05-18,21:20,2025-05-18 21:20:00,2025.0,5.0,domingo,21.0,noite,ES,MARECHAL FLORIANO,False,262.0,BR-262,56.0,-20.41275533,-40.75909495,Ingestão de álcool pelo condutor,Capotamento,Com Vítimas Feridas,Plena Noite,Decrescente,Céu Claro,Dupla,Declive;Reta,Sim,0.0,1.0,0.0,1.0,1.0,0.0,1.0,2.0,SPRF-ES,DEL01-ES,UOP01-DEL01-ES,1,grave
2025-05-19,02:44,2025-05-19 02:44:00,2025.0,5.0,segunda,2.0,madrugada,ES,LINHARES,False,101.0,BR-101,150.0,-19.41284962,-40.06645203,Reação tardia ou ineficiente do condutor,Colisão com objeto,Sem Vítimas,Plena Noite,Decrescente,Garoa/Chuvisco,Simples,Reta;Ponte,Não,0.0,0.0,0.0,0.0,1.0,0.0,1.0,1.0,SPRF-ES,DEL04-ES,UOP01-DEL04-ES,0,baixo
2025-05-19,07:15,2025-05-19 07:15:00,2025.0,5.0,segunda,7.0,manha,ES,SERRA,True,101.0,BR-101,245.9,-20.0488636,-40.3866951,Demais falhas mecânicas ou elétricas,Incêndio,Sem Vítimas,Pleno dia,Crescente,Nublado,Dupla,Reta,Não,0.0,0.0,0.0,0.0,1.0,0.0,1.0,1.0,SPRF-ES,DEL02-ES,UOP01-DEL02-ES,0,baixo
2025-05-19,06:55,2025-05-19 06:55:00,2025.0,5.0,segunda,6.0,manha,ES,LINHARES,False,101.0,BR-101,146.0,-19.37129579,-40.06595901,Manobra de mudança de faixa,Colisão lateral mesmo sentido,Com Vítimas Feridas,Pleno dia,Crescente,Céu Claro,Dupla,Reta,Não,0.0,0.0,1.0,1.0,1.0,0.0,2.0,2.0,SPRF-ES,DEL04-ES,UOP01-DEL04-ES,0,moderado
2025-05-19,09:30,2025-05-19 09:30:00,2025.0,5.0,segunda,9.0,manha,ES,SOORETAMA,False,101.0,BR-101,125.9,-19.19332932,-40.09507505,Mal súbito do condutor,Colisão com objeto,Com Vítimas Feridas,Pleno dia,Crescente,Chuva,Múltipla,Reta,Sim,0.0,0.0,1.0,1.0,0.0,0.0,1.0,1.0,SPRF-ES,DEL04-ES,UOP01-DEL04-ES,0,moderado
2025-03-01,04:30,2025-03-01 04:30:00,2025.0,3.0,sabado,4.0,madrugada,ES,LINHARES,False,101.0,BR-101,133.8,-19.28321568,-40.08700848,Ultrapassagem Indevida,Colisão transversal,Com Vítimas Feridas,Plena Noite,Crescente,Nublado,Simples,Interseção de Vias;Reta,Não,0.0,0.0,6.0,6.0,0.0,0.0,2.0,6.0,SPRF-ES,DEL04-ES,UOP01-DEL04-ES,0,moderado
2025-05-19,19:50,2025-05-19 19:50:00,2025.0,5.0,segunda,19.0,noite,ES,VENDA NOVA DO IMIGRANTE,False,262.0,BR-262,99.4,-20.35088889,-41.09637201,Transitar na contramão,Colisão lateral sentido oposto,Com Vítimas Feridas,Plena Noite,Crescente,Céu Claro,Simples,Curva,Não,0.0,0.0,2.0,2.0,0.0,0.0,2.0,2.0,SPRF-ES,DEL01-ES,UOP02-DEL01-ES,0,moderado
2025-05-20,08:20,2025-05-20 08:20:00,2025.0,5.0,terca,8.0,manha,ES,CARIACICA,True,101.0,BR-101,288.0,-20.27164276,-40.39123535,Manobra de mudança de faixa,Colisão lateral mesmo sentido,Com Vítimas Feridas,Pleno dia,Decrescente,Sol,Dupla,Reta;Declive,Sim,0.0,1.0,0.0,1.0,1.0,0.0,2.0,2.0,SPRF-ES,DEL01-ES,UOP01-DEL01-ES,1,grave
2025-05-20,15:00,2025-05-20 15:00:00,2025.0,5.0,terca,15.0,tarde,ES,CARIACICA,True,101.0,BR-101,282.9,-20.23265836,-40.36839215,Pista esburacada,Colisão com objeto,Com Vítimas Feridas,Pleno dia,Decrescente,Céu Claro,Múltipla,Retorno Regulamentado;Reta,Não,0.0,1.0,0.0,1.0,0.0,1.0,2.0,2.0,SPRF-ES,DEL01-ES,UOP01-DEL01-ES,1,grave
2025-05-12,14:40,2025-05-12 14:40:00,2025.0,5.0,segunda,14.0,tarde,ES,LINHARES,False,101.0,BR-101,147.0,-19.3970634,-40.06396294,Acessar a via sem observar a presença dos outros veículos,Colisão transversal,Com Vítimas Feridas,Pleno dia,Crescente,Nublado,Múltipla,Reta,Sim,0.0,0.0,1.0,1.0,1.0,0.0,2.0,2.0,SPRF-ES,DEL04-ES,UOP01-DEL04-ES,0,moderado
2025-05-20,17:00,2025-05-20 17:00:00,2025.0,5.0,terca,17.0,tarde,ES,IBATIBA,False,262.0,BR-262,158.7,-20.231735,-41.501957,Reação tardia ou ineficiente do condutor,Colisão frontal,Sem Vítimas,Pleno dia,Decrescente,Céu Claro,Dupla,Reta,Não,0.0,0.0,0.0,0.0,2.0,0.0,2.0,2.0,SPRF-ES,DEL01-ES,UOP02-DEL01-ES,0,baixo
2025-05-20,21:02,2025-05-20 21:02:00,2025.0,5.0,terca,21.0,noite,ES,LINHARES,False,101.0,BR-101,140.0,-19.33720016,-40.06647038,Mal súbito do condutor,Tombamento,Com Vítimas Feridas,Plena Noite,Crescente,Céu Claro,Múltipla,Reta,Sim,0.0,0.0,1.0,1.0,0.0,0.0,1.0,1.0,SPRF-ES,DEL04-ES,UOP01-DEL04-ES,0,moderado
2025-05-21,17:15,2025-05-21 17:15:00,2025.0,5.0,quarta,17.0,tarde,ES,IBIRACU,False,101.0,BR-101,212.9,-19.82345458,-40.36983043,Manobra de mudança de faixa,Colisão lateral mesmo sentido,Com Vítimas Feridas,Anoitecer,Crescente,Céu Claro,Simples,Reta,Sim,0.0,1.0,0.0,1.0,0.0,2.0,3.0,3.0,SPRF-ES,DEL02-ES,UOP01-DEL02-ES,1,grave
2025-05-21,17:26,2025-05-21 17:26:00,2025.0,5.0,quarta,17.0,tarde,ES,SERRA,True,101.0,BR-101,263.1,-20.17453061,-40.2669688,Manobra de mudança de faixa,Colisão lateral mesmo sentido,Com Vítimas Feridas,Pleno dia,Decrescente,Céu Claro,Simples,Reta,Sim,0.0,0.0,1.0,1.0,1.0,0.0,2.0,2.0,SPRF-ES,DEL02-ES,UOP01-DEL02-ES,0,moderado
2025-05-21,17:30,2025-05-21 17:30:00,2025.0,5.0,quarta,17.0,tarde,ES,SERRA,True,101.0,BR-101,263.1,-20.16776216,-40.27132315,Manobra de mudança de faixa,Colisão lateral mesmo sentido,Com Vítimas Feridas,Anoitecer,Decrescente,Nublado,Dupla,Reta,Sim,0.0,1.0,1.0,2.0,1.0,0.0,2.0,3.0,SPRF-ES,DEL02-ES,UOP01-DEL02-ES,1,grave
2025-05-21,17:40,2025-05-21 17:40:00,2025.0,5.0,quarta,17.0,tarde,ES,LINHARES,False,101.0,BR-101,146.0,-19.37329061,-40.06569283,Velocidade Incompatível,Colisão traseira,Com Vítimas Feridas,Anoitecer,Crescente,Céu Claro,Dupla,Reta,Sim,0.0,0.0,4.0,4.0,0.0,0.0,3.0,4.0,SPRF-ES,DEL04-ES,UOP01-DEL04-ES,0,moderado
2025-05-22,01:00,2025-05-22 01:00:00,2025.0,5.0,quinta,1.0,madrugada,ES,SERRA,True,101.0,BR-101,279.0,-20.21737431,-40.3303037,Ausência de reação do condutor,Saída de leito carroçável,Com Vítimas Feridas,Plena Noite,Crescente,Céu Claro,Dupla,Reta,Não,0.0,1.0,0.0,1.0,0.0,0.0,1.0,1.0,SPRF-ES,DEL02-ES,UOP01-DEL02-ES,1,grave
2025-05-22,13:08,2025-05-22 13:08:00,2025.0,5.0,quinta,13.0,tarde,ES,CARIACICA,True,101.0,BR-101,289.7,-20.291155,-40.391728,Manobra de mudança de faixa,Tombamento,Com Vítimas Feridas,Pleno dia,Decrescente,Céu Claro,Dupla,Reta,Não,0.0,1.0,0.0,1.0,0.0,0.0,1.0,1.0,SPRF-ES,DEL01-ES,UOP01-DEL01-ES,1,grave
2025-05-11,04:30,2025-05-11 04:30:00,2025.0,5.0,domingo,4.0,madrugada,ES,MARECHAL FLORIANO,False,262.0,BR-262,65.0,-20.4145767,-40.826455,Transitar na contramão,Colisão lateral sentido oposto,Com Vítimas Feridas,Amanhecer,Decrescente,Céu Claro,Simples,Curva,Não,0.0,0.0,2.0,2.0,1.0,0.0,2.0,3.0,SPRF-ES,DEL01-ES,UOP02-DEL01-ES,0,moderado
2025-05-22,14:50,2025-05-22 14:50:00,2025.0,5.0,quinta,14.0,tarde,ES,CARIACICA,True,101.0,BR-101,294.7,-20.330453,-40.399162,Manobra de mudança de faixa,Colisão lateral mesmo sentido,Com Vítimas Feridas,Pleno dia,Decrescente,Céu Claro,Múltipla,Reta,Sim,0.0,0.0,2.0,2.0,1.0,0.0,2.0,3.0,SPRF-ES,DEL01-ES,UOP01-DEL01-ES,0,moderado
2025-05-22,14:45,2025-05-22 14:45:00,2025.0,5.0,quinta,14.0,tarde,ES,ICONHA,False,101.0,BR-101,380.9,-20.811965,-40.8391842,Condutor Dormindo,Saída de leito carroçável,Com Vítimas Feridas,Pleno dia,Decrescente,Nublado,Simples,Curva,Não,0.0,1.0,1.0,2.0,0.0,0.0,1.0,2.0,SPRF-ES,DEL03-ES,UOP01-DEL03-ES,1,grave
2025-05-22,15:40,2025-05-22 15:40:00,2025.0,5.0,quinta,15.0,tarde,ES,GUARAPARI,True,101.0,BR-101,337.8,-20.6063591,-40.50693154,Acessar a via sem observar a presença dos outros veículos,Tombamento,Com Vítimas Feridas,Pleno dia,Crescente,Nublado,Dupla,Reta,Não,0.0,1.0,0.0,1.0,0.0,0.0,1.0,1.0,SPRF-ES,DEL03-ES,UOP01-DEL03-ES,1,grave
2025-05-22,16:00,2025-05-22 16:00:00,2025.0,5.0,quinta,16.0,tarde,ES,SERRA,True,101.0,BR-101,10.5,-20.14814211,-40.34507811,Demais falhas mecânicas ou elétricas,Incêndio,Sem Vítimas,Pleno dia,Crescente,Nublado,Dupla,Reta,Não,0.0,0.0,0.0,0.0,1.0,0.0,1.0,1.0,SPRF-ES,DEL02-ES,UOP01-DEL02-ES,0,baixo
2025-05-22,19:32,2025-05-22 19:32:00,2025.0,5.0,quinta,19.0,noite,ES,ARACRUZ,False,101.0,BR-101,187.0,-19.65670241,-40.23420222,Velocidade Incompatível,Saída de leito carroçável,Com Vítimas Feridas,Plena Noite,Decrescente,Céu Claro,Simples,Curva,Não,0.0,0.0,1.0,1.0,0.0,0.0,1.0,1.0,SPRF-ES,DEL04-ES,UOP01-DEL04-ES,0,moderado
2025-04-14,15:10,2025-04-14 15:10:00,2025.0,4.0,segunda,15.0,tarde,ES,SERRA,True,101.0,BR-101,264.0,-20.17698542,-40.2658784,Semáforo com defeito,Colisão transversal,Com Vítimas Feridas,Pleno dia,Crescente,Nublado,Múltipla,Interseção de Vias,Sim,0.0,1.0,0.0,1.0,1.0,0.0,2.0,2.0,SPRF-ES,DEL02-ES,UOP01-DEL02-ES,1,grave
2025-05-22,21:10,2025-05-22 21:10:00,2025.0,5.0,quinta,21.0,noite,ES,SERRA,True,101.0,BR-101,270.2,-20.230815,-40.273087,Reação tardia ou ineficiente do condutor,Colisão transversal,Com Vítimas Feridas,Plena Noite,Crescente,Céu Claro,Dupla,Interseção de Vias,Sim,0.0,0.0,1.0,1.0,2.0,0.0,2.0,3.0,SPRF-ES,DEL02-ES,UOP01-DEL02-ES,0,moderado
2025-05-23,06:30,2025-05-23 06:30:00,2025.0,5.0,sexta,6.0,manha,ES,CARIACICA,True,101.0,BR-101,284.0,-20.2473824,-40.3706038,Ausência de reação do condutor,Queda de ocupante de veículo,Com Vítimas Feridas,Pleno dia,Crescente,Céu Claro,Dupla,Aclive;Curva,Não,0.0,0.0,2.0,2.0,0.0,0.0,1.0,2.0,SPRF-ES,DEL01-ES,UOP01-DEL01-ES,0,moderado
2025-05-23,06:58,2025-05-23 06:58:00,2025.0,5.0,sexta,6.0,manha,ES,LINHARES,False,101.0,BR-101,144.0,-19.34935256,-40.06310916,Acesso irregular,Colisão transversal,Com Vítimas Feridas,Pleno dia,Crescente,Céu Claro,Simples,Interseção de Vias,Sim,0.0,0.0,1.0,1.0,1.0,0.0,2.0,2.0,SPRF-ES,DEL04-ES,UOP01-DEL04-ES,0,moderado