data,hora,data_hora,ano,mes,dia_semana,hora_dia,periodo_dia,uf,municipio,regiao_grande_vitoria,rodovia,rodovia_label,km,latitude,longitude,causa,tipo_acidente,classificacao,fase_dia,sentido_via,condicao_metereologica,tipo_pista,tracado_via,uso_solo,mortos,feridos_graves,feridos_leves,feridos,ilesos,ignorados,veiculos,pessoas,regional,delegacia,uop,risco_alto,nivel_risco
2025-05-23,08:10,2025-05-23 08:10:00,2025.0,5.0,sexta,8.0,manha,ES,SERRA,True,101.0,BR-101,268.0,-20.21692066,-40.27014792,Ausência de reação do condutor,Colisão traseira,Com Vítimas Feridas,Pleno dia,Crescente,Céu Claro,Dupla,Reta,Sim,0.0,0.0,2.0,2.0,1.0,0.0,2.0,3.0,SPRF-ES,DEL02-ES,UOP01-DEL02-ES,0,moderado
2025-05-23,07:30,2025-05-23 07:30:00,2025.0,5.0,sexta,7.0,manha,ES,LINHARES,False,101.0,BR-101,147.0,-19.38046598,-40.06628036,Acessar a via sem observar a presença dos outros veículos,Colisão transversal,Com Vítimas Feridas,Pleno dia,Crescente,Céu Claro,Simples,Reta,Sim,0.0,0.0,2.0,2.0,0.0,0.0,2.0,2.0,SPRF-ES,DEL04-ES,UOP01-DEL04-ES,0,moderado
2025-05-23,13:35,2025-05-23 13:35:00,2025.0,5.0,sexta,13.0,tarde,ES,SERRA,True,101.0,BR-101,259.2,-20.140411,-40.2923,Retorno proibido,Colisão transversal,Com Vítimas Feridas,Pleno dia,Decrescente,Céu Claro,Dupla,Reta;Declive,Sim,0.0,1.0,0.0,1.0,1.0,0.0,2.0,2.0,SPRF-ES,DEL02-ES,UOP01-DEL02-ES,1,grave
2025-05-23,17:30,2025-05-23 17:30:00,2025.0,5.0,sexta,17.0,tarde,ES,LINHARES,False,101.0,BR-101,162.9,-19.49782981,-40.1305129,Acessar a via sem observar a presença dos outros veículos,Colisão transversal,Com Vítimas Feridas,Plena Noite,Decrescente,Céu Claro,Simples,Reta,Não,0.0,0.0,1.0,1.0,1.0,0.0,2.0,2.0,SPRF-ES,DEL04-ES,UOP01-DEL04-ES,0,moderado
2025-05-23,18:40,2025-05-23 18:40:00,2025.0,5.0,sexta,18.0,noite,ES,DOMINGOS MARTINS,False,262.0,BR-262,98.0,-20.3548323,-41.0873625,Acessar a via sem observar a presença dos outros veículos,Colisão transversal,Com Vítimas Feridas,Plena Noite,Crescente,Céu Claro,Simples,Interseção de Vias,Não,0.0,0.0,1.0,1.0,2.0,0.0,2.0,3.0,SPRF-ES,DEL01-ES,UOP02-DEL01-ES,0,moderado
2025-05-23,19:30,2025-05-23 19:30:00,2025.0,5.0,sexta,19.0,noite,ES,VIANA,True,262.0,BR-262,21.0,-20.3805859,-40.505194,Ausência de reação do condutor,Tombamento,Com Vítimas Feridas,Plena Noite,Crescente,Céu Claro,Simples,Reta,Não,0.0,0.0,1.0,1.0,0.0,0.0,1.0,1.0,SPRF-ES,DEL01-ES,UOP01-DEL01-ES,0,moderado
2025-05-23,20:39,2025-05-23 20:39:00,2025.0,5.0,sexta,20.0,noite,ES,CONCEICAO DA BARRA,False,101.0,BR-101,26.6,-18.37559291,-39.94731903,Ingestão de álcool pelo condutor,Colisão traseira,Com Vítimas Fatais,Plena Noite,Crescente,Céu Claro,Simples,Reta,Não,1.0,0.0,4.0,4.0,1.0,0.0,3.0,6.0,SPRF-ES,DEL04-ES,UOP02-DEL04-ES,1,fatal
2025-05-24,05:53,2025-05-24 05:53:00,2025.0,5.0,sabado,5.0,madrugada,ES,LINHARES,False,101.0,BR-101,143.9,-19.3512073,-40.0631498,Ingestão de álcool pelo condutor,Colisão com objeto,Com Vítimas Fatais,Amanhecer,Decrescente,Céu Claro,Simples,Interseção de Vias,Sim,1.0,0.0,0.0,0.0,0.0,0.0,1.0,1.0,SPRF-ES,DEL04-ES,UOP01-DEL04-ES,1,fatal
2025-05-24,05:50,2025-05-24 05:50:00,2025.0,5.0,sabado,5.0,madrugada,ES,IBIRACU,False,101.0,BR-101,211.6,-19.81260183,-40.36550455,Transitar na contramão,Colisão frontal,Com Vítimas Feridas,Amanhecer,Crescente,Céu Claro,Simples,Curva,Não,0.0,0.0,3.0,3.0,2.0,0.0,2.0,5.0,SPRF-ES,DEL02-ES,UOP01-DEL02-ES,0,moderado
2025-05-24,07:20,2025-05-24 07:20:00,2025.0,5.0,sabado,7.0,manha,ES,SERRA,True,101.0,BR-101,272.0,-20.22724888,-40.28426988,Acumulo de água sobre o pavimento,Queda de ocupante de veículo,Com Vítimas Feridas,Pleno dia,Crescente,Chuva,Dupla,Reta,Não,0.0,0.0,1.0,1.0,0.0,0.0,1.0,1.0,SPRF-ES,DEL02-ES,UOP01-DEL02-ES,0,moderado
2025-05-24,09:00,2025-05-24 09:00:00,2025.0,5.0,sabado,9.0,manha,ES,CACHOEIRO DE ITAPEMIRIM,False,393.0,BR-393,8.0,-20.82809834,-41.20438814,Velocidade Incompatível,Queda de ocupante de veículo,Com Vítimas Feridas,Pleno dia,Crescente,Nublado,Simples,Reta,Não,0.0,1.0,0.0,1.0,0.0,0.0,1.0,1.0,SPRF-ES,DEL03-ES,UOP02-DEL03-ES,1,grave
2025-05-24,11:00,2025-05-24 11:00:00,2025.0,5.0,sabado,11.0,manha,ES,ANCHIETA,False,101.0,BR-101,352.5,-20.674307,-40.664595,Chuva,Tombamento,Com Vítimas Fatais,Pleno dia,Decrescente,Chuva,Dupla,Reta,Não,1.0,0.0,0.0,0.0,1.0,0.0,2.0,2.0,SPRF-ES,DEL03-ES,UOP01-DEL03-ES,1,fatal
2025-05-24,18:10,2025-05-24 18:10:00,2025.0,5.0,sabado,18.0,noite,ES,SAO MATEUS,False,101.0,BR-101,49.0,-18.6489432,-39.8735828,Entrada inopinada do pedestre,Atropelamento de Pedestre,Com Vítimas Feridas,Plena Noite,Crescente,Nublado,Simples,Reta,Não,0.0,1.0,1.0,2.0,0.0,0.0,2.0,2.0,SPRF-ES,DEL04-ES,UOP02-DEL04-ES,1,grave
2025-05-24,17:40,2025-05-24 17:40:00,2025.0,5.0,sabado,17.0,tarde,ES,SERRA,True,101.0,BR-101,255.0,-20.117527,-40.314354,Reação tardia ou ineficiente do condutor,Atropelamento de Pedestre,Com Vítimas Feridas,Anoitecer,Crescente,Chuva,Simples,Reta,Sim,0.0,1.0,0.0,1.0,0.0,1.0,2.0,2.0,SPRF-ES,DEL02-ES,UOP01-DEL02-ES,1,grave
2025-05-24,21:15,2025-05-24 21:15:00,2025.0,5.0,sabado,21.0,noite,ES,LINHARES,False,101.0,BR-101,144.1,-19.35260537,-40.06351815,Ausência de reação do condutor,Colisão traseira,Com Vítimas Feridas,Plena Noite,Decrescente,Nublado,Múltipla,Reta,Sim,0.0,0.0,1.0,1.0,1.0,0.0,2.0,2.0,SPRF-ES,DEL04-ES,UOP01-DEL04-ES,0,moderado
2025-05-25,04:25,2025-05-25 04:25:00,2025.0,5.0,domingo,4.0,madrugada,ES,LINHARES,False,101.0,BR-101,121.5,-19.16217675,-40.08427984,Ingestão de álcool pelo condutor,Tombamento,Com Vítimas Feridas,Plena Noite,Crescente,Céu Claro,Simples,Reta,Não,0.0,0.0,2.0,2.0,0.0,0.0,1.0,2.0,SPRF-ES,DEL04-ES,UOP01-DEL04-ES,0,moderado
2025-05-25,14:00,2025-05-25 14:00:00,2025.0,5.0,domingo,14.0,tarde,ES,ARACRUZ,False,101.0,BR-101,195.3,-19.70218142,-40.32486602,Conversão proibida,Colisão transversal,Com Vítimas Feridas,Pleno dia,Crescente,Céu Claro,Simples,Reta;Declive,Não,0.0,1.0,1.0,2.0,2.0,0.0,2.0,4.0,SPRF-ES,DEL04-ES,UOP01-DEL04-ES,1,grave
2025-05-09,11:25,2025-05-09 11:25:00,2025.0,5.0,sexta,11.0,manha,ES,SERRA,True,101.0,BR-101,265.5,-20.1906852,-40.26840712,Condutor desrespeitou a iluminação vermelha do semáforo,Colisão transversal,Com Vítimas Feridas,Pleno dia,Crescente,Céu Claro,Múltipla,Reta,Sim,0.0,0.0,2.0,2.0,0.0,0.0,2.0,2.0,SPRF-ES,DEL02-ES,UOP01-DEL02-ES,0,moderado
2025-05-25,17:56,2025-05-25 17:56:00,2025.0,5.0,domingo,17.0,tarde,ES,SERRA,True,101.0,BR-101,271.0,-20.23044915,-40.28023481,Condutor deixou de manter distância do veículo da frente,Colisão traseira,Com Vítimas Feridas,Anoitecer,Decrescente,Céu Claro,Dupla,Reta,Sim,0.0,0.0,1.0,1.0,1.0,1.0,2.0,3.0,SPRF-ES,DEL02-ES,UOP01-DEL02-ES,0,moderado
2025-05-25,19:25,2025-05-25 19:25:00,2025.0,5.0,domingo,19.0,noite,ES,JAGUARE,False,101.0,BR-101,100.0,-18.96626041,-39.98881213,Acessar a via sem observar a presença dos outros veículos,Atropelamento de Pedestre,Com Vítimas Feridas,Plena Noite,Decrescente,Chuva,Simples,Interseção de Vias,Sim,0.0,0.0,1.0,1.0,1.0,0.0,2.0,2.0,SPRF-ES,DEL04-ES,UOP02-DEL04-ES,0,moderado
2025-05-25,23:55,2025-05-25 23:55:00,2025.0,5.0,domingo,23.0,noite,ES,VIANA,True,101.0,BR-101,304.8,-20.38267822,-40.45925617,Ausência de reação do condutor,Tombamento,Com Vítimas Feridas,Plena Noite,Crescente,Chuva,Dupla,Reta,Sim,0.0,0.0,1.0,1.0,0.0,0.0,1.0,1.0,SPRF-ES,DEL01-ES,UOP01-DEL01-ES,0,moderado
2025-05-26,01:58,2025-05-26 01:58:00,2025.0,5.0,segunda,1.0,madrugada,ES,PINHEIROS,False,101.0,BR-101,33.0,-18.35874568,-39.95418429,Reação tardia ou ineficiente do condutor,Saída de leito carroçável,Com Vítimas Feridas,Plena Noite,Crescente,Chuva,Simples,Reta,Não,0.0,0.0,1.0,1.0,2.0,0.0,1.0,3.0,SPRF-ES,DEL04-ES,UOP02-DEL04-ES,0,moderado
2025-05-18,20:30,2025-05-18 20:30:00,2025.0,5.0,domingo,20.0,noite,ES,SERRA,True,101.0,BR-101,255.5,-20.11732584,-40.31478167,Condutor desrespeitou a iluminação vermelha do semáforo,Colisão transversal,Com Vítimas Feridas,Plena Noite,Crescente,Céu Claro,Simples,Interseção de Vias,Sim,0.0,0.0,3.0,3.0,0.0,1.0,3.0,4.0,SPRF-ES,DEL02-ES,UOP01-DEL02-ES,0,moderado
2025-05-26,13:00,2025-05-26 13:00:00,2025.0,5.0,segunda,13.0,tarde,ES,JAGUARE,False,101.0,BR-101,94.0,-18.93251667,-39.9726483,Acessar a via sem observar a presença dos outros veículos,Colisão transversal,Com Vítimas Feridas,Pleno dia,Decrescente,Chuva,Simples,Reta,Sim,0.0,0.0,2.0,2.0,1.0,0.0,2.0,3.0,SPRF-ES,DEL04-ES,UOP02-DEL04-ES,0,moderado
2025-05-26,17:20,2025-05-26 17:20:00,2025.0,5.0,segunda,17.0,tarde,ES,LINHARES,False,101.0,BR-101,147.6,-19.38659826,-40.06761559,Acessar a via sem observar a presença dos outros veículos,Colisão transversal,Com Vítimas Feridas,Anoitecer,Crescente,Chuva,Dupla,Reta,Sim,0.0,0.0,1.0,1.0,1.0,0.0,2.0,2.0,SPRF-ES,DEL04-ES,UOP01-DEL04-ES,0,moderado
2025-05-14,17:20,2025-05-14 17:20:00,2025.0,5.0,quarta,17.0,tarde,ES,SERRA,True,101.0,BR-101,270.0,-20.229368,-40.272189,Reação tardia ou ineficiente do condutor,Colisão traseira,Com Vítimas Feridas,Anoitecer,Decrescente,Chuva,Múltipla,Reta,Sim,0.0,0.0,1.0,1.0,1.0,0.0,2.0,2.0,SPRF-ES,DEL02-ES,UOP01-DEL02-ES,0,moderado
2025-05-26,18:40,2025-05-26 18:40:00,2025.0,5.0,segunda,18.0,noite,ES,IBATIBA,False,262.0,BR-262,171.5,-20.265353,-41.60062,Ausência de reação do condutor,Colisão traseira,Com Vítimas Feridas,Plena Noite,Decrescente,Garoa/Chuvisco,Simples,Reta;Aclive,Não,0.0,0.0,2.0,2.0,1.0,0.0,2.0,3.0,SPRF-ES,DEL01-ES,UOP02-DEL01-ES,0,moderado
2025-05-27,07:40,2025-05-27 07:40:00,2025.0,5.0,terca,7.0,manha,ES,SAO MATEUS,False,101.0,BR-101,68.8,-18.73289373,-39.86036651,Acessar a via sem observar a presença dos outros veículos,Colisão transversal,Com Vítimas Feridas,Pleno dia,Crescente,Nublado,Simples,Reta;Declive,Não,0.0,1.0,1.0,2.0,0.0,0.0,2.0,2.0,SPRF-ES,DEL04-ES,UOP02-DEL04-ES,1,grave
2025-05-27,10:00,2025-05-27 10:00:00,2025.0,5.0,terca,10.0,manha,ES,LINHARES,False,101.0,BR-101,169.2,-19.54391289,-40.16421385,Ausência de reação do condutor,Saída de leito carroçável,Com Vítimas Feridas,Pleno dia,Crescente,Céu Claro,Simples,Reta,Não,0.0,0.0,1.0,1.0,0.0,0.0,1.0,1.0,SPRF-ES,DEL04-ES,UOP01-DEL04-ES,0,moderado
2025-05-27,22:15,2025-05-27 22:15:00,2025.0,5.0,terca,22.0,noite,ES,SERRA,True,101.0,BR-101,251.9,-20.09685719,-40.33920818,Reação tardia ou ineficiente do condutor,Colisão com objeto,Com Vítimas Feridas,Plena Noite,Decrescente,Céu Claro,Simples,Reta,Não,0.0,0.0,1.0,1.0,0.0,0.0,1.0,1.0,SPRF-ES,DEL02-ES,UOP01-DEL02-ES,0,moderado
2025-05-28,02:40,2025-05-28 02:40:00,2025.0,5.0,quarta,2.0,madrugada,ES,SERRA,True,101.0,BR-101,265.0,-20.18453806,-40.26700526,Ausência de reação do condutor,Capotamento,Com Vítimas Feridas,Plena Noite,Decrescente,Ignorado,Dupla,Reta,Sim,0.0,1.0,0.0,1.0,0.0,0.0,1.0,1.0,SPRF-ES,DEL02-ES,UOP01-DEL02-ES,1,grave
2025-05-28,07:30,2025-05-28 07:30:00,2025.0,5.0,quarta,7.0,manha,ES,COLATINA,False,259.0,BR-259,62.0,-19.53124185,-40.68990791,Demais falhas mecânicas ou elétricas,Queda de ocupante de veículo,Com Vítimas Feridas,Pleno dia,Crescente,Nublado,Simples,Reta,Não,0.0,0.0,1.0,1.0,0.0,0.0,1.0,1.0,SPRF-ES,DEL02-ES,UOP01-DEL02-ES,0,moderado
2025-03-01,20:50,2025-03-01 20:50:00,2025.0,3.0,sabado,20.0,noite,ES,JAGUARE,False,101.0,BR-101,91.0,-18.9081892,-39.9613262,Ausência de reação do condutor,Colisão com objeto,Com Vítimas Feridas,Plena Noite,Crescente,Céu Claro,Simples,Reta,Sim,0.0,0.0,1.0,1.0,0.0,0.0,1.0,1.0,SPRF-ES,DEL04-ES,UOP02-DEL04-ES,0,moderado
2025-05-28,17:30,2025-05-28 17:30:00,2025.0,5.0,quarta,17.0,tarde,ES,IBIRACU,False,101.0,BR-101,208.9,-19.7880753,-40.3711588,Condutor deixou de manter distância do veículo da frente,Colisão traseira,Com Vítimas Feridas,Plena Noite,Decrescente,Chuva,Simples,Reta,Não,0.0,0.0,2.0,2.0,1.0,0.0,2.0,3.0,SPRF-ES,DEL02-ES,UOP01-DEL02-ES,0,moderado
2025-05-28,17:50,2025-05-28 17:50:00,2025.0,5.0,quarta,17.0,tarde,ES,LINHARES,False,101.0,BR-101,147.5,-19.38408202,-40.06686735,Condutor deixou de manter distância do veículo da frente,Colisão traseira,Com Vítimas Feridas,Anoitecer,Decrescente,Nublado,Múltipla,Reta,Sim,0.0,0.0,1.0,1.0,1.0,0.0,2.0,2.0,SPRF-ES,DEL04-ES,UOP01-DEL04-ES,0,moderado
2025-05-28,18:00,2025-05-28 18:00:00,2025.0,5.0,quarta,18.0,noite,ES,SERRA,True,101.0,BR-101,264.0,-20.17804445,-40.26562982,Ausência de reação do condutor,Colisão traseira,Com Vítimas Feridas,Anoitecer,Decrescente,Chuva,Múltipla,Interseção de Vias,Sim,0.0,1.0,0.0,1.0,1.0,0.0,2.0,2.0,SPRF-ES,DEL02-ES,UOP01-DEL02-ES,1,grave
2025-05-29,11:30,2025-05-29 11:30:00,2025.0,5.0,quinta,11.0,manha,ES,DOMINGOS MARTINS,False,262.0,BR-262,73.1,-20.40982,-40.89182496,Reação tardia ou ineficiente do condutor,Colisão traseira,Com Vítimas Feridas,Pleno dia,Crescente,Chuva,Simples,Curva;Em Obras;Declive,Não,0.0,0.0,1.0,1.0,2.0,0.0,2.0,3.0,SPRF-ES,DEL01-ES,UOP02-DEL01-ES,0,moderado
2025-05-29,17:20,2025-05-29 17:20:00,2025.0,5.0,quinta,17.0,tarde,ES,CARIACICA,True,101.0,BR-101,287.3,-20.26685007,-40.386986,Manobra de mudança de faixa,Colisão lateral mesmo sentido,Com Vítimas Feridas,Anoitecer,Crescente,Nublado,Dupla,Reta,Sim,0.0,0.0,1.0,1.0,1.0,0.0,2.0,2.0,SPRF-ES,DEL01-ES,UOP01-DEL01-ES,0,moderado
2025-05-29,19:30,2025-05-29 19:30:00,2025.0,5.0,quinta,19.0,noite,ES,JOAO NEIVA,False,259.0,BR-259,11.9,-19.68364697,-40.39089203,Iluminação deficiente,Atropelamento de Pedestre,Com Vítimas Feridas,Plena Noite,Crescente,Céu Claro,Simples,Reta,Não,0.0,1.0,0.0,1.0,2.0,0.0,2.0,3.0,SPRF-ES,DEL02-ES,UOP01-DEL02-ES,1,grave
2025-05-30,14:40,2025-05-30 14:40:00,2025.0,5.0,sexta,14.0,tarde,ES,SERRA,True,101.0,BR-101,264.4,-20.176,-40.265,Retorno proibido,Colisão transversal,Com Vítimas Feridas,Pleno dia,Decrescente,Nublado,Dupla,Reta,Não,0.0,1.0,0.0,1.0,2.0,0.0,2.0,3.0,SPRF-ES,DEL02-ES,UOP01-DEL02-ES,1,grave
2025-05-30,16:30,2025-05-30 16:30:00,2025.0,5.0,sexta,16.0,tarde,ES,SERRA,True,101.0,BR-101,271.0,-20.231522,-40.278382,Acessar a via sem observar a presença dos outros veículos,Colisão transversal,Com Vítimas Feridas,Pleno dia,Crescente,Céu Claro,Múltipla,Reta,Sim,0.0,0.0,2.0,2.0,1.0,0.0,2.0,3.0,SPRF-ES,DEL02-ES,UOP01-DEL02-ES,0,moderado
2025-05-30,17:45,2025-05-30 17:45:00,2025.0,5.0,sexta,17.0,tarde,ES,COLATINA,False,259.0,BR-259,23.4,-19.623535,-40.466651,Reação tardia ou ineficiente do condutor,Colisão lateral mesmo sentido,Com Vítimas Feridas,Anoitecer,Crescente,Nublado,Simples,Curva,Não,0.0,1.0,0.0,1.0,1.0,0.0,2.0,2.0,SPRF-ES,DEL02-ES,UOP01-DEL02-ES,1,grave
2025-05-30,18:30,2025-05-30 18:30:00,2025.0,5.0,sexta,18.0,noite,ES,LINHARES,False,101.0,BR-101,168.0,-19.53698103,-40.15957832,Acessar a via sem observar a presença dos outros veículos,Colisão transversal,Com Vítimas Feridas,Plena Noite,Crescente,Céu Claro,Simples,Interseção de Vias,Não,0.0,0.0,3.0,3.0,2.0,0.0,2.0,5.0,SPRF-ES,DEL04-ES,UOP01-DEL04-ES,0,moderado
2025-05-30,19:30,2025-05-30 19:30:00,2025.0,5.0,sexta,19.0,noite,ES,SAO MATEUS,False,101.0,BR-101,61.0,-18.678,-39.865,Acessar a via sem observar a presença dos outros veículos,Colisão transversal,Com Vítimas Feridas,Plena Noite,Crescente,Nublado,Simples,Interseção de Vias;Reta,Sim,0.0,1.0,0.0,1.0,1.0,0.0,2.0,2.0,SPRF-ES,DEL04-ES,UOP02-DEL04-ES,1,grave
2025-05-30,19:00,2025-05-30 19:00:00,2025.0,5.0,sexta,19.0,noite,ES,IBATIBA,False,262.0,BR-262,160.0,-20.2372373,-41.5150807,Transitar na contramão,Colisão frontal,Com Vítimas Feridas,Plena Noite,Decrescente,Nublado,Simples,Reta;Aclive,Sim,0.0,0.0,2.0,2.0,2.0,0.0,2.0,4.0,SPRF-ES,DEL01-ES,UOP02-DEL01-ES,0,moderado
2025-05-31,00:30,2025-05-31 00:30:00,2025.0,5.0,sabado,0.0,madrugada,ES,ARACRUZ,False,101.0,BR-101,176.7,-19.60023398,-40.20188212,Condutor Dormindo,Queda de ocupante de veículo,Com Vítimas Feridas,Plena Noite,Crescente,Céu Claro,Simples,Aclive;Reta,Não,0.0,1.0,0.0,1.0,0.0,0.0,1.0,1.0,SPRF-ES,DEL04-ES,UOP01-DEL04-ES,1,grave
2025-05-31,06:42,2025-05-31 06:42:00,2025.0,5.0,sabado,6.0,manha,ES,GUARAPARI,True,101.0,BR-101,342.5,-20.65842407,-40.58503501,Velocidade Incompatível,Saída de leito carroçável,Sem Vítimas,Pleno dia,Crescente,Chuva,Dupla,Curva;Aclive,Não,0.0,0.0,0.0,0.0,1.0,0.0,1.0,1.0,SPRF-ES,DEL03-ES,UOP01-DEL03-ES,0,baixo
2025-05-31,08:47,2025-05-31 08:47:00,2025.0,5.0,sabado,8.0,manha,ES,SERRA,True,101.0,BR-101,259.4,-20.0369655,-40.4089556,Acesso irregular,Atropelamento de Pedestre,Com Vítimas Fatais,Pleno dia,Crescente,Céu Claro,Dupla,Reta,Sim,1.0,0.0,0.0,0.0,1.0,0.0,2.0,2.0,SPRF-ES,DEL02-ES,UOP01-DEL02-ES,1,fatal
2025-05-31,06:10,2025-05-31 06:10:00,2025.0,5.0,sabado,6.0,manha,ES,SERRA,True,101.0,BR-101,280.0,-20.2214658,-40.3580904,Manobra de mudança de faixa,Colisão com objeto,Sem Vítimas,Pleno dia,Crescente,Céu Claro,Simples,Reta,Não,0.0,0.0,0.0,0.0,0.0,1.0,1.0,1.0,SPRF-ES,DEL02-ES,UOP01-DEL02-ES,0,baixo
2025-05-31,12:55,2025-05-31 12:55:00,2025.0,5.0,sabado,12.0,tarde,ES,CARIACICA,True,101.0,BR-101,289.8,-20.28480583,-40.39270369,Velocidade Incompatível,Saída de leito carroçável,Com Vítimas Feridas,Pleno dia,Decrescente,Nublado,Simples,Reta;Declive,Não,0.0,0.0,2.0,2.0,0.0,0.0,1.0,2.0,SPRF-ES,DEL01-ES,UOP01-DEL01-ES,0,moderado
2025-05-31,15:30,2025-05-31 15:30:00,2025.0,5.0,sabado,15.0,tarde,ES,GUARAPARI,True,101.0,BR-101,333.0,-20.6149111,-40.5152516,Avarias e/ou desgaste excessivo no pneu,Queda de ocupante de veículo,Com Vítimas Feridas,Pleno dia,Crescente,Nublado,Dupla,Reta,Não,0.0,0.0,2.0,2.0,0.0,0.0,1.0,2.0,SPRF-ES,DEL03-ES,UOP01-DEL03-ES,0,moderado
2025-05-31,17:44,2025-05-31 17:44:00,2025.0,5.0,sabado,17.0,tarde,ES,ICONHA,False,101.0,BR-101,372.5,-20.774527,-40.777779,Acessar a via sem observar a presença dos outros veículos,Colisão transversal,Com Vítimas Feridas,Anoitecer,Crescente,Nublado,Dupla,Reta,Não,0.0,0.0,1.0,1.0,3.0,0.0,2.0,4.0,SPRF-ES,DEL03-ES,UOP01-DEL03-ES,0,moderado
2025-05-31,19:45,2025-05-31 19:45:00,2025.0,5.0,sabado,19.0,noite,ES,SOORETAMA,False,101.0,BR-101,126.0,-19.19434167,-40.09525333,Ingestão de álcool pelo condutor,Colisão traseira,Sem Vítimas,Plena Noite,Crescente,Céu Claro,Múltipla,Reta,Sim,0.0,0.0,0.0,0.0,2.0,0.0,2.0,2.0,SPRF-ES,DEL04-ES,UOP01-DEL04-ES,0,baixo
2025-05-31,22:10,2025-05-31 22:10:00,2025.0,5.0,sabado,22.0,noite,ES,SERRA,True,101.0,BR-101,264.0,-20.18374253,-40.26641518,Ausência de reação do condutor,Queda de ocupante de veículo,Com Vítimas Feridas,Plena Noite,Crescente,Céu Claro,Múltipla,Reta,Sim,0.0,0.0,1.0,1.0,0.0,0.0,1.0,1.0,SPRF-ES,DEL02-ES,UOP01-DEL02-ES,0,moderado
2025-03-05,20:30,2025-03-05 20:30:00,2025.0,3.0,quarta,20.0,noite,ES,VIANA,True,101.0,BR-101,298.0,-20.354248,-40.41616,Ausência de reação do condutor,Queda de ocupante de veículo,Com Vítimas Feridas,Plena Noite,Decrescente,Ignorado,Dupla,Curva,Não,0.0,1.0,0.0,1.0,0.0,0.0,1.0,1.0,SPRF-ES,DEL01-ES,UOP01-DEL01-ES,1,grave
2025-06-02,07:40,2025-06-02 07:40:00,2025.0,6.0,segunda,7.0,manha,ES,CARIACICA,True,101.0,BR-101,294.7,-20.32902159,-40.39848089,Ausência de reação do condutor,Colisão lateral mesmo sentido,Com Vítimas Feridas,Pleno dia,Crescente,Céu Claro,Dupla,Reta,Sim,0.0,0.0,1.0,1.0,0.0,1.0,2.0,2.0,SPRF-ES,DEL01-ES,UOP01-DEL01-ES,0,moderado
2025-06-02,11:15,2025-06-02 11:15:00,2025.0,6.0,segunda,11.0,manha,ES,PEDRO CANARIO,False,101.0,BR-101,9.0,-18.232275,-39.953819,Reação tardia ou ineficiente do condutor,Saída de leito carroçável,Com Vítimas Feridas,Pleno dia,Crescente,Nublado,Simples,Reta,Não,0.0,1.0,1.0,2.0,0.0,0.0,1.0,2.0,SPRF-ES,DEL04-ES,UOP02-DEL04-ES,1,grave
2025-06-02,13:15,2025-06-02 13:15:00,2025.0,6.0,segunda,13.0,tarde,ES,SERRA,True,101.0,BR-101,265.8,-20.1880472,-40.2687369,Reação tardia ou ineficiente do condutor,Colisão lateral mesmo sentido,Com Vítimas Feridas,Pleno dia,Decrescente,Nublado,Múltipla,Reta,Sim,0.0,0.0,2.0,2.0,0.0,0.0,2.0,2.0,SPRF-ES,DEL02-ES,UOP01-DEL02-ES,0,moderado
2025-06-02,13:30,2025-06-02 13:30:00,2025.0,6.0,segunda,13.0,tarde,ES,LINHARES,False,101.0,BR-101,138.9,-19.30744812,-40.08174317,Ausência de reação do condutor,Colisão traseira,Com Vítimas Feridas,Pleno dia,Decrescente,Céu Claro,Múltipla,Reta,Sim,0.0,0.0,1.0,1.0,0.0,1.0,2.0,2.0,SPRF-ES,DEL04-ES,UOP01-DEL04-ES,0,moderado
2025-06-03,02:00,2025-06-03 02:00:00,2025.0,6.0,terca,2.0,madrugada,ES,SERRA,True,101.0,BR-101,265.0,-20.18679475,-40.26808083,Entrada inopinada do pedestre,Atropelamento de Pedestre,Com Vítimas Feridas,Plena Noite,Crescente,Chuva,Dupla,Reta,Sim,0.0,1.0,0.0,1.0,1.0,0.0,2.0,2.0,SPRF-ES,DEL02-ES,UOP01-DEL02-ES,1,grave
2025-06-03,05:26,2025-06-03 05:26:00,2025.0,6.0,terca,5.0,madrugada,ES,LINHARES,False,101.0,BR-101,162.0,-19.49393272,-40.12896077,Neblina,Colisão lateral mesmo sentido,Com Vítimas Feridas,Pleno dia,Decrescente,Céu Claro,Simples,Reta,Não,0.0,0.0,1.0,1.0,1.0,0.0,2.0,2.0,SPRF-ES,DEL04-ES,UOP01-DEL04-ES,0,moderado
2025-06-03,09:00,2025-06-03 09:00:00,2025.0,6.0,terca,9.0,manha,ES,LINHARES,False,101.0,BR-101,150.0,-19.40719766,-40.0640258,Condutor deixou de manter distância do veículo da frente,Colisão traseira,Com Vítimas Feridas,Pleno dia,Crescente,Céu Claro,Simples,Interseção de Vias,Não,0.0,0.0,1.0,1.0,1.0,0.0,2.0,2.0,SPRF-ES,DEL04-ES,UOP01-DEL04-ES,0,moderado