data,hora,data_hora,ano,mes,dia_semana,hora_dia,periodo_dia,uf,municipio,regiao_grande_vitoria,rodovia,rodovia_label,km,latitude,longitude,causa,tipo_acidente,classificacao,fase_dia,sentido_via,condicao_metereologica,tipo_pista,tracado_via,uso_solo,mortos,feridos_graves,feridos_leves,feridos,ilesos,ignorados,veiculos,pessoas,regional,delegacia,uop,risco_alto,nivel_risco
2025-04-06,20:40,2025-04-06 20:40:00,2025.0,4.0,domingo,20.0,noite,ES,JAGUARE,False,101.0,BR-101,91.0,-18.93134912,-39.97211404,Pedestre andava na pista,Atropelamento de Pedestre,Com Vítimas Feridas,Plena Noite,Decrescente,Nublado,Simples,Reta,Não,0.0,1.0,0.0,1.0,2.0,0.0,2.0,3.0,SPRF-ES,DEL04-ES,UOP02-DEL04-ES,1,grave
2025-06-03,17:00,2025-06-03 17:00:00,2025.0,6.0,terca,17.0,tarde,ES,SERRA,True,101.0,BR-101,266.0,-20.194865,-40.268418,Manobra de mudança de faixa,Colisão lateral mesmo sentido,Com Vítimas Feridas,Anoitecer,Decrescente,Nublado,Dupla,Reta,Sim,0.0,0.0,1.0,1.0,1.0,0.0,2.0,2.0,SPRF-ES,DEL02-ES,UOP01-DEL02-ES,0,moderado
2025-06-03,16:07,2025-06-03 16:07:00,2025.0,6.0,terca,16.0,tarde,ES,LINHARES,False,101.0,BR-101,137.0,-19.29409265,-40.08591923,Ultrapassagem Indevida,Colisão transversal,Com Vítimas Feridas,Plena Noite,Crescente,Céu Claro,Simples,Interseção de Vias,Não,0.0,0.0,3.0,3.0,0.0,0.0,2.0,3.0,SPRF-ES,DEL04-ES,UOP01-DEL04-ES,0,moderado
2025-06-03,18:00,2025-06-03 18:00:00,2025.0,6.0,terca,18.0,noite,ES,ANCHIETA,False,101.0,BR-101,348.2,-20.65047943,-40.63850133,Conversão proibida,Colisão transversal,Com Vítimas Feridas,Plena Noite,Decrescente,Chuva,Simples,Em Obras;Desvio Temporário,Sim,0.0,1.0,1.0,2.0,0.0,0.0,2.0,2.0,SPRF-ES,DEL03-ES,UOP01-DEL03-ES,1,grave
2025-06-03,18:55,2025-06-03 18:55:00,2025.0,6.0,terca,18.0,noite,ES,SERRA,True,101.0,BR-101,267.8,-20.2066465,-40.2691885,Manobra de mudança de faixa,Colisão traseira,Sem Vítimas,Plena Noite,Decrescente,Chuva,Múltipla,Reta,Sim,0.0,0.0,0.0,0.0,2.0,0.0,2.0,2.0,SPRF-ES,DEL02-ES,UOP01-DEL02-ES,0,baixo
2025-06-04,05:55,2025-06-04 05:55:00,2025.0,6.0,quarta,5.0,madrugada,ES,SERRA,True,101.0,BR-101,265.7,-20.196453,-40.268785,Ausência de reação do condutor,Colisão lateral mesmo sentido,Com Vítimas Feridas,Amanhecer,Crescente,Ignorado,Dupla,Reta,Sim,0.0,0.0,1.0,1.0,1.0,0.0,2.0,2.0,SPRF-ES,DEL02-ES,UOP01-DEL02-ES,0,moderado
2025-06-04,07:30,2025-06-04 07:30:00,2025.0,6.0,quarta,7.0,manha,ES,ARACRUZ,False,101.0,BR-101,189.0,-19.68159038,-40.27084453,Ausência de reação do condutor,Colisão com objeto,Com Vítimas Feridas,Pleno dia,Crescente,Céu Claro,Simples,Retorno Regulamentado,Sim,0.0,0.0,1.0,1.0,0.0,0.0,1.0,1.0,SPRF-ES,DEL04-ES,UOP01-DEL04-ES,0,moderado
2025-06-04,08:35,2025-06-04 08:35:00,2025.0,6.0,quarta,8.0,manha,ES,CARIACICA,True,101.0,BR-101,297.8,-20.34842595,-40.41178107,Manobra de mudança de faixa,Colisão lateral mesmo sentido,Com Vítimas Feridas,Pleno dia,Crescente,Sol,Dupla,Reta,Sim,0.0,0.0,2.0,2.0,1.0,0.0,2.0,3.0,SPRF-ES,DEL01-ES,UOP01-DEL01-ES,0,moderado
2025-06-04,12:30,2025-06-04 12:30:00,2025.0,6.0,quarta,12.0,tarde,ES,ANCHIETA,False,101.0,BR-101,352.9,-20.67678,-40.66593,Reação tardia ou ineficiente do condutor,Colisão com objeto,Com Vítimas Feridas,Pleno dia,Crescente,Sol,Dupla,Reta;Em Obras,Não,0.0,1.0,0.0,1.0,0.0,0.0,1.0,1.0,SPRF-ES,DEL03-ES,UOP01-DEL03-ES,1,grave
2025-06-04,14:05,2025-06-04 14:05:00,2025.0,6.0,quarta,14.0,tarde,ES,SAO MATEUS,False,101.0,BR-101,71.0,-18.76098324,-39.8634135,Transitar no Acostamento,Colisão lateral mesmo sentido,Com Vítimas Feridas,Pleno dia,Decrescente,Céu Claro,Simples,Reta;Aclive,Não,0.0,1.0,1.0,2.0,1.0,0.0,2.0,3.0,SPRF-ES,DEL04-ES,UOP02-DEL04-ES,1,grave
2025-06-04,14:40,2025-06-04 14:40:00,2025.0,6.0,quarta,14.0,tarde,ES,CARIACICA,True,262.0,BR-262,0.7,-20.32699,-40.35472,Reação tardia ou ineficiente do condutor,Colisão traseira,Com Vítimas Feridas,Pleno dia,Decrescente,Céu Claro,Dupla,Ponte,Não,0.0,0.0,1.0,1.0,1.0,0.0,2.0,2.0,SPRF-ES,DEL01-ES,UOP01-DEL01-ES,0,moderado
2025-04-05,18:15,2025-04-05 18:15:00,2025.0,4.0,sabado,18.0,noite,ES,CARIACICA,True,101.0,BR-101,285.1,-20.253721,-40.374341,Pedestre cruzava a pista fora da faixa,Atropelamento de Pedestre,Com Vítimas Feridas,Plena Noite,Crescente,Nublado,Dupla,Reta,Sim,0.0,1.0,0.0,1.0,1.0,0.0,2.0,2.0,SPRF-ES,DEL01-ES,UOP01-DEL01-ES,1,grave
2025-06-04,17:00,2025-06-04 17:00:00,2025.0,6.0,quarta,17.0,tarde,ES,LINHARES,False,101.0,BR-101,136.9,-19.29270433,-40.08603869,Reação tardia ou ineficiente do condutor,Engavetamento,Com Vítimas Feridas,Pleno dia,Crescente,Céu Claro,Simples,Reta;Declive,Não,0.0,0.0,12.0,12.0,3.0,0.0,3.0,15.0,SPRF-ES,DEL04-ES,UOP01-DEL04-ES,0,moderado
2025-06-04,19:00,2025-06-04 19:00:00,2025.0,6.0,quarta,19.0,noite,ES,PINHEIROS,False,101.0,BR-101,25.5,-18.37509167,-39.94805167,Pedestre cruzava a pista fora da faixa,Atropelamento de Pedestre,Com Vítimas Feridas,Plena Noite,Crescente,Céu Claro,Simples,Reta,Não,0.0,0.0,2.0,2.0,0.0,0.0,2.0,2.0,SPRF-ES,DEL04-ES,UOP02-DEL04-ES,0,moderado
2025-06-05,05:20,2025-06-05 05:20:00,2025.0,6.0,quinta,5.0,madrugada,ES,SOORETAMA,False,101.0,BR-101,119.8,-19.14158123,-40.07403168,Ultrapassagem Indevida,Colisão frontal,Com Vítimas Feridas,Amanhecer,Crescente,Nublado,Simples,Reta;Declive,Não,0.0,2.0,0.0,2.0,1.0,0.0,2.0,3.0,SPRF-ES,DEL04-ES,UOP01-DEL04-ES,1,grave
2025-06-05,18:09,2025-06-05 18:09:00,2025.0,6.0,quinta,18.0,noite,ES,SERRA,True,101.0,BR-101,264.0,-20.179607,-40.265201,Reação tardia ou ineficiente do condutor,Colisão lateral mesmo sentido,Com Vítimas Feridas,Plena Noite,Decrescente,Céu Claro,Dupla,Reta,Sim,0.0,1.0,0.0,1.0,0.0,1.0,2.0,2.0,SPRF-ES,DEL02-ES,UOP01-DEL02-ES,1,grave
2025-06-05,18:00,2025-06-05 18:00:00,2025.0,6.0,quinta,18.0,noite,ES,VIANA,True,262.0,BR-262,26.9,-20.38294909,-40.55124521,Manobra de mudança de faixa,Colisão lateral mesmo sentido,Com Vítimas Feridas,Anoitecer,Decrescente,Nublado,Simples,Curva,Não,0.0,0.0,1.0,1.0,0.0,1.0,2.0,2.0,SPRF-ES,DEL01-ES,UOP01-DEL01-ES,0,moderado
2025-06-05,20:15,2025-06-05 20:15:00,2025.0,6.0,quinta,20.0,noite,ES,SERRA,True,101.0,BR-101,259.0,-20.13930636,-40.29233694,Ausência de reação do condutor,Queda de ocupante de veículo,Com Vítimas Fatais,Plena Noite,Decrescente,Nublado,Dupla,Reta,Sim,2.0,0.0,0.0,0.0,1.0,0.0,2.0,3.0,SPRF-ES,DEL02-ES,UOP01-DEL02-ES,1,fatal
2025-06-05,23:18,2025-06-05 23:18:00,2025.0,6.0,quinta,23.0,noite,ES,LINHARES,False,101.0,BR-101,133.6,-19.25379315,-40.09013796,Demais falhas mecânicas ou elétricas,Tombamento,Com Vítimas Feridas,Plena Noite,Decrescente,Céu Claro,Simples,Reta,Não,0.0,0.0,2.0,2.0,0.0,0.0,1.0,2.0,SPRF-ES,DEL04-ES,UOP01-DEL04-ES,0,moderado
2025-06-06,03:00,2025-06-06 03:00:00,2025.0,6.0,sexta,3.0,madrugada,ES,SERRA,True,101.0,BR-101,264.0,-20.17789511,-40.26540667,Ingestão de álcool pelo condutor,Colisão com objeto,Sem Vítimas,Plena Noite,Crescente,Céu Claro,Múltipla,Interseção de Vias,Sim,0.0,0.0,0.0,0.0,1.0,0.0,1.0,1.0,SPRF-ES,DEL02-ES,UOP01-DEL02-ES,0,baixo
2025-06-06,05:00,2025-06-06 05:00:00,2025.0,6.0,sexta,5.0,madrugada,ES,COLATINA,False,259.0,BR-259,50.9,-19.504339,-40.61366558,Entrada inopinada do pedestre,Atropelamento de Pedestre,Com Vítimas Feridas,Amanhecer,Decrescente,Ignorado,Simples,Reta,Não,0.0,0.0,1.0,1.0,0.0,1.0,2.0,2.0,SPRF-ES,DEL02-ES,UOP01-DEL02-ES,0,moderado
2025-06-06,12:20,2025-06-06 12:20:00,2025.0,6.0,sexta,12.0,tarde,ES,LINHARES,False,101.0,BR-101,140.5,-19.322767,-40.073838,Reação tardia ou ineficiente do condutor,Colisão traseira,Com Vítimas Feridas,Pleno dia,Crescente,Céu Claro,Simples,Reta,Sim,0.0,1.0,0.0,1.0,2.0,0.0,2.0,3.0,SPRF-ES,DEL04-ES,UOP01-DEL04-ES,1,grave
2025-06-06,22:50,2025-06-06 22:50:00,2025.0,6.0,sexta,22.0,noite,ES,SERRA,True,101.0,BR-101,269.0,-20.21919388,-40.27021408,Manobra de mudança de faixa,Tombamento,Com Vítimas Feridas,Pleno dia,Decrescente,Céu Claro,Dupla,Reta,Sim,0.0,0.0,1.0,1.0,0.0,0.0,1.0,1.0,SPRF-ES,DEL02-ES,UOP01-DEL02-ES,0,moderado
2025-06-07,02:30,2025-06-07 02:30:00,2025.0,6.0,sabado,2.0,madrugada,ES,IBIRACU,False,101.0,BR-101,211.4,-19.82115566,-40.36918759,Ingestão de álcool pelo condutor,Saída de leito carroçável,Com Vítimas Feridas,Plena Noite,Crescente,Nublado,Simples,Curva;Declive,Não,0.0,0.0,1.0,1.0,0.0,1.0,2.0,2.0,SPRF-ES,DEL02-ES,UOP01-DEL02-ES,0,moderado
2025-06-07,06:45,2025-06-07 06:45:00,2025.0,6.0,sabado,6.0,manha,ES,SERRA,True,101.0,BR-101,252.9,-20.10481,-40.33258,Acessar a via sem observar a presença dos outros veículos,Tombamento,Com Vítimas Feridas,Pleno dia,Crescente,Céu Claro,Simples,Reta;Interseção de Vias,Não,0.0,1.0,0.0,1.0,0.0,0.0,1.0,1.0,SPRF-ES,DEL02-ES,UOP01-DEL02-ES,1,grave
2025-06-07,08:30,2025-06-07 08:30:00,2025.0,6.0,sabado,8.0,manha,ES,SERRA,True,101.0,BR-101,264.2,-20.17582,-40.26622,Manobra de mudança de faixa,Colisão lateral mesmo sentido,Com Vítimas Feridas,Pleno dia,Crescente,Céu Claro,Dupla,Reta,Não,0.0,1.0,0.0,1.0,1.0,0.0,2.0,2.0,SPRF-ES,DEL02-ES,UOP01-DEL02-ES,1,grave
2025-06-07,10:00,2025-06-07 10:00:00,2025.0,6.0,sabado,10.0,manha,ES,MARECHAL FLORIANO,False,262.0,BR-262,61.8,-20.42341,-40.800368,Ausência de reação do condutor,Engavetamento,Com Vítimas Feridas,Pleno dia,Decrescente,Nublado,Simples,Reta,Não,0.0,0.0,2.0,2.0,2.0,0.0,3.0,4.0,SPRF-ES,DEL01-ES,UOP02-DEL01-ES,0,moderado
2025-06-07,08:30,2025-06-07 08:30:00,2025.0,6.0,sabado,8.0,manha,ES,SERRA,True,101.0,BR-101,13.0,-20.170852,-40.347757,Reação tardia ou ineficiente do condutor,Tombamento,Sem Vítimas,Pleno dia,Crescente,Céu Claro,Dupla,Reta,Não,0.0,0.0,0.0,0.0,0.0,1.0,1.0,1.0,SPRF-ES,DEL02-ES,UOP01-DEL02-ES,0,baixo
2025-06-07,12:30,2025-06-07 12:30:00,2025.0,6.0,sabado,12.0,tarde,ES,DOMINGOS MARTINS,False,262.0,BR-262,38.0,-20.38049515,-40.6294477,Acessar a via sem observar a presença dos outros veículos,Colisão transversal,Com Vítimas Feridas,Pleno dia,Crescente,Céu Claro,Simples,Reta,Não,0.0,0.0,1.0,1.0,3.0,1.0,2.0,5.0,SPRF-ES,DEL01-ES,UOP01-DEL01-ES,0,moderado
2025-06-07,15:30,2025-06-07 15:30:00,2025.0,6.0,sabado,15.0,tarde,ES,SAO MATEUS,False,101.0,BR-101,61.3,-18.68373205,-39.86337662,Acessar a via sem observar a presença dos outros veículos,Colisão transversal,Com Vítimas Feridas,Pleno dia,Crescente,Céu Claro,Simples,Reta,Sim,0.0,1.0,1.0,2.0,0.0,0.0,2.0,2.0,SPRF-ES,DEL04-ES,UOP02-DEL04-ES,1,grave
2025-06-07,16:30,2025-06-07 16:30:00,2025.0,6.0,sabado,16.0,tarde,ES,CARIACICA,True,101.0,BR-101,282.4,-20.22700071,-40.36444394,Avarias e/ou desgaste excessivo no pneu,Queda de ocupante de veículo,Com Vítimas Feridas,Pleno dia,Decrescente,Nublado,Dupla,Reta,Não,0.0,0.0,1.0,1.0,1.0,0.0,1.0,2.0,SPRF-ES,DEL01-ES,UOP01-DEL01-ES,0,moderado
2025-06-07,17:30,2025-06-07 17:30:00,2025.0,6.0,sabado,17.0,tarde,ES,SERRA,True,101.0,BR-101,14.0,-20.20632,-40.333585,Avarias e/ou desgaste excessivo no pneu,Tombamento,Com Vítimas Feridas,Anoitecer,Crescente,Céu Claro,Dupla,Curva,Não,0.0,1.0,1.0,2.0,0.0,0.0,1.0,2.0,SPRF-ES,DEL02-ES,UOP01-DEL02-ES,1,grave
2025-06-08,05:00,2025-06-08 05:00:00,2025.0,6.0,domingo,5.0,madrugada,ES,LINHARES,False,101.0,BR-101,141.5,-19.33333628,-40.06851196,Reação tardia ou ineficiente do condutor,Colisão com objeto,Sem Vítimas,Amanhecer,Crescente,Céu Claro,Dupla,Reta,Sim,0.0,0.0,0.0,0.0,1.0,0.0,1.0,1.0,SPRF-ES,DEL04-ES,UOP01-DEL04-ES,0,baixo
2025-06-08,05:00,2025-06-08 05:00:00,2025.0,6.0,domingo,5.0,madrugada,ES,CARIACICA,True,101.0,BR-101,289.8,-20.2873756,-40.3919448,Reação tardia ou ineficiente do condutor,Saída de leito carroçável,Sem Vítimas,Plena Noite,Decrescente,Nublado,Dupla,Reta;Declive,Sim,0.0,0.0,0.0,0.0,1.0,0.0,1.0,1.0,SPRF-ES,DEL01-ES,UOP01-DEL01-ES,0,baixo
2025-06-08,15:40,2025-06-08 15:40:00,2025.0,6.0,domingo,15.0,tarde,ES,ANCHIETA,False,101.0,BR-101,370.0,-20.7712248,-40.7653018,Condutor deixou de manter distância do veículo da frente,Colisão traseira,Com Vítimas Feridas,Pleno dia,Crescente,Céu Claro,Simples,Reta,Não,0.0,0.0,1.0,1.0,1.0,0.0,2.0,2.0,SPRF-ES,DEL03-ES,UOP01-DEL03-ES,0,moderado
2025-06-08,17:15,2025-06-08 17:15:00,2025.0,6.0,domingo,17.0,tarde,ES,ARACRUZ,False,101.0,BR-101,174.5,-19.58515,-40.18985,Ingestão de álcool pelo condutor,Colisão transversal,Com Vítimas Feridas,Anoitecer,Crescente,Céu Claro,Simples,Interseção de Vias,Sim,0.0,0.0,1.0,1.0,1.0,1.0,2.0,3.0,SPRF-ES,DEL04-ES,UOP01-DEL04-ES,0,moderado
2025-06-08,18:40,2025-06-08 18:40:00,2025.0,6.0,domingo,18.0,noite,ES,VENDA NOVA DO IMIGRANTE,False,262.0,BR-262,110.0,-20.336698,-41.18602,Suicídio (presumido),Atropelamento de Pedestre,Com Vítimas Feridas,Plena Noite,Crescente,Céu Claro,Simples,Reta,Sim,0.0,0.0,1.0,1.0,1.0,0.0,2.0,2.0,SPRF-ES,DEL01-ES,UOP02-DEL01-ES,0,moderado
2025-06-09,12:00,2025-06-09 12:00:00,2025.0,6.0,segunda,12.0,tarde,ES,CARIACICA,True,101.0,BR-101,290.7,-20.29494211,-40.39327383,Manobra de mudança de faixa,Colisão lateral mesmo sentido,Com Vítimas Feridas,Pleno dia,Crescente,Céu Claro,Dupla,Reta,Sim,0.0,2.0,0.0,2.0,1.0,0.0,2.0,3.0,SPRF-ES,DEL01-ES,UOP01-DEL01-ES,1,grave
2025-06-09,12:00,2025-06-09 12:00:00,2025.0,6.0,segunda,12.0,tarde,ES,SERRA,True,101.0,BR-101,266.9,-20.129886,-40.296982,Reação tardia ou ineficiente do condutor,Queda de ocupante de veículo,Com Vítimas Feridas,Pleno dia,Crescente,Céu Claro,Dupla,Reta,Sim,0.0,0.0,1.0,1.0,0.0,0.0,1.0,1.0,SPRF-ES,DEL02-ES,UOP01-DEL02-ES,0,moderado
2025-06-09,19:30,2025-06-09 19:30:00,2025.0,6.0,segunda,19.0,noite,ES,CARIACICA,True,101.0,BR-101,294.7,-20.32992924,-40.39880991,Condutor desrespeitou a iluminação vermelha do semáforo,Colisão lateral mesmo sentido,Sem Vítimas,Plena Noite,Decrescente,Nublado,Múltipla,Interseção de Vias,Sim,0.0,0.0,0.0,0.0,2.0,0.0,2.0,2.0,SPRF-ES,DEL01-ES,UOP01-DEL01-ES,0,baixo
2025-06-10,05:40,2025-06-10 05:40:00,2025.0,6.0,terca,5.0,madrugada,ES,VITORIA,True,101.0,BR-101,274.0,-20.2604544,-40.2784256,Demais falhas mecânicas ou elétricas,Queda de ocupante de veículo,Com Vítimas Feridas,Amanhecer,Decrescente,Nublado,Dupla,Reta,Não,0.0,0.0,2.0,2.0,0.0,0.0,1.0,2.0,SPRF-ES,DEL02-ES,UOP01-DEL02-ES,0,moderado
2025-06-10,07:20,2025-06-10 07:20:00,2025.0,6.0,terca,7.0,manha,ES,SERRA,True,101.0,BR-101,268.9,-20.22076653,-40.27025521,Manobra de mudança de faixa,Colisão lateral mesmo sentido,Com Vítimas Feridas,Pleno dia,Crescente,Nublado,Dupla,Reta,Sim,0.0,0.0,1.0,1.0,0.0,1.0,2.0,2.0,SPRF-ES,DEL02-ES,UOP01-DEL02-ES,0,moderado
2025-06-10,07:45,2025-06-10 07:45:00,2025.0,6.0,terca,7.0,manha,ES,LINHARES,False,101.0,BR-101,146.7,-19.3764486,-40.06616171,Condutor desrespeitou a iluminação vermelha do semáforo,Colisão transversal,Com Vítimas Feridas,Pleno dia,Decrescente,Céu Claro,Múltipla,Reta;Interseção de Vias,Sim,0.0,0.0,1.0,1.0,0.0,1.0,2.0,2.0,SPRF-ES,DEL04-ES,UOP01-DEL04-ES,0,moderado
2025-06-10,09:00,2025-06-10 09:00:00,2025.0,6.0,terca,9.0,manha,ES,SERRA,True,101.0,BR-101,269.4,-20.22176196,-40.2701962,Condutor deixou de manter distância do veículo da frente,Colisão traseira,Com Vítimas Feridas,Pleno dia,Decrescente,Céu Claro,Múltipla,Reta,Não,0.0,0.0,1.0,1.0,1.0,0.0,2.0,2.0,SPRF-ES,DEL02-ES,UOP01-DEL02-ES,0,moderado
2025-06-10,09:52,2025-06-10 09:52:00,2025.0,6.0,terca,9.0,manha,ES,SERRA,True,101.0,BR-101,268.7,-20.0488571,-40.3866823,Trafegar com motocicleta (ou similar) entre as faixas,Tombamento,Com Vítimas Feridas,Pleno dia,Crescente,Céu Claro,Múltipla,Reta,Sim,0.0,1.0,0.0,1.0,0.0,0.0,1.0,1.0,SPRF-ES,DEL02-ES,UOP01-DEL02-ES,1,grave
2025-06-10,11:43,2025-06-10 11:43:00,2025.0,6.0,terca,11.0,manha,ES,SERRA,True,101.0,BR-101,269.5,-20.22198245,-40.2702551,Ausência de reação do condutor,Colisão traseira,Com Vítimas Feridas,Pleno dia,Decrescente,Sol,Múltipla,Reta;Interseção de Vias,Sim,0.0,0.0,1.0,1.0,1.0,0.0,2.0,2.0,SPRF-ES,DEL02-ES,UOP01-DEL02-ES,0,moderado
2025-06-10,08:00,2025-06-10 08:00:00,2025.0,6.0,terca,8.0,manha,ES,CARIACICA,True,101.0,BR-101,296.0,-20.34169572,-40.40556084,Acessar a via sem observar a presença dos outros veículos,Colisão traseira,Com Vítimas Feridas,Pleno dia,Crescente,Chuva,Dupla,Curva;Retorno Regulamentado;Viaduto,Sim,0.0,0.0,2.0,2.0,3.0,0.0,3.0,5.0,SPRF-ES,DEL01-ES,UOP01-DEL01-ES,0,moderado
2025-06-10,14:17,2025-06-10 14:17:00,2025.0,6.0,terca,14.0,tarde,ES,SOORETAMA,False,101.0,BR-101,127.7,-19.2094062,-40.0947213,Ausência de reação do condutor,Saída de leito carroçável,Com Vítimas Feridas,Pleno dia,Decrescente,Céu Claro,Múltipla,Curva,Sim,0.0,0.0,1.0,1.0,0.0,0.0,1.0,1.0,SPRF-ES,DEL04-ES,UOP01-DEL04-ES,0,moderado
2025-06-10,16:33,2025-06-10 16:33:00,2025.0,6.0,terca,16.0,tarde,ES,SAO MATEUS,False,101.0,BR-101,66.2,-18.7265246,-39.8574295,Acessar a via sem observar a presença dos outros veículos,Atropelamento de Pedestre,Com Vítimas Feridas,Anoitecer,Decrescente,Céu Claro,Dupla,Reta,Sim,0.0,0.0,2.0,2.0,0.0,0.0,2.0,2.0,SPRF-ES,DEL04-ES,UOP02-DEL04-ES,0,moderado
2025-06-11,07:10,2025-06-11 07:10:00,2025.0,6.0,quarta,7.0,manha,ES,SERRA,True,101.0,BR-101,267.9,-20.207284,-40.269528,Ausência de reação do condutor,Tombamento,Com Vítimas Feridas,Pleno dia,Crescente,Nublado,Múltipla,Reta,Sim,0.0,0.0,1.0,1.0,0.0,0.0,1.0,1.0,SPRF-ES,DEL02-ES,UOP01-DEL02-ES,0,moderado
2025-06-11,07:00,2025-06-11 07:00:00,2025.0,6.0,quarta,7.0,manha,ES,BAIXO GUANDU,False,259.0,BR-259,100.9,-19.522191,-41.009528,Reação tardia ou ineficiente do condutor,Colisão transversal,Com Vítimas Feridas,Pleno dia,Crescente,Céu Claro,Simples,Reta,Sim,0.0,1.0,0.0,1.0,0.0,1.0,2.0,2.0,SPRF-ES,DEL02-ES,UOP01-DEL02-ES,1,grave
2025-06-11,14:19,2025-06-11 14:19:00,2025.0,6.0,quarta,14.0,tarde,ES,CARIACICA,True,101.0,BR-101,287.0,-20.26612129,-40.38619341,Velocidade Incompatível,Colisão traseira,Com Vítimas Feridas,Pleno dia,Decrescente,Garoa/Chuvisco,Dupla,Retorno Regulamentado,Sim,0.0,1.0,1.0,2.0,1.0,0.0,2.0,3.0,SPRF-ES,DEL01-ES,UOP01-DEL01-ES,1,grave
2025-06-11,19:00,2025-06-11 19:00:00,2025.0,6.0,quarta,19.0,noite,ES,CARIACICA,True,101.0,BR-101,290.6,-20.294183,-40.393092,Manobra de mudança de faixa,Colisão traseira,Com Vítimas Feridas,Plena Noite,Decrescente,Nublado,Dupla,Reta;Retorno Regulamentado,Não,0.0,0.0,2.0,2.0,1.0,0.0,2.0,3.0,SPRF-ES,DEL01-ES,UOP01-DEL01-ES,0,moderado
2025-06-11,19:50,2025-06-11 19:50:00,2025.0,6.0,quarta,19.0,noite,ES,VIANA,True,101.0,BR-101,305.1,-20.38654947,-40.46307564,Chuva,Saída de leito carroçável,Com Vítimas Feridas,Plena Noite,Decrescente,Chuva,Múltipla,Reta,Não,0.0,0.0,1.0,1.0,0.0,0.0,1.0,1.0,SPRF-ES,DEL01-ES,UOP01-DEL01-ES,0,moderado
2025-06-11,21:29,2025-06-11 21:29:00,2025.0,6.0,quarta,21.0,noite,ES,CARIACICA,True,101.0,BR-101,296.9,-20.34577373,-40.41070819,Ausência de reação do condutor,Tombamento,Com Vítimas Feridas,Plena Noite,Crescente,Nublado,Dupla,Reta,Sim,0.0,0.0,1.0,1.0,1.0,0.0,1.0,2.0,SPRF-ES,DEL01-ES,UOP01-DEL01-ES,0,moderado
2025-06-12,05:30,2025-06-12 05:30:00,2025.0,6.0,quinta,5.0,madrugada,ES,JAGUARE,False,101.0,BR-101,94.0,-18.933256,-39.972669,Acessar a via sem observar a presença dos outros veículos,Colisão transversal,Com Vítimas Feridas,Amanhecer,Decrescente,Céu Claro,Simples,Reta,Sim,0.0,0.0,1.0,1.0,0.0,1.0,2.0,2.0,SPRF-ES,DEL04-ES,UOP02-DEL04-ES,0,moderado
2025-06-12,08:00,2025-06-12 08:00:00,2025.0,6.0,quinta,8.0,manha,ES,LINHARES,False,101.0,BR-101,144.0,-19.3713974,-40.06645203,Reação tardia ou ineficiente do condutor,Colisão lateral mesmo sentido,Com Vítimas Feridas,Pleno dia,Crescente,Céu Claro,Simples,Interseção de Vias,Sim,0.0,0.0,1.0,1.0,1.0,0.0,2.0,2.0,SPRF-ES,DEL04-ES,UOP01-DEL04-ES,0,moderado
2025-06-12,09:50,2025-06-12 09:50:00,2025.0,6.0,quinta,9.0,manha,ES,SERRA,True,101.0,BR-101,8.0,-20.04887441,-40.3865193,Ausência de reação do condutor,Queda de ocupante de veículo,Com Vítimas Feridas,Pleno dia,Crescente,Céu Claro,Dupla,Reta,Não,0.0,1.0,0.0,1.0,0.0,0.0,1.0,1.0,SPRF-ES,DEL02-ES,UOP01-DEL02-ES,1,grave
2025-05-04,17:30,2025-05-04 17:30:00,2025.0,5.0,domingo,17.0,tarde,ES,SAO MATEUS,False,101.0,BR-101,61.0,-18.67853544,-39.86449091,Animais na Pista,Capotamento,Com Vítimas Feridas,Anoitecer,Decrescente,Ignorado,Simples,Reta,Sim,0.0,0.0,1.0,1.0,0.0,0.0,1.0,1.0,SPRF-ES,DEL04-ES,UOP02-DEL04-ES,0,moderado
2025-06-12,15:30,2025-06-12 15:30:00,2025.0,6.0,quinta,15.0,tarde,ES,VIANA,True,262.0,BR-262,20.0,-20.3885841,-40.4949076,Condutor desrespeitou a iluminação vermelha do semáforo,Colisão transversal,Com Vítimas Feridas,Pleno dia,Crescente,Céu Claro,Simples,Reta,Sim,0.0,0.0,1.0,1.0,1.0,0.0,2.0,2.0,SPRF-ES,DEL01-ES,UOP01-DEL01-ES,0,moderado
2025-06-12,11:50,2025-06-12 11:50:00,2025.0,6.0,quinta,11.0,manha,ES,LINHARES,False,101.0,BR-101,144.4,-19.35572167,-40.06428178,Manobra de mudança de faixa,Colisão lateral mesmo sentido,Com Vítimas Feridas,Pleno dia,Crescente,Céu Claro,Simples,Reta,Sim,0.0,0.0,1.0,1.0,2.0,1.0,3.0,4.0,SPRF-ES,DEL04-ES,UOP01-DEL04-ES,0,moderado