data,hora,data_hora,ano,mes,dia_semana,hora_dia,periodo_dia,uf,municipio,regiao_grande_vitoria,rodovia,rodovia_label,km,latitude,longitude,causa,tipo_acidente,classificacao,fase_dia,sentido_via,condicao_metereologica,tipo_pista,tracado_via,uso_solo,mortos,feridos_graves,feridos_leves,feridos,ilesos,ignorados,veiculos,pessoas,regional,delegacia,uop,risco_alto,nivel_risco
2025-06-12,19:30,2025-06-12 19:30:00,2025.0,6.0,quinta,19.0,noite,ES,CACHOEIRO DE ITAPEMIRIM,False,393.0,BR-393,1.2,-20.8335224,-41.1726068,Condutor deixou de manter distância do veículo da frente,Colisão traseira,Sem Vítimas,Plena Noite,Crescente,Céu Claro,Simples,Reta,Sim,0.0,0.0,0.0,0.0,1.0,2.0,3.0,3.0,SPRF-ES,DEL03-ES,UOP02-DEL03-ES,0,baixo
2025-06-12,20:55,2025-06-12 20:55:00,2025.0,6.0,quinta,20.0,noite,ES,VIANA,True,262.0,BR-262,18.0,-20.38815306,-40.47669975,Ausência de reação do condutor,Tombamento,Com Vítimas Feridas,Plena Noite,Crescente,Céu Claro,Simples,Reta,Sim,0.0,0.0,1.0,1.0,0.0,0.0,1.0,1.0,SPRF-ES,DEL01-ES,UOP01-DEL01-ES,0,moderado
2025-06-12,21:20,2025-06-12 21:20:00,2025.0,6.0,quinta,21.0,noite,ES,MARECHAL FLORIANO,False,262.0,BR-262,72.0,-20.4097023,-40.8860513,Ausência de reação do condutor,Colisão lateral sentido oposto,Sem Vítimas,Plena Noite,Crescente,Céu Claro,Simples,Curva;Ponte,Não,0.0,0.0,0.0,0.0,1.0,1.0,2.0,2.0,SPRF-ES,DEL01-ES,UOP02-DEL01-ES,0,baixo
2025-06-13,07:55,2025-06-13 07:55:00,2025.0,6.0,sexta,7.0,manha,ES,IBIRACU,False,101.0,BR-101,225.0,-19.895018,-40.411759,Ausência de reação do condutor,Queda de ocupante de veículo,Com Vítimas Feridas,Pleno dia,Crescente,Nublado,Simples,Curva,Não,0.0,0.0,1.0,1.0,0.0,0.0,1.0,1.0,SPRF-ES,DEL02-ES,UOP01-DEL02-ES,0,moderado
2025-06-13,18:00,2025-06-13 18:00:00,2025.0,6.0,sexta,18.0,noite,ES,LINHARES,False,101.0,BR-101,148.7,-19.39666447,-40.06387602,Condutor deixou de manter distância do veículo da frente,Colisão traseira,Com Vítimas Feridas,Plena Noite,Decrescente,Céu Claro,Múltipla,Reta;Aclive,Sim,0.0,0.0,1.0,1.0,1.0,0.0,2.0,2.0,SPRF-ES,DEL04-ES,UOP01-DEL04-ES,0,moderado
2025-06-13,18:20,2025-06-13 18:20:00,2025.0,6.0,sexta,18.0,noite,ES,SERRA,True,101.0,BR-101,266.2,-20.04889234,-40.38647665,Pedestre cruzava a pista fora da faixa,Atropelamento de Pedestre,Com Vítimas Fatais,Plena Noite,Crescente,Nublado,Dupla,Reta,Sim,1.0,0.0,1.0,1.0,0.0,0.0,2.0,2.0,SPRF-ES,DEL02-ES,UOP01-DEL02-ES,1,fatal
2025-06-13,20:45,2025-06-13 20:45:00,2025.0,6.0,sexta,20.0,noite,ES,CONCEICAO DA BARRA,False,101.0,BR-101,29.9,-18.410592,-39.937021,Velocidade Incompatível,Colisão traseira,Com Vítimas Feridas,Plena Noite,Decrescente,Nublado,Simples,Reta;Aclive,Não,0.0,0.0,2.0,2.0,1.0,0.0,2.0,3.0,SPRF-ES,DEL04-ES,UOP02-DEL04-ES,0,moderado
2025-06-13,23:30,2025-06-13 23:30:00,2025.0,6.0,sexta,23.0,noite,ES,SERRA,True,101.0,BR-101,260.6,-20.14718146,-40.28093577,Acesso irregular,Colisão transversal,Com Vítimas Feridas,Plena Noite,Decrescente,Céu Claro,Dupla,Curva,Não,0.0,1.0,0.0,1.0,1.0,0.0,2.0,2.0,SPRF-ES,DEL02-ES,UOP01-DEL02-ES,1,grave
2025-06-13,23:45,2025-06-13 23:45:00,2025.0,6.0,sexta,23.0,noite,ES,JAGUARE,False,101.0,BR-101,101.0,-18.9843277,-39.9974592,Velocidade Incompatível,Saída de leito carroçável,Com Vítimas Feridas,Plena Noite,Crescente,Céu Claro,Simples,Reta,Não,0.0,0.0,1.0,1.0,0.0,0.0,1.0,1.0,SPRF-ES,DEL04-ES,UOP02-DEL04-ES,0,moderado
2025-06-14,08:15,2025-06-14 08:15:00,2025.0,6.0,sabado,8.0,manha,ES,LINHARES,False,101.0,BR-101,139.5,-19.31167999,-40.07941573,Demais falhas mecânicas ou elétricas,Queda de ocupante de veículo,Com Vítimas Feridas,Pleno dia,Crescente,Céu Claro,Múltipla,Reta,Sim,0.0,0.0,2.0,2.0,0.0,0.0,1.0,2.0,SPRF-ES,DEL04-ES,UOP01-DEL04-ES,0,moderado
2025-06-14,12:00,2025-06-14 12:00:00,2025.0,6.0,sabado,12.0,tarde,ES,SERRA,True,101.0,BR-101,281.0,-20.22353411,-40.36114296,Reação tardia ou ineficiente do condutor,Tombamento,Com Vítimas Feridas,Pleno dia,Crescente,Céu Claro,Dupla,Reta,Não,0.0,0.0,2.0,2.0,0.0,0.0,1.0,2.0,SPRF-ES,DEL02-ES,UOP01-DEL02-ES,0,moderado
2025-06-14,13:30,2025-06-14 13:30:00,2025.0,6.0,sabado,13.0,tarde,ES,CARIACICA,True,101.0,BR-101,289.9,-20.28341071,-40.39319706,Manobra de mudança de faixa,Colisão lateral mesmo sentido,Com Vítimas Feridas,Pleno dia,Crescente,Nublado,Dupla,Reta,Não,0.0,0.0,1.0,1.0,0.0,1.0,2.0,2.0,SPRF-ES,DEL01-ES,UOP01-DEL01-ES,0,moderado
2025-06-14,14:20,2025-06-14 14:20:00,2025.0,6.0,sabado,14.0,tarde,ES,SERRA,True,101.0,BR-101,267.5,-20.19987382,-40.26886135,Condutor deixou de manter distância do veículo da frente,Colisão traseira,Com Vítimas Feridas,Pleno dia,Decrescente,Céu Claro,Múltipla,Reta,Sim,0.0,0.0,1.0,1.0,1.0,0.0,2.0,2.0,SPRF-ES,DEL02-ES,UOP01-DEL02-ES,0,moderado
2025-06-14,15:15,2025-06-14 15:15:00,2025.0,6.0,sabado,15.0,tarde,ES,SOORETAMA,False,101.0,BR-101,125.0,-19.189867,-40.094536,Condutor desrespeitou a iluminação vermelha do semáforo,Colisão traseira,Com Vítimas Feridas,Pleno dia,Decrescente,Céu Claro,Simples,Reta,Sim,0.0,1.0,0.0,1.0,1.0,0.0,2.0,2.0,SPRF-ES,DEL04-ES,UOP01-DEL04-ES,1,grave
2025-06-14,16:00,2025-06-14 16:00:00,2025.0,6.0,sabado,16.0,tarde,ES,SERRA,True,101.0,BR-101,262.1,-20.04888827,-40.38647878,Trafegar com motocicleta (ou similar) entre as faixas,Queda de ocupante de veículo,Com Vítimas Feridas,Pleno dia,Decrescente,Céu Claro,Dupla,Reta,Sim,0.0,1.0,1.0,2.0,0.0,0.0,1.0,2.0,SPRF-ES,DEL02-ES,UOP01-DEL02-ES,1,grave
2025-06-14,18:30,2025-06-14 18:30:00,2025.0,6.0,sabado,18.0,noite,ES,MUQUI,False,393.0,BR-393,26.0,-20.94459203,-41.34699762,Acessar a via sem observar a presença dos outros veículos,Queda de ocupante de veículo,Com Vítimas Feridas,Plena Noite,Crescente,Nublado,Simples,Reta,Não,0.0,0.0,1.0,1.0,0.0,0.0,1.0,1.0,SPRF-ES,DEL03-ES,UOP02-DEL03-ES,0,moderado
2025-06-15,11:40,2025-06-15 11:40:00,2025.0,6.0,domingo,11.0,manha,ES,JOAO NEIVA,False,101.0,BR-101,208.0,-19.77935053,-40.37216323,Velocidade Incompatível,Colisão com objeto,Com Vítimas Feridas,Pleno dia,Crescente,Chuva,Dupla,Curva,Não,0.0,0.0,1.0,1.0,1.0,0.0,1.0,2.0,SPRF-ES,DEL02-ES,UOP01-DEL02-ES,0,moderado
2025-06-15,12:25,2025-06-15 12:25:00,2025.0,6.0,domingo,12.0,tarde,ES,SERRA,True,101.0,BR-101,270.6,-20.23076167,-40.27322667,Conversão proibida,Colisão traseira,Com Vítimas Feridas,Pleno dia,Decrescente,Nublado,Múltipla,Reta,Não,0.0,0.0,1.0,1.0,2.0,0.0,2.0,3.0,SPRF-ES,DEL02-ES,UOP01-DEL02-ES,0,moderado
2025-06-15,14:15,2025-06-15 14:15:00,2025.0,6.0,domingo,14.0,tarde,ES,SERRA,True,101.0,BR-101,260.1,-20.146443,-40.285803,Condutor deixou de manter distância do veículo da frente,Colisão traseira,Com Vítimas Feridas,Pleno dia,Decrescente,Céu Claro,Simples,Reta;Aclive,Não,0.0,0.0,1.0,1.0,2.0,0.0,2.0,3.0,SPRF-ES,DEL02-ES,UOP01-DEL02-ES,0,moderado
2025-06-15,11:10,2025-06-15 11:10:00,2025.0,6.0,domingo,11.0,manha,ES,DOMINGOS MARTINS,False,262.0,BR-262,29.5,-20.37303251,-40.59216499,Reação tardia ou ineficiente do condutor,Queda de ocupante de veículo,Com Vítimas Feridas,Pleno dia,Decrescente,Céu Claro,Simples,Declive;Curva,Não,0.0,0.0,1.0,1.0,0.0,0.0,1.0,1.0,SPRF-ES,DEL01-ES,UOP01-DEL01-ES,0,moderado
2025-06-15,15:00,2025-06-15 15:00:00,2025.0,6.0,domingo,15.0,tarde,ES,VIANA,True,101.0,BR-101,308.6,-20.4102156,-40.4581576,Ausência de reação do condutor,Colisão transversal,Com Vítimas Fatais,Pleno dia,Crescente,Céu Claro,Dupla,Reta,Não,1.0,0.0,0.0,0.0,2.0,0.0,2.0,3.0,SPRF-ES,DEL01-ES,UOP01-DEL01-ES,1,fatal
2025-06-16,00:00,2025-06-16 00:00:00,2025.0,6.0,segunda,0.0,madrugada,ES,SERRA,True,101.0,BR-101,266.7,-20.197344,-40.268765,Demais falhas mecânicas ou elétricas,Tombamento,Com Vítimas Feridas,Plena Noite,Crescente,Nublado,Múltipla,Reta,Sim,0.0,2.0,0.0,2.0,0.0,0.0,1.0,2.0,SPRF-ES,DEL02-ES,UOP01-DEL02-ES,1,grave
2025-06-16,07:10,2025-06-16 07:10:00,2025.0,6.0,segunda,7.0,manha,ES,LINHARES,False,101.0,BR-101,149.0,-19.40022077,-40.06233215,Acessar a via sem observar a presença dos outros veículos,Colisão lateral mesmo sentido,Com Vítimas Feridas,Pleno dia,Decrescente,Céu Claro,Dupla,Interseção de Vias,Sim,0.0,0.0,1.0,1.0,1.0,0.0,2.0,2.0,SPRF-ES,DEL04-ES,UOP01-DEL04-ES,0,moderado
2025-06-16,07:00,2025-06-16 07:00:00,2025.0,6.0,segunda,7.0,manha,ES,JOAO NEIVA,False,101.0,BR-101,204.0,-19.75567761,-40.37974477,Acessar a via sem observar a presença dos outros veículos,Colisão transversal,Com Vítimas Feridas,Pleno dia,Crescente,Nublado,Simples,Retorno Regulamentado,Sim,0.0,0.0,1.0,1.0,1.0,0.0,2.0,2.0,SPRF-ES,DEL02-ES,UOP01-DEL02-ES,0,moderado
2025-06-16,12:00,2025-06-16 12:00:00,2025.0,6.0,segunda,12.0,tarde,ES,CARIACICA,True,101.0,BR-101,296.0,-20.34305,-40.406438,Ausência de reação do condutor,Queda de ocupante de veículo,Com Vítimas Feridas,Pleno dia,Crescente,Céu Claro,Dupla,Curva,Sim,0.0,0.0,1.0,1.0,0.0,0.0,1.0,1.0,SPRF-ES,DEL01-ES,UOP01-DEL01-ES,0,moderado
2025-06-16,07:00,2025-06-16 07:00:00,2025.0,6.0,segunda,7.0,manha,ES,LINHARES,False,101.0,BR-101,144.0,-19.35977376,-40.06420836,Acumulo de areia ou detritos sobre o pavimento,Tombamento,Com Vítimas Feridas,Pleno dia,Crescente,Nublado,Dupla,Reta,Sim,0.0,0.0,1.0,1.0,0.0,0.0,1.0,1.0,SPRF-ES,DEL04-ES,UOP01-DEL04-ES,0,moderado
2025-06-16,15:30,2025-06-16 15:30:00,2025.0,6.0,segunda,15.0,tarde,ES,CARIACICA,True,101.0,BR-101,282.2,-20.22997223,-40.36681652,Avarias e/ou desgaste excessivo no pneu,Queda de ocupante de veículo,Com Vítimas Feridas,Pleno dia,Decrescente,Nublado,Dupla,Reta,Sim,0.0,0.0,2.0,2.0,0.0,0.0,1.0,2.0,SPRF-ES,DEL01-ES,UOP01-DEL01-ES,0,moderado
2025-06-16,18:00,2025-06-16 18:00:00,2025.0,6.0,segunda,18.0,noite,ES,SERRA,True,101.0,BR-101,269.4,-20.0488644,-40.3866806,Acumulo de óleo sobre o pavimento,Queda de ocupante de veículo,Com Vítimas Feridas,Plena Noite,Crescente,Céu Claro,Dupla,Reta,Não,0.0,1.0,0.0,1.0,0.0,0.0,1.0,1.0,SPRF-ES,DEL02-ES,UOP01-DEL02-ES,1,grave
2025-06-16,18:10,2025-06-16 18:10:00,2025.0,6.0,segunda,18.0,noite,ES,CARIACICA,True,101.0,BR-101,285.0,-20.253575,-40.373956,Pedestre cruzava a pista fora da faixa,Atropelamento de Pedestre,Com Vítimas Feridas,Plena Noite,Crescente,Céu Claro,Múltipla,Reta,Não,0.0,1.0,0.0,1.0,1.0,0.0,2.0,2.0,SPRF-ES,DEL01-ES,UOP01-DEL01-ES,1,grave
2025-06-16,18:30,2025-06-16 18:30:00,2025.0,6.0,segunda,18.0,noite,ES,SERRA,True,101.0,BR-101,270.0,-20.22378325,-40.2703618,Ausência de reação do condutor,Colisão lateral mesmo sentido,Com Vítimas Feridas,Plena Noite,Decrescente,Céu Claro,Dupla,Reta,Sim,0.0,2.0,0.0,2.0,1.0,0.0,2.0,3.0,SPRF-ES,DEL02-ES,UOP01-DEL02-ES,1,grave
2025-06-16,20:20,2025-06-16 20:20:00,2025.0,6.0,segunda,20.0,noite,ES,CARIACICA,True,101.0,BR-101,296.0,-20.34234973,-40.40584028,Animais na Pista,Atropelamento de Animal,Com Vítimas Feridas,Plena Noite,Crescente,Céu Claro,Dupla,Curva;Declive,Sim,0.0,0.0,1.0,1.0,0.0,0.0,1.0,1.0,SPRF-ES,DEL01-ES,UOP01-DEL01-ES,0,moderado
2025-05-07,08:10,2025-05-07 08:10:00,2025.0,5.0,quarta,8.0,manha,ES,CONCEICAO DA BARRA,False,101.0,BR-101,18.9,-18.324455,-39.95810956,Chuva,Tombamento,Com Vítimas Feridas,Pleno dia,Crescente,Chuva,Simples,Aclive;Reta,Não,0.0,1.0,0.0,1.0,0.0,0.0,1.0,1.0,SPRF-ES,DEL04-ES,UOP02-DEL04-ES,1,grave
2025-06-17,08:30,2025-06-17 08:30:00,2025.0,6.0,terca,8.0,manha,ES,CARIACICA,True,101.0,BR-101,289.8,-20.2856396,-40.39245266,Ausência de reação do condutor,Tombamento,Com Vítimas Feridas,Pleno dia,Decrescente,Céu Claro,Dupla,Reta,Sim,0.0,0.0,1.0,1.0,0.0,0.0,1.0,1.0,SPRF-ES,DEL01-ES,UOP01-DEL01-ES,0,moderado
2025-06-17,17:30,2025-06-17 17:30:00,2025.0,6.0,terca,17.0,tarde,ES,LINHARES,False,101.0,BR-101,135.8,-19.23258,-40.14583,Acessar a via sem observar a presença dos outros veículos,Colisão frontal,Com Vítimas Feridas,Anoitecer,Crescente,Céu Claro,Simples,Interseção de Vias,Sim,0.0,0.0,1.0,1.0,2.0,0.0,2.0,3.0,SPRF-ES,DEL04-ES,UOP01-DEL04-ES,0,moderado
2025-06-17,18:33,2025-06-17 18:33:00,2025.0,6.0,terca,18.0,noite,ES,LINHARES,False,101.0,BR-101,166.1,-19.52196492,-40.14682116,Transitar na contramão,Colisão frontal,Com Vítimas Feridas,Plena Noite,Decrescente,Céu Claro,Dupla,Reta,Sim,0.0,2.0,1.0,3.0,0.0,0.0,2.0,3.0,SPRF-ES,DEL04-ES,UOP01-DEL04-ES,1,grave
2025-06-17,19:10,2025-06-17 19:10:00,2025.0,6.0,terca,19.0,noite,ES,ICONHA,False,101.0,BR-101,3.7,-20.8095,-40.8016,Velocidade Incompatível,Tombamento,Com Vítimas Feridas,Plena Noite,Decrescente,Nublado,Dupla,Reta,Não,0.0,1.0,0.0,1.0,0.0,0.0,1.0,1.0,SPRF-ES,DEL03-ES,UOP02-DEL03-ES,1,grave
2025-06-18,06:30,2025-06-18 06:30:00,2025.0,6.0,quarta,6.0,manha,ES,SERRA,True,101.0,BR-101,268.0,-20.21091801,-40.26978493,Ausência de reação do condutor,Colisão traseira,Com Vítimas Feridas,Pleno dia,Crescente,Céu Claro,Múltipla,Reta,Sim,0.0,1.0,0.0,1.0,0.0,1.0,2.0,2.0,SPRF-ES,DEL02-ES,UOP01-DEL02-ES,1,grave
2025-06-18,13:30,2025-06-18 13:30:00,2025.0,6.0,quarta,13.0,tarde,ES,PINHEIROS,False,101.0,BR-101,29.5,-18.406237,-39.937727,Ausência de reação do condutor,Colisão traseira,Com Vítimas Feridas,Pleno dia,Crescente,Céu Claro,Simples,Declive;Reta,Não,0.0,3.0,1.0,4.0,0.0,0.0,1.0,4.0,SPRF-ES,DEL04-ES,UOP02-DEL04-ES,1,grave
2025-06-18,16:00,2025-06-18 16:00:00,2025.0,6.0,quarta,16.0,tarde,ES,SERRA,True,101.0,BR-101,239.9,-20.02819355,-40.39878845,Falta de elemento de contenção que evite a saída do leito carroçável,Capotamento,Sem Vítimas,Pleno dia,Decrescente,Céu Claro,Simples,Reta,Não,0.0,0.0,0.0,0.0,0.0,1.0,1.0,1.0,SPRF-ES,DEL02-ES,UOP01-DEL02-ES,0,baixo
2025-06-18,18:00,2025-06-18 18:00:00,2025.0,6.0,quarta,18.0,noite,ES,SERRA,True,101.0,BR-101,259.0,-20.13230003,-40.29399557,Ausência de reação do condutor,Tombamento,Com Vítimas Feridas,Plena Noite,Decrescente,Céu Claro,Simples,Reta,Não,0.0,0.0,1.0,1.0,0.0,0.0,1.0,1.0,SPRF-ES,DEL02-ES,UOP01-DEL02-ES,0,moderado
2025-06-18,22:40,2025-06-18 22:40:00,2025.0,6.0,quarta,22.0,noite,ES,SAO MATEUS,False,101.0,BR-101,69.0,-18.742992,-39.861523,Transitar na contramão,Colisão frontal,Com Vítimas Feridas,Plena Noite,Crescente,Céu Claro,Simples,Reta,Não,0.0,2.0,0.0,2.0,0.0,0.0,2.0,2.0,SPRF-ES,DEL04-ES,UOP02-DEL04-ES,1,grave
2025-06-19,08:25,2025-06-19 08:25:00,2025.0,6.0,quinta,8.0,manha,ES,CARIACICA,True,101.0,BR-101,292.0,-20.30675,-40.395132,Acessar a via sem observar a presença dos outros veículos,Colisão com objeto,Sem Vítimas,Pleno dia,Decrescente,Céu Claro,Simples,Reta,Sim,0.0,0.0,0.0,0.0,1.0,1.0,2.0,2.0,SPRF-ES,DEL01-ES,UOP01-DEL01-ES,0,baixo
2025-06-19,16:20,2025-06-19 16:20:00,2025.0,6.0,quinta,16.0,tarde,ES,VIANA,True,101.0,BR-101,299.9,-20.3571773,-40.43008447,Condutor desrespeitou a iluminação vermelha do semáforo,Colisão transversal,Com Vítimas Feridas,Pleno dia,Crescente,Céu Claro,Múltipla,Declive;Reta,Sim,0.0,0.0,3.0,3.0,1.0,0.0,2.0,4.0,SPRF-ES,DEL01-ES,UOP01-DEL01-ES,0,moderado
2025-06-19,18:40,2025-06-19 18:40:00,2025.0,6.0,quinta,18.0,noite,ES,COLATINA,False,259.0,BR-259,52.0,-19.5020411,-40.6241007,Reação tardia ou ineficiente do condutor,Atropelamento de Pedestre,Com Vítimas Feridas,Plena Noite,Crescente,Céu Claro,Simples,Aclive,Não,0.0,2.0,0.0,2.0,0.0,0.0,2.0,2.0,SPRF-ES,DEL02-ES,UOP01-DEL02-ES,1,grave
2025-06-20,08:30,2025-06-20 08:30:00,2025.0,6.0,sexta,8.0,manha,ES,CARIACICA,True,101.0,BR-101,288.3,-20.2728368,-40.39127214,Ausência de reação do condutor,Queda de ocupante de veículo,Com Vítimas Feridas,Pleno dia,Decrescente,Céu Claro,Dupla,Reta,Sim,0.0,0.0,1.0,1.0,0.0,0.0,1.0,1.0,SPRF-ES,DEL01-ES,UOP01-DEL01-ES,0,moderado
2025-06-20,10:25,2025-06-20 10:25:00,2025.0,6.0,sexta,10.0,manha,ES,ANCHIETA,False,101.0,BR-101,360.9,-20.71017809,-40.72118998,Ausência de reação do condutor,Colisão com objeto,Com Vítimas Feridas,Pleno dia,Crescente,Sol,Simples,Declive;Curva,Não,0.0,0.0,2.0,2.0,2.0,0.0,1.0,4.0,SPRF-ES,DEL03-ES,UOP01-DEL03-ES,0,moderado
2025-05-16,16:20,2025-05-16 16:20:00,2025.0,5.0,sexta,16.0,tarde,ES,BAIXO GUANDU,False,259.0,BR-259,100.5,-19.52214163,-41.01194054,Demais falhas mecânicas ou elétricas,Eventos atípicos,Com Vítimas Feridas,Pleno dia,Crescente,Céu Claro,Simples,Reta,Sim,0.0,0.0,1.0,1.0,1.0,0.0,2.0,2.0,SPRF-ES,DEL02-ES,UOP01-DEL02-ES,0,moderado
2025-06-20,13:20,2025-06-20 13:20:00,2025.0,6.0,sexta,13.0,tarde,ES,LINHARES,False,101.0,BR-101,146.0,-19.36897633,-40.06529117,Condutor deixou de manter distância do veículo da frente,Colisão lateral mesmo sentido,Com Vítimas Feridas,Pleno dia,Decrescente,Céu Claro,Dupla,Reta,Sim,0.0,0.0,2.0,2.0,1.0,0.0,2.0,3.0,SPRF-ES,DEL04-ES,UOP01-DEL04-ES,0,moderado
2025-06-20,15:36,2025-06-20 15:36:00,2025.0,6.0,sexta,15.0,tarde,ES,ICONHA,False,101.0,BR-101,380.7,-20.80987854,-40.83665371,Transitar na contramão,Colisão frontal,Com Vítimas Fatais,Pleno dia,Decrescente,Céu Claro,Simples,Curva,Não,1.0,2.0,0.0,2.0,0.0,3.0,3.0,6.0,SPRF-ES,DEL03-ES,UOP01-DEL03-ES,1,fatal
2025-06-20,17:10,2025-06-20 17:10:00,2025.0,6.0,sexta,17.0,tarde,ES,VIANA,True,101.0,BR-101,300.1,-20.35945765,-40.43340984,Reação tardia ou ineficiente do condutor,Colisão traseira,Com Vítimas Feridas,Anoitecer,Crescente,Céu Claro,Múltipla,Declive;Interseção de Vias,Sim,0.0,1.0,0.0,1.0,2.0,0.0,2.0,3.0,SPRF-ES,DEL01-ES,UOP01-DEL01-ES,1,grave
2025-06-20,18:50,2025-06-20 18:50:00,2025.0,6.0,sexta,18.0,noite,ES,DOMINGOS MARTINS,False,262.0,BR-262,93.0,-20.375707,-41.055392,Ausência de reação do condutor,Colisão traseira,Com Vítimas Feridas,Plena Noite,Crescente,Céu Claro,Simples,Reta,Não,0.0,0.0,1.0,1.0,3.0,0.0,3.0,4.0,SPRF-ES,DEL01-ES,UOP02-DEL01-ES,0,moderado
2025-06-20,18:50,2025-06-20 18:50:00,2025.0,6.0,sexta,18.0,noite,ES,CONCEICAO DA BARRA,False,101.0,BR-101,33.0,-18.4439812,-39.93219882,Ausência de reação do condutor,Atropelamento de Pedestre,Com Vítimas Feridas,Plena Noite,Decrescente,Céu Claro,Simples,Reta,Não,0.0,0.0,1.0,1.0,0.0,1.0,2.0,2.0,SPRF-ES,DEL04-ES,UOP02-DEL04-ES,0,moderado
2025-06-20,20:30,2025-06-20 20:30:00,2025.0,6.0,sexta,20.0,noite,ES,LINHARES,False,101.0,BR-101,122.1,-19.16110319,-40.08360528,Ausência de reação do condutor,Colisão traseira,Com Vítimas Fatais,Plena Noite,Crescente,Nevoeiro/Neblina,Simples,Reta,Não,1.0,0.0,0.0,0.0,1.0,0.0,2.0,2.0,SPRF-ES,DEL04-ES,UOP01-DEL04-ES,1,fatal
2025-06-21,13:30,2025-06-21 13:30:00,2025.0,6.0,sabado,13.0,tarde,ES,SAO MATEUS,False,101.0,BR-101,73.0,-18.77893478,-39.87439983,Conversão proibida,Colisão lateral mesmo sentido,Com Vítimas Feridas,Pleno dia,Crescente,Céu Claro,Simples,Reta,Não,0.0,0.0,1.0,1.0,1.0,0.0,2.0,2.0,SPRF-ES,DEL04-ES,UOP02-DEL04-ES,0,moderado
2025-06-21,13:00,2025-06-21 13:00:00,2025.0,6.0,sabado,13.0,tarde,ES,VENDA NOVA DO IMIGRANTE,False,262.0,BR-262,105.0,-20.32705034,-41.13323855,Acessar a via sem observar a presença dos outros veículos,Colisão lateral mesmo sentido,Com Vítimas Feridas,Pleno dia,Crescente,Sol,Simples,Reta,Sim,0.0,0.0,1.0,1.0,0.0,1.0,2.0,2.0,SPRF-ES,DEL01-ES,UOP02-DEL01-ES,0,moderado
2025-06-21,16:18,2025-06-21 16:18:00,2025.0,6.0,sabado,16.0,tarde,ES,CARIACICA,True,101.0,BR-101,282.4,-20.2304138,-40.3672913,Manobra de mudança de faixa,Queda de ocupante de veículo,Com Vítimas Feridas,Pleno dia,Crescente,Céu Claro,Dupla,Reta,Sim,0.0,0.0,1.0,1.0,1.0,0.0,2.0,2.0,SPRF-ES,DEL01-ES,UOP01-DEL01-ES,0,moderado
2025-06-09,08:00,2025-06-09 08:00:00,2025.0,6.0,segunda,8.0,manha,ES,SERRA,True,101.0,BR-101,276.9,-20.2128425,-40.3208445,Carga excessiva e/ou mal acondicionada,Derramamento de carga,Com Vítimas Feridas,Pleno dia,Decrescente,Sol,Dupla,Reta,Sim,0.0,0.0,1.0,1.0,1.0,1.0,3.0,3.0,SPRF-ES,DEL02-ES,UOP01-DEL02-ES,0,moderado
2025-06-21,19:00,2025-06-21 19:00:00,2025.0,6.0,sabado,19.0,noite,ES,VENDA NOVA DO IMIGRANTE,False,262.0,BR-262,112.0,-20.32997655,-41.20495168,Demais falhas mecânicas ou elétricas,Incêndio,Sem Vítimas,Plena Noite,Crescente,Céu Claro,Simples,Curva,Não,0.0,0.0,0.0,0.0,0.0,1.0,1.0,1.0,SPRF-ES,DEL01-ES,UOP02-DEL01-ES,0,baixo
2025-06-21,19:22,2025-06-21 19:22:00,2025.0,6.0,sabado,19.0,noite,ES,IBIRACU,False,101.0,BR-101,223.0,-19.879549,-40.417088,Transitar na contramão,Colisão lateral sentido oposto,Com Vítimas Feridas,Plena Noite,Crescente,Céu Claro,Simples,Curva,Não,0.0,1.0,0.0,1.0,1.0,0.0,2.0,2.0,SPRF-ES,DEL02-ES,UOP01-DEL02-ES,1,grave
2025-06-22,06:00,2025-06-22 06:00:00,2025.0,6.0,domingo,6.0,manha,ES,SERRA,True,101.0,BR-101,280.5,-20.04888867,-40.38648021,Demais falhas mecânicas ou elétricas,Queda de ocupante de veículo,Com Vítimas Feridas,Amanhecer,Decrescente,Nublado,Dupla,Reta,Não,0.0,0.0,1.0,1.0,0.0,0.0,1.0,1.0,SPRF-ES,DEL02-ES,UOP01-DEL02-ES,0,moderado
2025-06-22,13:30,2025-06-22 13:30:00,2025.0,6.0,domingo,13.0,tarde,ES,GUARAPARI,True,101.0,BR-101,335.6,-20.62791666,-40.53403166,Reação tardia ou ineficiente do condutor,Colisão transversal,Com Vítimas Feridas,Pleno dia,Crescente,Céu Claro,Dupla,Curva,Não,0.0,0.0,1.0,1.0,2.0,0.0,2.0,3.0,SPRF-ES,DEL03-ES,UOP01-DEL03-ES,0,moderado