data,hora,data_hora,ano,mes,dia_semana,hora_dia,periodo_dia,uf,municipio,regiao_grande_vitoria,rodovia,rodovia_label,km,latitude,longitude,causa,tipo_acidente,classificacao,fase_dia,sentido_via,condicao_metereologica,tipo_pista,tracado_via,uso_solo,mortos,feridos_graves,feridos_leves,feridos,ilesos,ignorados,veiculos,pessoas,regional,delegacia,uop,risco_alto,nivel_risco
2025-06-22,14:30,2025-06-22 14:30:00,2025.0,6.0,domingo,14.0,tarde,ES,VIANA,True,101.0,BR-101,301.0,-20.36924731,-40.44430939,Velocidade Incompatível,Capotamento,Com Vítimas Feridas,Pleno dia,Crescente,Céu Claro,Simples,Declive;Curva,Não,0.0,0.0,1.0,1.0,1.0,0.0,1.0,2.0,SPRF-ES,DEL01-ES,UOP01-DEL01-ES,0,moderado
2025-06-22,17:55,2025-06-22 17:55:00,2025.0,6.0,domingo,17.0,tarde,ES,SERRA,True,101.0,BR-101,240.6,-20.03132299,-40.39736941,Entrada inopinada do pedestre,Atropelamento de Pedestre,Com Vítimas Fatais,Anoitecer,Crescente,Céu Claro,Dupla,Reta,Não,1.0,0.0,0.0,0.0,1.0,0.0,2.0,2.0,SPRF-ES,DEL02-ES,UOP01-DEL02-ES,1,fatal
2025-06-22,18:00,2025-06-22 18:00:00,2025.0,6.0,domingo,18.0,noite,ES,SAO MATEUS,False,101.0,BR-101,89.5,-18.894675,-39.954436,Pedestre cruzava a pista fora da faixa,Atropelamento de Pedestre,Com Vítimas Feridas,Plena Noite,Crescente,Céu Claro,Simples,Reta,Não,0.0,1.0,1.0,2.0,0.0,0.0,2.0,2.0,SPRF-ES,DEL04-ES,UOP02-DEL04-ES,1,grave
2025-06-23,02:50,2025-06-23 02:50:00,2025.0,6.0,segunda,2.0,madrugada,ES,CONCEICAO DA BARRA,False,101.0,BR-101,42.0,-18.52550417,-39.91081651,Ausência de reação do condutor,Colisão traseira,Com Vítimas Feridas,Plena Noite,Crescente,Céu Claro,Simples,Reta,Não,0.0,0.0,1.0,1.0,2.0,0.0,2.0,3.0,SPRF-ES,DEL04-ES,UOP02-DEL04-ES,0,moderado
2025-06-23,08:34,2025-06-23 08:34:00,2025.0,6.0,segunda,8.0,manha,ES,CARIACICA,True,101.0,BR-101,284.6,-20.24802,-40.370447,Afundamento ou ondulação no pavimento,Tombamento,Com Vítimas Feridas,Pleno dia,Decrescente,Céu Claro,Simples,Declive,Sim,0.0,1.0,1.0,2.0,0.0,0.0,1.0,2.0,SPRF-ES,DEL01-ES,UOP01-DEL01-ES,1,grave
2025-06-23,13:00,2025-06-23 13:00:00,2025.0,6.0,segunda,13.0,tarde,ES,SERRA,True,101.0,BR-101,257.6,-20.12782145,-40.29941549,Acessar a via sem observar a presença dos outros veículos,Colisão transversal,Com Vítimas Feridas,Pleno dia,Decrescente,Sol,Dupla,Rotatória,Sim,0.0,1.0,0.0,1.0,1.0,0.0,2.0,2.0,SPRF-ES,DEL02-ES,UOP01-DEL02-ES,1,grave
2025-06-23,14:40,2025-06-23 14:40:00,2025.0,6.0,segunda,14.0,tarde,ES,SERRA,True,101.0,BR-101,256.9,-20.12534476,-40.30265808,Velocidade Incompatível,Colisão lateral mesmo sentido,Com Vítimas Feridas,Pleno dia,Crescente,Céu Claro,Múltipla,Reta;Declive,Sim,0.0,0.0,2.0,2.0,2.0,0.0,2.0,4.0,SPRF-ES,DEL02-ES,UOP01-DEL02-ES,0,moderado
2025-06-23,17:15,2025-06-23 17:15:00,2025.0,6.0,segunda,17.0,tarde,ES,SERRA,True,101.0,BR-101,270.6,-20.230926,-40.27346,Acessar a via sem observar a presença dos outros veículos,Colisão transversal,Com Vítimas Feridas,Anoitecer,Crescente,Céu Claro,Múltipla,Reta,Sim,0.0,0.0,1.0,1.0,1.0,0.0,2.0,2.0,SPRF-ES,DEL02-ES,UOP01-DEL02-ES,0,moderado
2025-06-23,21:10,2025-06-23 21:10:00,2025.0,6.0,segunda,21.0,noite,ES,SERRA,True,101.0,BR-101,270.2,-20.23091223,-40.2733469,Condutor desrespeitou a iluminação vermelha do semáforo,Colisão transversal,Com Vítimas Feridas,Plena Noite,Crescente,Céu Claro,Múltipla,Reta,Não,0.0,0.0,1.0,1.0,1.0,0.0,2.0,2.0,SPRF-ES,DEL02-ES,UOP01-DEL02-ES,0,moderado
2025-06-23,21:05,2025-06-23 21:05:00,2025.0,6.0,segunda,21.0,noite,ES,LINHARES,False,101.0,BR-101,161.7,-19.48624173,-40.12292258,Ultrapassagem Indevida,Colisão frontal,Com Vítimas Feridas,Plena Noite,Crescente,Céu Claro,Simples,Curva,Não,0.0,0.0,7.0,7.0,1.0,0.0,2.0,8.0,SPRF-ES,DEL04-ES,UOP01-DEL04-ES,0,moderado
2025-03-21,06:30,2025-03-21 06:30:00,2025.0,3.0,sexta,6.0,manha,ES,COLATINA,False,259.0,BR-259,52.0,-19.52315515,-40.70842624,Ausência de reação do condutor,Colisão lateral mesmo sentido,Com Vítimas Feridas,Pleno dia,Crescente,Céu Claro,Simples,Reta,Não,0.0,0.0,1.0,1.0,1.0,0.0,2.0,2.0,SPRF-ES,DEL02-ES,UOP01-DEL02-ES,0,moderado
2025-06-24,14:10,2025-06-24 14:10:00,2025.0,6.0,terca,14.0,tarde,ES,SOORETAMA,False,101.0,BR-101,125.0,-19.19293167,-40.09523667,Reação tardia ou ineficiente do condutor,Colisão lateral mesmo sentido,Com Vítimas Feridas,Pleno dia,Crescente,Céu Claro,Múltipla,Reta,Não,0.0,1.0,0.0,1.0,1.0,0.0,2.0,2.0,SPRF-ES,DEL04-ES,UOP01-DEL04-ES,1,grave
2025-06-24,14:50,2025-06-24 14:50:00,2025.0,6.0,terca,14.0,tarde,ES,CARIACICA,True,101.0,BR-101,295.0,-20.3318546,-40.3999901,Ausência de reação do condutor,Colisão lateral mesmo sentido,Com Vítimas Feridas,Pleno dia,Crescente,Sol,Dupla,Em Obras,Não,0.0,0.0,1.0,1.0,1.0,0.0,2.0,2.0,SPRF-ES,DEL01-ES,UOP01-DEL01-ES,0,moderado
2025-06-24,16:30,2025-06-24 16:30:00,2025.0,6.0,terca,16.0,tarde,ES,IBIRACU,False,101.0,BR-101,224.0,-19.8872865,-40.4145109,Ausência de reação do condutor,Tombamento,Com Vítimas Feridas,Pleno dia,Decrescente,Céu Claro,Simples,Reta,Não,0.0,2.0,0.0,2.0,0.0,1.0,2.0,3.0,SPRF-ES,DEL02-ES,UOP01-DEL02-ES,1,grave
2025-06-25,06:50,2025-06-25 06:50:00,2025.0,6.0,quarta,6.0,manha,ES,SERRA,True,101.0,BR-101,262.7,-20.16054717,-40.27570583,Condutor deixou de manter distância do veículo da frente,Colisão traseira,Com Vítimas Feridas,Pleno dia,Decrescente,Céu Claro,Dupla,Reta,Não,0.0,0.0,2.0,2.0,0.0,1.0,3.0,3.0,SPRF-ES,DEL02-ES,UOP01-DEL02-ES,0,moderado
2025-06-25,08:00,2025-06-25 08:00:00,2025.0,6.0,quarta,8.0,manha,ES,MARECHAL FLORIANO,False,262.0,BR-262,46.6,-20.39964746,-40.67215769,Conversão proibida,Colisão lateral mesmo sentido,Com Vítimas Feridas,Pleno dia,Decrescente,Céu Claro,Simples,Reta,Sim,0.0,0.0,1.0,1.0,2.0,0.0,2.0,3.0,SPRF-ES,DEL01-ES,UOP01-DEL01-ES,0,moderado
2025-06-25,10:00,2025-06-25 10:00:00,2025.0,6.0,quarta,10.0,manha,ES,SERRA,True,101.0,BR-101,269.3,-20.2205119,-40.2704562,Manobra de mudança de faixa,Colisão lateral mesmo sentido,Com Vítimas Feridas,Pleno dia,Crescente,Nublado,Múltipla,Reta,Sim,0.0,0.0,1.0,1.0,1.0,0.0,2.0,2.0,SPRF-ES,DEL02-ES,UOP01-DEL02-ES,0,moderado
2025-06-25,17:55,2025-06-25 17:55:00,2025.0,6.0,quarta,17.0,tarde,ES,CARIACICA,True,101.0,BR-101,283.1,-20.23517757,-40.36965815,Manobra de mudança de faixa,Colisão lateral mesmo sentido,Com Vítimas Feridas,Anoitecer,Crescente,Nublado,Dupla,Reta,Sim,0.0,0.0,1.0,1.0,1.0,1.0,3.0,3.0,SPRF-ES,DEL01-ES,UOP01-DEL01-ES,0,moderado
2025-06-25,22:00,2025-06-25 22:00:00,2025.0,6.0,quarta,22.0,noite,ES,SERRA,True,101.0,BR-101,17.9,-20.215975,-40.334882,Condutor deixou de manter distância do veículo da frente,Colisão traseira,Com Vítimas Feridas,Plena Noite,Crescente,Céu Claro,Dupla,Reta,Não,0.0,0.0,1.0,1.0,1.0,1.0,2.0,3.0,SPRF-ES,DEL02-ES,UOP01-DEL02-ES,0,moderado
2025-06-26,07:06,2025-06-26 07:06:00,2025.0,6.0,quinta,7.0,manha,ES,GUARAPARI,True,101.0,BR-101,335.0,-20.62744994,-40.52738118,Acumulo de areia ou detritos sobre o pavimento,Queda de ocupante de veículo,Com Vítimas Feridas,Pleno dia,Decrescente,Céu Claro,Simples,Curva,Sim,0.0,0.0,1.0,1.0,0.0,0.0,1.0,1.0,SPRF-ES,DEL03-ES,UOP01-DEL03-ES,0,moderado
2025-06-26,13:15,2025-06-26 13:15:00,2025.0,6.0,quinta,13.0,tarde,ES,SERRA,True,101.0,BR-101,281.0,-20.21891645,-40.35015663,Demais falhas mecânicas ou elétricas,Tombamento,Com Vítimas Feridas,Pleno dia,Crescente,Céu Claro,Simples,Reta,Não,0.0,0.0,2.0,2.0,0.0,0.0,1.0,2.0,SPRF-ES,DEL02-ES,UOP01-DEL02-ES,0,moderado
2025-06-26,12:26,2025-06-26 12:26:00,2025.0,6.0,quinta,12.0,tarde,ES,CACHOEIRO DE ITAPEMIRIM,False,393.0,BR-393,2.0,-20.83260344,-41.17567884,Ausência de reação do condutor,Colisão traseira,Com Vítimas Feridas,Pleno dia,Decrescente,Céu Claro,Simples,Reta,Sim,0.0,0.0,1.0,1.0,0.0,2.0,2.0,3.0,SPRF-ES,DEL03-ES,UOP02-DEL03-ES,0,moderado
2025-06-26,15:00,2025-06-26 15:00:00,2025.0,6.0,quinta,15.0,tarde,ES,SERRA,True,101.0,BR-101,14.9,-20.210955,-40.334542,Reação tardia ou ineficiente do condutor,Colisão traseira,Com Vítimas Feridas,Pleno dia,Crescente,Céu Claro,Dupla,Reta,Não,0.0,1.0,1.0,2.0,1.0,0.0,3.0,3.0,SPRF-ES,DEL02-ES,UOP01-DEL02-ES,1,grave
2025-06-26,17:45,2025-06-26 17:45:00,2025.0,6.0,quinta,17.0,tarde,ES,VIANA,True,101.0,BR-101,301.0,-20.3610942,-40.4361423,Pedestre andava na pista,Atropelamento de Pedestre,Com Vítimas Feridas,Plena Noite,Decrescente,Céu Claro,Dupla,Reta,Sim,0.0,0.0,1.0,1.0,1.0,0.0,2.0,2.0,SPRF-ES,DEL01-ES,UOP01-DEL01-ES,0,moderado
2025-06-26,18:11,2025-06-26 18:11:00,2025.0,6.0,quinta,18.0,noite,ES,LINHARES,False,101.0,BR-101,146.0,-19.38251089,-40.0667979,Ausência de reação do condutor,Atropelamento de Pedestre,Com Vítimas Feridas,Amanhecer,Crescente,Céu Claro,Múltipla,Reta,Não,0.0,2.0,0.0,2.0,0.0,0.0,2.0,2.0,SPRF-ES,DEL04-ES,UOP01-DEL04-ES,1,grave
2025-06-26,18:00,2025-06-26 18:00:00,2025.0,6.0,quinta,18.0,noite,ES,VIANA,True,101.0,BR-101,298.0,-20.3547459,-40.4168813,Objeto estático sobre o leito carroçável,Colisão com objeto,Com Vítimas Feridas,Pleno dia,Crescente,Céu Claro,Dupla,Reta;Viaduto,Sim,0.0,0.0,1.0,1.0,0.0,0.0,1.0,1.0,SPRF-ES,DEL01-ES,UOP01-DEL01-ES,0,moderado
2025-06-26,19:34,2025-06-26 19:34:00,2025.0,6.0,quinta,19.0,noite,ES,SERRA,True,101.0,BR-101,271.5,-20.22702858,-40.28503696,Condutor desrespeitou a iluminação vermelha do semáforo,Colisão transversal,Com Vítimas Feridas,Plena Noite,Crescente,Céu Claro,Simples,Reta,Não,0.0,1.0,0.0,1.0,1.0,0.0,2.0,2.0,SPRF-ES,DEL02-ES,UOP01-DEL02-ES,1,grave
2025-06-26,21:00,2025-06-26 21:00:00,2025.0,6.0,quinta,21.0,noite,ES,SERRA,True,101.0,BR-101,262.2,-20.160828,-40.27547,Reação tardia ou ineficiente do condutor,Colisão transversal,Com Vítimas Feridas,Plena Noite,Crescente,Céu Claro,Dupla,Reta,Não,0.0,0.0,1.0,1.0,4.0,0.0,2.0,5.0,SPRF-ES,DEL02-ES,UOP01-DEL02-ES,0,moderado
2025-06-27,05:50,2025-06-27 05:50:00,2025.0,6.0,sexta,5.0,madrugada,ES,VIANA,True,101.0,BR-101,298.0,-20.3554354,-40.4168915,Animais na Pista,Atropelamento de Animal,Com Vítimas Feridas,Amanhecer,Decrescente,Nublado,Simples,Reta,Sim,0.0,2.0,0.0,2.0,0.0,0.0,1.0,2.0,SPRF-ES,DEL01-ES,UOP01-DEL01-ES,1,grave
2025-06-27,05:30,2025-06-27 05:30:00,2025.0,6.0,sexta,5.0,madrugada,ES,BREJETUBA,False,262.0,BR-262,136.6,-20.234757,-41.340208,Reação tardia ou ineficiente do condutor,Saída de leito carroçável,Com Vítimas Feridas,Amanhecer,Decrescente,Nublado,Simples,Curva,Não,0.0,0.0,1.0,1.0,0.0,1.0,2.0,2.0,SPRF-ES,DEL01-ES,UOP02-DEL01-ES,0,moderado
2025-06-27,07:55,2025-06-27 07:55:00,2025.0,6.0,sexta,7.0,manha,ES,VENDA NOVA DO IMIGRANTE,False,262.0,BR-262,113.0,-20.331795,-41.204607,Reação tardia ou ineficiente do condutor,Colisão com objeto,Com Vítimas Feridas,Pleno dia,Decrescente,Céu Claro,Simples,Declive;Curva,Não,0.0,0.0,1.0,1.0,0.0,0.0,1.0,1.0,SPRF-ES,DEL01-ES,UOP02-DEL01-ES,0,moderado
2025-06-27,10:00,2025-06-27 10:00:00,2025.0,6.0,sexta,10.0,manha,ES,SAO MATEUS,False,101.0,BR-101,61.0,-18.682215,-39.863374,Condutor deixou de manter distância do veículo da frente,Colisão traseira,Com Vítimas Feridas,Pleno dia,Crescente,Céu Claro,Simples,Reta;Interseção de Vias,Sim,0.0,0.0,1.0,1.0,2.0,0.0,2.0,3.0,SPRF-ES,DEL04-ES,UOP02-DEL04-ES,0,moderado
2025-05-30,12:10,2025-05-30 12:10:00,2025.0,5.0,sexta,12.0,tarde,ES,LINHARES,False,101.0,BR-101,145.2,-19.36208944,-40.06487435,Ausência de reação do condutor,Colisão traseira,Com Vítimas Feridas,Pleno dia,Crescente,Céu Claro,Dupla,Reta,Não,0.0,0.0,1.0,1.0,0.0,1.0,2.0,2.0,SPRF-ES,DEL04-ES,UOP01-DEL04-ES,0,moderado
2025-06-27,19:50,2025-06-27 19:50:00,2025.0,6.0,sexta,19.0,noite,ES,IBIRACU,False,101.0,BR-101,212.8,-19.8223709,-40.369911,Transitar na contramão,Colisão frontal,Com Vítimas Feridas,Plena Noite,Decrescente,Céu Claro,Simples,Reta,Sim,0.0,1.0,0.0,1.0,1.0,0.0,2.0,2.0,SPRF-ES,DEL02-ES,UOP01-DEL02-ES,1,grave
2025-06-27,19:40,2025-06-27 19:40:00,2025.0,6.0,sexta,19.0,noite,ES,ANCHIETA,False,101.0,BR-101,353.5,-20.681867,-40.667871,Entrada inopinada do pedestre,Atropelamento de Pedestre,Com Vítimas Fatais,Plena Noite,Decrescente,Céu Claro,Dupla,Reta,Não,1.0,0.0,0.0,0.0,5.0,0.0,2.0,6.0,SPRF-ES,DEL03-ES,UOP01-DEL03-ES,1,fatal
2025-06-28,06:00,2025-06-28 06:00:00,2025.0,6.0,sabado,6.0,manha,ES,SERRA,True,101.0,BR-101,267.0,-20.2050693,-40.26933342,Manobra de mudança de faixa,Colisão lateral mesmo sentido,Com Vítimas Feridas,Pleno dia,Crescente,Sol,Múltipla,Reta,Sim,0.0,0.0,2.0,2.0,0.0,1.0,2.0,3.0,SPRF-ES,DEL02-ES,UOP01-DEL02-ES,0,moderado
2025-06-28,11:56,2025-06-28 11:56:00,2025.0,6.0,sabado,11.0,manha,ES,SERRA,True,101.0,BR-101,266.0,-20.1932524,-40.2682186,Ausência de reação do condutor,Queda de ocupante de veículo,Com Vítimas Feridas,Pleno dia,Crescente,Sol,Dupla,Reta,Sim,0.0,1.0,0.0,1.0,0.0,0.0,1.0,1.0,SPRF-ES,DEL02-ES,UOP01-DEL02-ES,1,grave
2025-06-28,12:55,2025-06-28 12:55:00,2025.0,6.0,sabado,12.0,tarde,ES,ARACRUZ,False,101.0,BR-101,194.8,-19.70190532,-40.32074557,Reação tardia ou ineficiente do condutor,Tombamento,Com Vítimas Feridas,Pleno dia,Crescente,Céu Claro,Simples,Reta,Não,0.0,1.0,0.0,1.0,0.0,1.0,1.0,2.0,SPRF-ES,DEL04-ES,UOP01-DEL04-ES,1,grave
2025-06-28,19:07,2025-06-28 19:07:00,2025.0,6.0,sabado,19.0,noite,ES,SERRA,True,101.0,BR-101,256.0,-20.0488693,-40.3866778,Acessar a via sem observar a presença dos outros veículos,Atropelamento de Pedestre,Com Vítimas Feridas,Plena Noite,Crescente,Céu Claro,Simples,Reta,Sim,0.0,0.0,2.0,2.0,1.0,0.0,2.0,3.0,SPRF-ES,DEL02-ES,UOP01-DEL02-ES,0,moderado
2025-06-28,19:20,2025-06-28 19:20:00,2025.0,6.0,sabado,19.0,noite,ES,SERRA,True,101.0,BR-101,262.0,-20.160472,-40.275685,Acessar a via sem observar a presença dos outros veículos,Colisão traseira,Sem Vítimas,Plena Noite,Decrescente,Céu Claro,Dupla,Reta,Não,0.0,0.0,0.0,0.0,2.0,0.0,2.0,2.0,SPRF-ES,DEL02-ES,UOP01-DEL02-ES,0,baixo
2025-06-28,22:00,2025-06-28 22:00:00,2025.0,6.0,sabado,22.0,noite,ES,SAO MATEUS,False,101.0,BR-101,62.0,-18.69209541,-39.86270841,Ingestão de álcool pelo condutor,Colisão lateral mesmo sentido,Com Vítimas Feridas,Plena Noite,Crescente,Nublado,Dupla,Reta;Aclive,Não,0.0,0.0,2.0,2.0,0.0,0.0,2.0,2.0,SPRF-ES,DEL04-ES,UOP02-DEL04-ES,0,moderado
2025-06-29,00:10,2025-06-29 00:10:00,2025.0,6.0,domingo,0.0,madrugada,ES,SERRA,True,101.0,BR-101,258.5,-20.13689998,-40.29217511,Condutor deixou de manter distância do veículo da frente,Colisão traseira,Com Vítimas Feridas,Plena Noite,Decrescente,Céu Claro,Dupla,Reta,Sim,0.0,0.0,2.0,2.0,0.0,1.0,2.0,3.0,SPRF-ES,DEL02-ES,UOP01-DEL02-ES,0,moderado
2025-06-29,04:38,2025-06-29 04:38:00,2025.0,6.0,domingo,4.0,madrugada,ES,FUNDAO,True,101.0,BR-101,233.0,-19.96177,-40.40434,Condutor deixou de manter distância do veículo da frente,Colisão traseira,Com Vítimas Feridas,Plena Noite,Decrescente,Nublado,Simples,Reta,Não,0.0,0.0,2.0,2.0,0.0,2.0,2.0,4.0,SPRF-ES,DEL02-ES,UOP01-DEL02-ES,0,moderado
2025-06-29,09:30,2025-06-29 09:30:00,2025.0,6.0,domingo,9.0,manha,ES,SERRA,True,101.0,BR-101,266.1,-20.2244,-40.273,Condutor desrespeitou a iluminação vermelha do semáforo,Colisão transversal,Com Vítimas Feridas,Pleno dia,Crescente,Sol,Dupla,Retorno Regulamentado,Sim,0.0,0.0,1.0,1.0,2.0,0.0,2.0,3.0,SPRF-ES,DEL02-ES,UOP01-DEL02-ES,0,moderado
2025-06-29,14:35,2025-06-29 14:35:00,2025.0,6.0,domingo,14.0,tarde,ES,CARIACICA,True,101.0,BR-101,292.0,-20.306112,-40.395107,Ingestão de álcool pelo condutor,Colisão traseira,Com Vítimas Feridas,Pleno dia,Crescente,Sol,Dupla,Declive;Reta,Sim,0.0,0.0,1.0,1.0,1.0,0.0,2.0,2.0,SPRF-ES,DEL01-ES,UOP01-DEL01-ES,0,moderado
2025-06-29,14:30,2025-06-29 14:30:00,2025.0,6.0,domingo,14.0,tarde,ES,SAO MATEUS,False,101.0,BR-101,77.9,-18.806228,-39.895135,Acessar a via sem observar a presença dos outros veículos,Colisão lateral sentido oposto,Com Vítimas Feridas,Pleno dia,Decrescente,Céu Claro,Simples,Reta,Não,0.0,1.0,1.0,2.0,2.0,0.0,2.0,4.0,SPRF-ES,DEL04-ES,UOP02-DEL04-ES,1,grave
2025-06-29,17:00,2025-06-29 17:00:00,2025.0,6.0,domingo,17.0,tarde,ES,SERRA,True,101.0,BR-101,266.0,-20.19649061,-40.26859313,Ausência de reação do condutor,Colisão traseira,Com Vítimas Feridas,Pleno dia,Decrescente,Céu Claro,Múltipla,Reta,Não,0.0,0.0,1.0,1.0,1.0,0.0,2.0,2.0,SPRF-ES,DEL02-ES,UOP01-DEL02-ES,0,moderado
2025-06-29,18:55,2025-06-29 18:55:00,2025.0,6.0,domingo,18.0,noite,ES,SERRA,True,101.0,BR-101,264.9,-20.1822104,-40.2656856,Condutor desrespeitou a iluminação vermelha do semáforo,Atropelamento de Pedestre,Com Vítimas Feridas,Plena Noite,Crescente,Céu Claro,Múltipla,Reta,Sim,0.0,0.0,1.0,1.0,1.0,0.0,2.0,2.0,SPRF-ES,DEL02-ES,UOP01-DEL02-ES,0,moderado
2025-06-29,19:00,2025-06-29 19:00:00,2025.0,6.0,domingo,19.0,noite,ES,SERRA,True,101.0,BR-101,267.9,-20.205374,-40.269542,Ausência de reação do condutor,Colisão traseira,Com Vítimas Feridas,Plena Noite,Crescente,Céu Claro,Dupla,Reta,Não,0.0,0.0,1.0,1.0,0.0,1.0,2.0,2.0,SPRF-ES,DEL02-ES,UOP01-DEL02-ES,0,moderado
2025-06-29,18:00,2025-06-29 18:00:00,2025.0,6.0,domingo,18.0,noite,ES,VIANA,True,101.0,BR-101,305.7,-20.39097441,-40.46310425,Ausência de reação do condutor,Atropelamento de Pedestre,Com Vítimas Feridas,Plena Noite,Decrescente,Céu Claro,Dupla,Reta,Não,0.0,1.0,0.0,1.0,0.0,1.0,2.0,2.0,SPRF-ES,DEL01-ES,UOP01-DEL01-ES,1,grave
2025-06-29,20:10,2025-06-29 20:10:00,2025.0,6.0,domingo,20.0,noite,ES,SERRA,True,101.0,BR-101,269.1,-20.04887489,-40.38651095,Ausência de reação do condutor,Colisão traseira,Com Vítimas Feridas,Plena Noite,Crescente,Céu Claro,Dupla,Interseção de Vias,Sim,0.0,0.0,1.0,1.0,1.0,0.0,2.0,2.0,SPRF-ES,DEL02-ES,UOP01-DEL02-ES,0,moderado
2025-06-30,06:30,2025-06-30 06:30:00,2025.0,6.0,segunda,6.0,manha,ES,IBIRACU,False,101.0,BR-101,214.0,-19.82988037,-40.37313491,Acessar a via sem observar a presença dos outros veículos,Colisão transversal,Com Vítimas Feridas,Pleno dia,Decrescente,Sol,Simples,Interseção de Vias;Retorno Regulamentado,Sim,0.0,0.0,2.0,2.0,0.0,0.0,2.0,2.0,SPRF-ES,DEL02-ES,UOP01-DEL02-ES,0,moderado
2025-06-30,06:48,2025-06-30 06:48:00,2025.0,6.0,segunda,6.0,manha,ES,COLATINA,False,259.0,BR-259,58.4,-19.52172911,-40.66671904,Demais Fenômenos da natureza,Colisão traseira,Com Vítimas Feridas,Pleno dia,Decrescente,Sol,Simples,Aclive;Reta,Sim,0.0,2.0,2.0,4.0,0.0,0.0,2.0,4.0,SPRF-ES,DEL02-ES,UOP01-DEL02-ES,1,grave
2025-06-30,06:50,2025-06-30 06:50:00,2025.0,6.0,segunda,6.0,manha,ES,COLATINA,False,259.0,BR-259,57.7,-19.53139959,-40.68211555,Condutor deixou de manter distância do veículo da frente,Colisão traseira,Com Vítimas Feridas,Pleno dia,Decrescente,Céu Claro,Simples,Reta,Sim,0.0,0.0,3.0,3.0,1.0,0.0,2.0,4.0,SPRF-ES,DEL02-ES,UOP01-DEL02-ES,0,moderado
2025-06-30,07:47,2025-06-30 07:47:00,2025.0,6.0,segunda,7.0,manha,ES,SERRA,True,101.0,BR-101,262.0,-20.15941505,-40.27609197,Condutor desrespeitou a iluminação vermelha do semáforo,Colisão transversal,Com Vítimas Feridas,Pleno dia,Crescente,Céu Claro,Dupla,Reta;Retorno Regulamentado,Sim,0.0,1.0,0.0,1.0,1.0,0.0,2.0,2.0,SPRF-ES,DEL02-ES,UOP01-DEL02-ES,1,grave
2025-06-30,08:00,2025-06-30 08:00:00,2025.0,6.0,segunda,8.0,manha,ES,VIANA,True,101.0,BR-101,298.0,-20.35785519,-40.42080657,Condutor deixou de manter distância do veículo da frente,Colisão traseira,Com Vítimas Feridas,Pleno dia,Crescente,Céu Claro,Dupla,Reta,Não,0.0,1.0,0.0,1.0,1.0,0.0,2.0,2.0,SPRF-ES,DEL01-ES,UOP01-DEL01-ES,1,grave
2025-06-30,10:38,2025-06-30 10:38:00,2025.0,6.0,segunda,10.0,manha,ES,LINHARES,False,101.0,BR-101,148.0,-19.387981,-40.067323,Acessar a via sem observar a presença dos outros veículos,Colisão transversal,Com Vítimas Feridas,Pleno dia,Decrescente,Céu Claro,Simples,Reta,Sim,0.0,1.0,0.0,1.0,1.0,0.0,2.0,2.0,SPRF-ES,DEL04-ES,UOP01-DEL04-ES,1,grave
2025-06-30,10:30,2025-06-30 10:30:00,2025.0,6.0,segunda,10.0,manha,ES,CARIACICA,True,101.0,BR-101,296.0,-20.34255516,-40.4051532,Ingestão de álcool pelo condutor,Colisão com objeto,Com Vítimas Feridas,Pleno dia,Crescente,Céu Claro,Dupla,Declive;Curva,Não,0.0,0.0,1.0,1.0,0.0,0.0,1.0,1.0,SPRF-ES,DEL01-ES,UOP01-DEL01-ES,0,moderado
2025-06-30,13:10,2025-06-30 13:10:00,2025.0,6.0,segunda,13.0,tarde,ES,CARIACICA,True,0.0,BR-0,0.0,-20.33532091,-40.37543631,Reação tardia ou ineficiente do condutor,Colisão transversal,Sem Vítimas,Pleno dia,Não Informado,Sol,Dupla,Reta,Sim,0.0,0.0,0.0,0.0,1.0,1.0,2.0,2.0,SPRF-ES,DEL01-ES,UOP01-DEL01-ES,0,baixo
2025-06-30,14:50,2025-06-30 14:50:00,2025.0,6.0,segunda,14.0,tarde,ES,CACHOEIRO DE ITAPEMIRIM,False,393.0,BR-393,0.8,-20.83784367,-41.16575036,Acessar a via sem observar a presença dos outros veículos,Colisão transversal,Com Vítimas Feridas,Pleno dia,Crescente,Sol,Simples,Reta;Interseção de Vias,Sim,0.0,0.0,2.0,2.0,0.0,1.0,2.0,3.0,SPRF-ES,DEL03-ES,UOP02-DEL03-ES,0,moderado
2025-06-30,17:20,2025-06-30 17:20:00,2025.0,6.0,segunda,17.0,tarde,ES,CARIACICA,True,101.0,BR-101,288.3,-20.27616,-40.391613,Ausência de reação do condutor,Colisão lateral mesmo sentido,Com Vítimas Feridas,Pleno dia,Crescente,Nublado,Dupla,Reta,Não,0.0,1.0,0.0,1.0,1.0,0.0,2.0,2.0,SPRF-ES,DEL01-ES,UOP01-DEL01-ES,1,grave