data,hora,data_hora,ano,mes,dia_semana,hora_dia,periodo_dia,uf,municipio,regiao_grande_vitoria,rodovia,rodovia_label,km,latitude,longitude,causa,tipo_acidente,classificacao,fase_dia,sentido_via,condicao_metereologica,tipo_pista,tracado_via,uso_solo,mortos,feridos_graves,feridos_leves,feridos,ilesos,ignorados,veiculos,pessoas,regional,delegacia,uop,risco_alto,nivel_risco
2025-07-01,05:15,2025-07-01 05:15:00,2025.0,7.0,terca,5.0,madrugada,ES,CONCEICAO DA BARRA,False,101.0,BR-101,52.0,-18.60154709,-39.8875688,Neblina,Colisão traseira,Com Vítimas Feridas,Amanhecer,Decrescente,Céu Claro,Simples,Declive;Reta,Não,0.0,0.0,1.0,1.0,1.0,0.0,2.0,2.0,SPRF-ES,DEL04-ES,UOP02-DEL04-ES,0,moderado
2025-07-01,07:09,2025-07-01 07:09:00,2025.0,7.0,terca,7.0,manha,ES,CARIACICA,True,101.0,BR-101,295.2,-20.335002,-40.400952,Manobra de mudança de faixa,Colisão lateral mesmo sentido,Com Vítimas Feridas,Pleno dia,Decrescente,Céu Claro,Múltipla,Reta;Declive,Sim,0.0,0.0,1.0,1.0,1.0,0.0,2.0,2.0,SPRF-ES,DEL01-ES,UOP01-DEL01-ES,0,moderado
2025-07-01,07:07,2025-07-01 07:07:00,2025.0,7.0,terca,7.0,manha,ES,SERRA,True,101.0,BR-101,270.2,-20.228948,-40.272239,Ausência de reação do condutor,Colisão com objeto,Com Vítimas Feridas,Pleno dia,Decrescente,Céu Claro,Dupla,Reta,Sim,0.0,0.0,1.0,1.0,1.0,1.0,3.0,3.0,SPRF-ES,DEL02-ES,UOP01-DEL02-ES,0,moderado
2025-07-01,11:00,2025-07-01 11:00:00,2025.0,7.0,terca,11.0,manha,ES,LINHARES,False,101.0,BR-101,143.0,-19.33299713,-40.06835103,Transitar na contramão,Colisão transversal,Com Vítimas Feridas,Pleno dia,Crescente,Céu Claro,Simples,Retorno Regulamentado,Sim,0.0,0.0,1.0,1.0,1.0,0.0,2.0,2.0,SPRF-ES,DEL04-ES,UOP01-DEL04-ES,0,moderado
2025-07-01,12:20,2025-07-01 12:20:00,2025.0,7.0,terca,12.0,tarde,ES,IBATIBA,False,262.0,BR-262,166.3,-20.251455,-41.563513,Desrespeitar a preferência no cruzamento,Colisão transversal,Com Vítimas Feridas,Pleno dia,Crescente,Céu Claro,Simples,Curva;Rotatória,Não,0.0,1.0,0.0,1.0,1.0,0.0,2.0,2.0,SPRF-ES,DEL01-ES,UOP02-DEL01-ES,1,grave
2025-07-01,15:40,2025-07-01 15:40:00,2025.0,7.0,terca,15.0,tarde,ES,COLATINA,False,101.0,BR-101,58.6,-19.5225136,-40.6684762,Conversão proibida,Colisão transversal,Com Vítimas Feridas,Pleno dia,Crescente,Céu Claro,Simples,Declive,Não,0.0,0.0,1.0,1.0,1.0,0.0,2.0,2.0,SPRF-ES,DEL04-ES,UOP02-DEL04-ES,0,moderado
2025-07-01,18:40,2025-07-01 18:40:00,2025.0,7.0,terca,18.0,noite,ES,CONCEICAO DA BARRA,False,101.0,BR-101,53.1,-18.61385926,-39.88375604,Deficiência do Sistema de Iluminação/Sinalização,Colisão lateral mesmo sentido,Com Vítimas Fatais,Anoitecer,Crescente,Céu Claro,Simples,Reta,Não,1.0,0.0,0.0,0.0,0.0,1.0,2.0,2.0,SPRF-ES,DEL04-ES,UOP02-DEL04-ES,1,fatal
2025-07-02,04:50,2025-07-02 04:50:00,2025.0,7.0,quarta,4.0,madrugada,ES,IBATIBA,False,262.0,BR-262,172.0,-20.268595,-41.6058003,Reação tardia ou ineficiente do condutor,Capotamento,Com Vítimas Feridas,Plena Noite,Decrescente,Céu Claro,Simples,Curva,Não,0.0,0.0,1.0,1.0,0.0,0.0,1.0,1.0,SPRF-ES,DEL01-ES,UOP02-DEL01-ES,0,moderado
2025-07-02,07:40,2025-07-02 07:40:00,2025.0,7.0,quarta,7.0,manha,ES,JOAO NEIVA,False,259.0,BR-259,8.0,-19.65782861,-40.4287827,Ausência de reação do condutor,Saída de leito carroçável,Com Vítimas Feridas,Pleno dia,Crescente,Céu Claro,Simples,Reta,Não,0.0,0.0,1.0,1.0,0.0,0.0,1.0,1.0,SPRF-ES,DEL02-ES,UOP01-DEL02-ES,0,moderado
2025-07-02,08:10,2025-07-02 08:10:00,2025.0,7.0,quarta,8.0,manha,ES,SERRA,True,101.0,BR-101,265.9,-20.054016,-40.3767296,Reação tardia ou ineficiente do condutor,Colisão lateral mesmo sentido,Com Vítimas Feridas,Pleno dia,Crescente,Céu Claro,Dupla,Reta,Sim,0.0,0.0,1.0,1.0,2.0,0.0,2.0,3.0,SPRF-ES,DEL02-ES,UOP01-DEL02-ES,0,moderado
2025-07-02,17:40,2025-07-02 17:40:00,2025.0,7.0,quarta,17.0,tarde,ES,LINHARES,False,101.0,BR-101,160.0,-19.47681975,-40.11409963,Acessar a via sem observar a presença dos outros veículos,Colisão transversal,Com Vítimas Feridas,Anoitecer,Crescente,Céu Claro,Simples,Reta,Não,0.0,0.0,1.0,1.0,0.0,1.0,2.0,2.0,SPRF-ES,DEL04-ES,UOP01-DEL04-ES,0,moderado
2025-07-02,21:00,2025-07-02 21:00:00,2025.0,7.0,quarta,21.0,noite,ES,VIANA,True,101.0,BR-101,297.8,-20.3508415,-40.414221,Demais falhas mecânicas ou elétricas,Queda de ocupante de veículo,Com Vítimas Feridas,Plena Noite,Crescente,Ignorado,Dupla,Reta,Sim,0.0,0.0,1.0,1.0,0.0,0.0,1.0,1.0,SPRF-ES,DEL01-ES,UOP01-DEL01-ES,0,moderado
2025-06-16,06:30,2025-06-16 06:30:00,2025.0,6.0,segunda,6.0,manha,ES,SERRA,True,101.0,BR-101,267.0,-20.2130726,-40.26987076,Conversão proibida,Colisão lateral mesmo sentido,Com Vítimas Feridas,Amanhecer,Crescente,Céu Claro,Dupla,Reta,Sim,0.0,0.0,1.0,1.0,1.0,0.0,2.0,2.0,SPRF-ES,DEL02-ES,UOP01-DEL02-ES,0,moderado
2025-07-03,07:15,2025-07-03 07:15:00,2025.0,7.0,quinta,7.0,manha,ES,SERRA,True,101.0,BR-101,263.1,-20.16703657,-40.27190745,Condutor deixou de manter distância do veículo da frente,Colisão traseira,Com Vítimas Feridas,Pleno dia,Crescente,Chuva,Dupla,Reta,Sim,0.0,0.0,1.0,1.0,1.0,0.0,2.0,2.0,SPRF-ES,DEL02-ES,UOP01-DEL02-ES,0,moderado
2025-06-22,09:45,2025-06-22 09:45:00,2025.0,6.0,domingo,9.0,manha,ES,DOMINGOS MARTINS,False,262.0,BR-262,77.8,-20.41060352,-40.92012405,Velocidade Incompatível,Queda de ocupante de veículo,Com Vítimas Feridas,Pleno dia,Decrescente,Céu Claro,Simples,Curva,Não,0.0,0.0,1.0,1.0,0.0,0.0,1.0,1.0,SPRF-ES,DEL01-ES,UOP02-DEL01-ES,0,moderado
2025-07-03,12:30,2025-07-03 12:30:00,2025.0,7.0,quinta,12.0,tarde,ES,SERRA,True,101.0,BR-101,255.9,-20.1198544,-40.3096446,Chuva,Saída de leito carroçável,Sem Vítimas,Pleno dia,Crescente,Chuva,Simples,Reta,Sim,0.0,0.0,0.0,0.0,1.0,0.0,1.0,1.0,SPRF-ES,DEL02-ES,UOP01-DEL02-ES,0,baixo
2025-06-17,12:22,2025-06-17 12:22:00,2025.0,6.0,terca,12.0,tarde,ES,JAGUARE,False,101.0,BR-101,97.3,-18.92311031,-39.96764374,Acessar a via sem observar a presença dos outros veículos,Colisão transversal,Com Vítimas Feridas,Pleno dia,Decrescente,Céu Claro,Simples,Reta,Não,0.0,0.0,1.0,1.0,1.0,0.0,2.0,2.0,SPRF-ES,DEL04-ES,UOP02-DEL04-ES,0,moderado
2025-06-09,15:05,2025-06-09 15:05:00,2025.0,6.0,segunda,15.0,tarde,ES,MARECHAL FLORIANO,False,262.0,BR-262,44.0,-20.388655,-40.668755,Velocidade Incompatível,Saída de leito carroçável,Com Vítimas Feridas,Pleno dia,Decrescente,Nublado,Simples,Reta,Não,0.0,2.0,0.0,2.0,0.0,0.0,1.0,2.0,SPRF-ES,DEL01-ES,UOP01-DEL01-ES,1,grave
2025-07-04,09:00,2025-07-04 09:00:00,2025.0,7.0,sexta,9.0,manha,ES,RIO NOVO DO SUL,False,101.0,BR-101,393.0,-20.86697748,-40.90376794,Acessar a via sem observar a presença dos outros veículos,Atropelamento de Pedestre,Com Vítimas Feridas,Pleno dia,Decrescente,Nublado,Simples,Reta,Não,0.0,0.0,1.0,1.0,1.0,0.0,2.0,2.0,SPRF-ES,DEL03-ES,UOP02-DEL03-ES,0,moderado
2025-07-04,11:50,2025-07-04 11:50:00,2025.0,7.0,sexta,11.0,manha,ES,COLATINA,False,259.0,BR-259,61.9,-19.53007358,-40.69202758,Acesso irregular,Queda de ocupante de veículo,Com Vítimas Feridas,Pleno dia,Crescente,Nublado,Simples,Reta,Sim,0.0,0.0,2.0,2.0,0.0,0.0,1.0,2.0,SPRF-ES,DEL02-ES,UOP01-DEL02-ES,0,moderado
2025-07-04,16:00,2025-07-04 16:00:00,2025.0,7.0,sexta,16.0,tarde,ES,SERRA,True,101.0,BR-101,256.0,-20.04886866,-40.38653706,Transitar no Acostamento,Queda de ocupante de veículo,Com Vítimas Feridas,Pleno dia,Decrescente,Céu Claro,Simples,Reta,Sim,0.0,0.0,1.0,1.0,0.0,0.0,1.0,1.0,SPRF-ES,DEL02-ES,UOP01-DEL02-ES,0,moderado
2025-07-04,17:30,2025-07-04 17:30:00,2025.0,7.0,sexta,17.0,tarde,ES,DOMINGOS MARTINS,False,262.0,BR-262,93.0,-20.37668185,-41.05403829,Desrespeitar a preferência no cruzamento,Colisão transversal,Com Vítimas Feridas,Anoitecer,Crescente,Céu Claro,Simples,Reta,Sim,0.0,2.0,2.0,4.0,0.0,0.0,2.0,4.0,SPRF-ES,DEL01-ES,UOP02-DEL01-ES,1,grave
2025-07-04,19:50,2025-07-04 19:50:00,2025.0,7.0,sexta,19.0,noite,ES,JAGUARE,False,101.0,BR-101,92.0,-18.919268,-39.966487,Ultrapassagem Indevida,Colisão frontal,Com Vítimas Feridas,Plena Noite,Crescente,Céu Claro,Simples,Reta,Não,0.0,1.0,0.0,1.0,3.0,0.0,3.0,4.0,SPRF-ES,DEL04-ES,UOP02-DEL04-ES,1,grave
2025-07-04,20:20,2025-07-04 20:20:00,2025.0,7.0,sexta,20.0,noite,ES,ARACRUZ,False,101.0,BR-101,179.0,-19.61908732,-40.21724431,Reação tardia ou ineficiente do condutor,Tombamento,Com Vítimas Feridas,Plena Noite,Crescente,Céu Claro,Simples,Reta,Não,0.0,0.0,1.0,1.0,0.0,0.0,1.0,1.0,SPRF-ES,DEL04-ES,UOP01-DEL04-ES,0,moderado
2025-07-04,23:21,2025-07-04 23:21:00,2025.0,7.0,sexta,23.0,noite,ES,MARECHAL FLORIANO,False,262.0,BR-262,45.0,-20.3993654,-40.6711489,Pedestre andava na pista,Atropelamento de Pedestre,Com Vítimas Feridas,Plena Noite,Decrescente,Nublado,Simples,Reta,Sim,0.0,0.0,1.0,1.0,1.0,0.0,2.0,2.0,SPRF-ES,DEL01-ES,UOP01-DEL01-ES,0,moderado
2025-07-05,02:40,2025-07-05 02:40:00,2025.0,7.0,sabado,2.0,madrugada,ES,SAO MATEUS,False,101.0,BR-101,88.0,-18.884891,-39.949695,Condutor deixou de manter distância do veículo da frente,Colisão traseira,Sem Vítimas,Plena Noite,Decrescente,Nublado,Simples,Reta,Não,0.0,0.0,0.0,0.0,2.0,0.0,2.0,2.0,SPRF-ES,DEL04-ES,UOP02-DEL04-ES,0,baixo
2025-07-05,10:30,2025-07-05 10:30:00,2025.0,7.0,sabado,10.0,manha,ES,SERRA,True,101.0,BR-101,265.8,-20.18824,-40.268035,Ausência de reação do condutor,Colisão traseira,Com Vítimas Feridas,Pleno dia,Decrescente,Céu Claro,Dupla,Reta,Sim,0.0,0.0,1.0,1.0,1.0,0.0,2.0,2.0,SPRF-ES,DEL02-ES,UOP01-DEL02-ES,0,moderado
2025-07-05,13:45,2025-07-05 13:45:00,2025.0,7.0,sabado,13.0,tarde,ES,LINHARES,False,101.0,BR-101,116.0,-19.11790862,-40.06229687,Acessar a via sem observar a presença dos outros veículos,Colisão transversal,Com Vítimas Feridas,Pleno dia,Decrescente,Céu Claro,Simples,Interseção de Vias,Não,0.0,0.0,1.0,1.0,2.0,0.0,2.0,3.0,SPRF-ES,DEL04-ES,UOP01-DEL04-ES,0,moderado
2025-07-05,13:35,2025-07-05 13:35:00,2025.0,7.0,sabado,13.0,tarde,ES,SERRA,True,101.0,BR-101,253.7,-20.109502,-40.328113,Reação tardia ou ineficiente do condutor,Saída de leito carroçável,Sem Vítimas,Pleno dia,Crescente,Céu Claro,Simples,Reta,Não,0.0,0.0,0.0,0.0,0.0,1.0,1.0,1.0,SPRF-ES,DEL02-ES,UOP01-DEL02-ES,0,baixo
2025-07-05,15:50,2025-07-05 15:50:00,2025.0,7.0,sabado,15.0,tarde,ES,SERRA,True,101.0,BR-101,264.3,-20.178604,-40.265467,Reação tardia ou ineficiente do condutor,Colisão transversal,Com Vítimas Feridas,Pleno dia,Crescente,Céu Claro,Múltipla,Interseção de Vias,Sim,0.0,2.0,1.0,3.0,1.0,0.0,3.0,4.0,SPRF-ES,DEL02-ES,UOP01-DEL02-ES,1,grave
2025-07-05,17:00,2025-07-05 17:00:00,2025.0,7.0,sabado,17.0,tarde,ES,FUNDAO,True,101.0,BR-101,236.2,-19.9899069,-40.4134209,Conversão proibida,Colisão transversal,Com Vítimas Feridas,Anoitecer,Decrescente,Céu Claro,Simples,Curva,Não,0.0,0.0,2.0,2.0,1.0,0.0,2.0,3.0,SPRF-ES,DEL02-ES,UOP01-DEL02-ES,0,moderado
2025-07-05,18:25,2025-07-05 18:25:00,2025.0,7.0,sabado,18.0,noite,ES,LINHARES,False,101.0,BR-101,102.3,-19.00008307,-40.0046137,Ausência de reação do condutor,Saída de leito carroçável,Com Vítimas Feridas,Anoitecer,Crescente,Céu Claro,Simples,Reta,Não,0.0,1.0,0.0,1.0,0.0,0.0,1.0,1.0,SPRF-ES,DEL04-ES,UOP01-DEL04-ES,1,grave
2025-02-16,03:10,2025-02-16 03:10:00,2025.0,2.0,domingo,3.0,madrugada,ES,ANCHIETA,False,101.0,BR-101,353.5,-20.682612,-40.66807151,Ingestão de álcool pelo condutor,Colisão com objeto,Com Vítimas Fatais,Plena Noite,Crescente,Céu Claro,Dupla,Reta,Não,1.0,1.0,0.0,1.0,0.0,0.0,1.0,2.0,SPRF-ES,DEL03-ES,UOP01-DEL03-ES,1,fatal
2025-07-06,00:10,2025-07-06 00:10:00,2025.0,7.0,domingo,0.0,madrugada,ES,VENDA NOVA DO IMIGRANTE,False,262.0,BR-262,109.7,-20.3367383,-41.1807305,Ausência de reação do condutor,Colisão com objeto,Com Vítimas Feridas,Plena Noite,Crescente,Nublado,Simples,Reta,Sim,0.0,1.0,0.0,1.0,0.0,0.0,1.0,1.0,SPRF-ES,DEL01-ES,UOP02-DEL01-ES,1,grave
2025-07-06,04:15,2025-07-06 04:15:00,2025.0,7.0,domingo,4.0,madrugada,ES,LINHARES,False,101.0,BR-101,151.0,-19.40692036,-40.06387241,Condutor Dormindo,Tombamento,Com Vítimas Feridas,Amanhecer,Crescente,Nublado,Simples,Declive,Não,0.0,0.0,1.0,1.0,0.0,0.0,1.0,1.0,SPRF-ES,DEL04-ES,UOP01-DEL04-ES,0,moderado
2025-07-06,15:49,2025-07-06 15:49:00,2025.0,7.0,domingo,15.0,tarde,ES,SERRA,True,101.0,BR-101,259.0,-20.138375,-40.292264,Conversão proibida,Colisão transversal,Com Vítimas Feridas,Pleno dia,Decrescente,Céu Claro,Dupla,Reta,Sim,0.0,0.0,1.0,1.0,1.0,0.0,2.0,2.0,SPRF-ES,DEL02-ES,UOP01-DEL02-ES,0,moderado
2025-07-07,05:27,2025-07-07 05:27:00,2025.0,7.0,segunda,5.0,madrugada,ES,SERRA,True,101.0,BR-101,264.0,-20.178502,-40.265286,Condutor desrespeitou a iluminação vermelha do semáforo,Colisão transversal,Com Vítimas Feridas,Pleno dia,Decrescente,Céu Claro,Múltipla,Interseção de Vias,Sim,0.0,0.0,1.0,1.0,2.0,0.0,2.0,3.0,SPRF-ES,DEL02-ES,UOP01-DEL02-ES,0,moderado
2025-07-07,14:17,2025-07-07 14:17:00,2025.0,7.0,segunda,14.0,tarde,ES,GUARAPARI,True,101.0,BR-101,335.0,-20.6281024,-40.5331143,Condutor Dormindo,Saída de leito carroçável,Com Vítimas Feridas,Pleno dia,Crescente,Céu Claro,Dupla,Reta;Declive,Não,0.0,0.0,1.0,1.0,0.0,0.0,1.0,1.0,SPRF-ES,DEL03-ES,UOP01-DEL03-ES,0,moderado
2025-07-07,14:45,2025-07-07 14:45:00,2025.0,7.0,segunda,14.0,tarde,ES,CARIACICA,True,101.0,BR-101,293.2,-20.316122,-40.3954811,Pista Escorregadia,Tombamento,Com Vítimas Feridas,Pleno dia,Decrescente,Céu Claro,Múltipla,Reta,Sim,0.0,0.0,1.0,1.0,0.0,0.0,1.0,1.0,SPRF-ES,DEL01-ES,UOP01-DEL01-ES,0,moderado
2025-05-18,10:50,2025-05-18 10:50:00,2025.0,5.0,domingo,10.0,manha,ES,IBATIBA,False,262.0,BR-262,171.0,-20.26371314,-41.59707069,Acumulo de areia ou detritos sobre o pavimento,Queda de ocupante de veículo,Com Vítimas Feridas,Pleno dia,Decrescente,Ignorado,Simples,Curva,Não,0.0,1.0,1.0,2.0,0.0,0.0,1.0,2.0,SPRF-ES,DEL01-ES,UOP02-DEL01-ES,1,grave
2025-07-07,17:55,2025-07-07 17:55:00,2025.0,7.0,segunda,17.0,tarde,ES,LINHARES,False,101.0,BR-101,136.0,-19.28352607,-40.08687155,Velocidade Incompatível,Saída de leito carroçável,Sem Vítimas,Plena Noite,Crescente,Céu Claro,Simples,Reta,Não,0.0,0.0,0.0,0.0,0.0,1.0,1.0,1.0,SPRF-ES,DEL04-ES,UOP01-DEL04-ES,0,baixo
2025-06-14,18:00,2025-06-14 18:00:00,2025.0,6.0,sabado,18.0,noite,ES,SERRA,True,101.0,BR-101,270.4,-20.22967735,-40.2719907,Ausência de reação do condutor,Colisão traseira,Com Vítimas Feridas,Plena Noite,Decrescente,Céu Claro,Simples,Reta,Não,0.0,0.0,1.0,1.0,2.0,2.0,4.0,5.0,SPRF-ES,DEL02-ES,UOP01-DEL02-ES,0,moderado
2025-07-08,08:20,2025-07-08 08:20:00,2025.0,7.0,terca,8.0,manha,ES,COLATINA,False,259.0,BR-259,83.5,-19.528948,-40.8170033,Ausência de reação do condutor,Capotamento,Com Vítimas Feridas,Pleno dia,Decrescente,Céu Claro,Simples,Reta,Não,0.0,0.0,1.0,1.0,0.0,0.0,1.0,1.0,SPRF-ES,DEL02-ES,UOP01-DEL02-ES,0,moderado
2025-05-09,19:50,2025-05-09 19:50:00,2025.0,5.0,sexta,19.0,noite,ES,SOORETAMA,False,101.0,BR-101,126.0,-19.201095,-40.095748,Ausência de reação do condutor,Queda de ocupante de veículo,Com Vítimas Feridas,Plena Noite,Crescente,Céu Claro,Simples,Reta,Sim,0.0,1.0,0.0,1.0,0.0,0.0,1.0,1.0,SPRF-ES,DEL04-ES,UOP01-DEL04-ES,1,grave
2025-05-09,18:30,2025-05-09 18:30:00,2025.0,5.0,sexta,18.0,noite,ES,LINHARES,False,101.0,BR-101,151.0,-19.41701,-40.068199,Acessar a via sem observar a presença dos outros veículos,Colisão transversal,Com Vítimas Feridas,Anoitecer,Decrescente,Céu Claro,Simples,Curva,Não,0.0,2.0,0.0,2.0,1.0,0.0,2.0,3.0,SPRF-ES,DEL04-ES,UOP01-DEL04-ES,1,grave
2025-07-09,07:04,2025-07-09 07:04:00,2025.0,7.0,quarta,7.0,manha,ES,GUARAPARI,True,101.0,BR-101,320.8,-20.518841,-40.4783309,Manobra de mudança de faixa,Colisão lateral mesmo sentido,Com Vítimas Feridas,Pleno dia,Crescente,Céu Claro,Múltipla,Reta,Não,0.0,1.0,0.0,1.0,1.0,0.0,2.0,2.0,SPRF-ES,DEL03-ES,UOP01-DEL03-ES,1,grave
2025-07-09,07:30,2025-07-09 07:30:00,2025.0,7.0,quarta,7.0,manha,ES,MIMOSO DO SUL,False,101.0,BR-101,440.0,-21.11898171,-41.26993009,Transitar no Acostamento,Colisão traseira,Com Vítimas Feridas,Pleno dia,Crescente,Nevoeiro/Neblina,Simples,Curva,Não,0.0,0.0,1.0,1.0,1.0,0.0,2.0,2.0,SPRF-ES,DEL03-ES,UOP02-DEL03-ES,0,moderado
2025-07-09,07:20,2025-07-09 07:20:00,2025.0,7.0,quarta,7.0,manha,ES,COLATINA,False,259.0,BR-259,58.0,-19.522357,-40.668353,Condutor deixou de manter distância do veículo da frente,Colisão traseira,Com Vítimas Feridas,Pleno dia,Decrescente,Nublado,Simples,Reta,Não,0.0,1.0,0.0,1.0,0.0,1.0,2.0,2.0,SPRF-ES,DEL02-ES,UOP01-DEL02-ES,1,grave
2025-07-09,08:45,2025-07-09 08:45:00,2025.0,7.0,quarta,8.0,manha,ES,SERRA,True,101.0,BR-101,262.1,-20.1594149,-40.2761924,Condutor desrespeitou a iluminação vermelha do semáforo,Colisão transversal,Com Vítimas Fatais,Pleno dia,Crescente,Chuva,Múltipla,Interseção de Vias;Retorno Regulamentado;Reta,Sim,1.0,0.0,1.0,1.0,1.0,0.0,2.0,3.0,SPRF-ES,DEL02-ES,UOP01-DEL02-ES,1,fatal
2025-07-09,12:40,2025-07-09 12:40:00,2025.0,7.0,quarta,12.0,tarde,ES,SERRA,True,101.0,BR-101,266.4,-20.19357,-40.26849,Desrespeitar a preferência no cruzamento,Colisão transversal,Com Vítimas Feridas,Pleno dia,Crescente,Céu Claro,Múltipla,Interseção de Vias,Sim,0.0,0.0,1.0,1.0,1.0,0.0,2.0,2.0,SPRF-ES,DEL02-ES,UOP01-DEL02-ES,0,moderado
2025-07-09,19:35,2025-07-09 19:35:00,2025.0,7.0,quarta,19.0,noite,ES,VIANA,True,101.0,BR-101,306.0,-20.39556767,-40.45908158,Ausência de reação do condutor,Colisão frontal,Com Vítimas Feridas,Plena Noite,Decrescente,Nublado,Dupla,Reta,Não,0.0,0.0,1.0,1.0,1.0,0.0,2.0,2.0,SPRF-ES,DEL01-ES,UOP01-DEL01-ES,0,moderado
2025-07-09,18:20,2025-07-09 18:20:00,2025.0,7.0,quarta,18.0,noite,ES,CACHOEIRO DE ITAPEMIRIM,False,393.0,BR-393,0.0,-20.84089484,-41.15981698,Condutor desrespeitou a iluminação vermelha do semáforo,Atropelamento de Pedestre,Com Vítimas Feridas,Plena Noite,Decrescente,Céu Claro,Simples,Reta,Sim,0.0,0.0,1.0,1.0,0.0,1.0,2.0,2.0,SPRF-ES,DEL03-ES,UOP02-DEL03-ES,0,moderado
2025-07-09,19:45,2025-07-09 19:45:00,2025.0,7.0,quarta,19.0,noite,ES,JOAO NEIVA,False,101.0,BR-101,204.8,-19.7559859,-40.3799067,Desrespeitar a preferência no cruzamento,Colisão transversal,Com Vítimas Feridas,Plena Noite,Decrescente,Nublado,Simples,Reta;Interseção de Vias,Sim,0.0,1.0,0.0,1.0,1.0,0.0,2.0,2.0,SPRF-ES,DEL02-ES,UOP01-DEL02-ES,1,grave
2025-07-10,07:00,2025-07-10 07:00:00,2025.0,7.0,quinta,7.0,manha,ES,ANCHIETA,False,101.0,BR-101,354.3,-20.68517198,-40.6734666,Avarias e/ou desgaste excessivo no pneu,Tombamento,Com Vítimas Feridas,Pleno dia,Crescente,Nublado,Simples,Reta,Sim,0.0,0.0,1.0,1.0,0.0,0.0,1.0,1.0,SPRF-ES,DEL03-ES,UOP01-DEL03-ES,0,moderado
2025-07-10,08:40,2025-07-10 08:40:00,2025.0,7.0,quinta,8.0,manha,ES,SERRA,True,101.0,BR-101,270.0,-20.22608585,-40.27072194,Manobra de mudança de faixa,Colisão lateral mesmo sentido,Com Vítimas Feridas,Pleno dia,Crescente,Nublado,Dupla,Reta,Sim,0.0,0.0,1.0,1.0,1.0,0.0,2.0,2.0,SPRF-ES,DEL02-ES,UOP01-DEL02-ES,0,moderado
2025-06-16,01:20,2025-06-16 01:20:00,2025.0,6.0,segunda,1.0,madrugada,ES,CARIACICA,True,101.0,BR-101,291.1,-20.29190589,-40.39200783,Transitar na contramão,Colisão frontal,Com Vítimas Feridas,Plena Noite,Decrescente,Céu Claro,Dupla,Reta,Não,0.0,2.0,0.0,2.0,1.0,0.0,2.0,3.0,SPRF-ES,DEL01-ES,UOP01-DEL01-ES,1,grave
2025-06-24,18:20,2025-06-24 18:20:00,2025.0,6.0,terca,18.0,noite,ES,SERRA,True,101.0,BR-101,266.2,-20.192634,-40.26846,Reação tardia ou ineficiente do condutor,Colisão traseira,Com Vítimas Feridas,Plena Noite,Decrescente,Nublado,Simples,Reta,Não,0.0,0.0,2.0,2.0,0.0,1.0,2.0,3.0,SPRF-ES,DEL02-ES,UOP01-DEL02-ES,0,moderado
2025-07-10,11:30,2025-07-10 11:30:00,2025.0,7.0,quinta,11.0,manha,ES,LINHARES,False,101.0,BR-101,146.6,-19.37572181,-40.06595979,Reação tardia ou ineficiente do condutor,Colisão traseira,Com Vítimas Feridas,Pleno dia,Decrescente,Céu Claro,Dupla,Interseção de Vias,Sim,0.0,0.0,1.0,1.0,0.0,1.0,2.0,2.0,SPRF-ES,DEL04-ES,UOP01-DEL04-ES,0,moderado
2025-07-10,12:48,2025-07-10 12:48:00,2025.0,7.0,quinta,12.0,tarde,ES,SAO MATEUS,False,101.0,BR-101,61.0,-18.68186864,-39.86338584,Acessar a via sem observar a presença dos outros veículos,Colisão transversal,Com Vítimas Feridas,Pleno dia,Decrescente,Nublado,Simples,Interseção de Vias;Rotatória,Não,0.0,1.0,0.0,1.0,1.0,0.0,2.0,2.0,SPRF-ES,DEL04-ES,UOP02-DEL04-ES,1,grave
2025-07-10,18:10,2025-07-10 18:10:00,2025.0,7.0,quinta,18.0,noite,ES,VITORIA,True,262.0,BR-262,0.3,-20.3219121,-40.3538621,Pista esburacada,Tombamento,Com Vítimas Feridas,Plena Noite,Crescente,Céu Claro,Dupla,Reta;Ponte,Sim,0.0,0.0,2.0,2.0,0.0,0.0,1.0,2.0,SPRF-ES,DEL01-ES,UOP01-DEL01-ES,0,moderado
2025-07-11,06:50,2025-07-11 06:50:00,2025.0,7.0,sexta,6.0,manha,ES,CARIACICA,True,101.0,BR-101,290.1,-20.2908053,-40.3917302,Acostamento em desnível,Colisão lateral mesmo sentido,Com Vítimas Feridas,Pleno dia,Decrescente,Nublado,Dupla,Curva,Não,0.0,1.0,0.0,1.0,1.0,0.0,2.0,2.0,SPRF-ES,DEL01-ES,UOP01-DEL01-ES,1,grave
2025-07-11,12:00,2025-07-11 12:00:00,2025.0,7.0,sexta,12.0,tarde,ES,SERRA,True,101.0,BR-101,269.5,-20.22174203,-40.27035266,Acessar a via sem observar a presença dos outros veículos,Atropelamento de Pedestre,Com Vítimas Feridas,Pleno dia,Crescente,Garoa/Chuvisco,Dupla,Interseção de Vias,Sim,0.0,0.0,1.0,1.0,1.0,0.0,2.0,2.0,SPRF-ES,DEL02-ES,UOP01-DEL02-ES,0,moderado