data,hora,data_hora,ano,mes,dia_semana,hora_dia,periodo_dia,uf,municipio,regiao_grande_vitoria,rodovia,rodovia_label,km,latitude,longitude,causa,tipo_acidente,classificacao,fase_dia,sentido_via,condicao_metereologica,tipo_pista,tracado_via,uso_solo,mortos,feridos_graves,feridos_leves,feridos,ilesos,ignorados,veiculos,pessoas,regional,delegacia,uop,risco_alto,nivel_risco
2025-07-11,12:45,2025-07-11 12:45:00,2025.0,7.0,sexta,12.0,tarde,ES,ANCHIETA,False,101.0,BR-101,352.0,-20.674545,-40.664625,Ingestão de álcool pelo condutor,Saída de leito carroçável,Sem Vítimas,Pleno dia,Crescente,Nublado,Dupla,Reta,Não,0.0,0.0,0.0,0.0,1.0,0.0,1.0,1.0,SPRF-ES,DEL03-ES,UOP01-DEL03-ES,0,baixo
2025-07-11,11:20,2025-07-11 11:20:00,2025.0,7.0,sexta,11.0,manha,ES,MARECHAL FLORIANO,False,262.0,BR-262,72.0,-20.41166445,-40.88046074,Acumulo de água sobre o pavimento,Saída de leito carroçável,Sem Vítimas,Pleno dia,Decrescente,Chuva,Simples,Reta,Não,0.0,0.0,0.0,0.0,1.0,0.0,1.0,1.0,SPRF-ES,DEL01-ES,UOP02-DEL01-ES,0,baixo
2025-07-11,19:20,2025-07-11 19:20:00,2025.0,7.0,sexta,19.0,noite,ES,SAO MATEUS,False,101.0,BR-101,64.2,-18.648929,-39.8735932,Transitar no Acostamento,Atropelamento de Pedestre,Com Vítimas Feridas,Plena Noite,Crescente,Nublado,Simples,Reta;Aclive,Não,0.0,2.0,0.0,2.0,0.0,1.0,2.0,3.0,SPRF-ES,DEL04-ES,UOP02-DEL04-ES,1,grave
2025-07-11,20:00,2025-07-11 20:00:00,2025.0,7.0,sexta,20.0,noite,ES,SERRA,True,101.0,BR-101,271.3,-20.2196142,-40.29093862,Condutor desrespeitou a iluminação vermelha do semáforo,Colisão transversal,Com Vítimas Feridas,Plena Noite,Crescente,Chuva,Múltipla,Interseção de Vias,Sim,0.0,0.0,1.0,1.0,1.0,1.0,3.0,3.0,SPRF-ES,DEL02-ES,UOP01-DEL02-ES,0,moderado
2025-07-11,21:20,2025-07-11 21:20:00,2025.0,7.0,sexta,21.0,noite,ES,BAIXO GUANDU,False,259.0,BR-259,102.6,-19.514563,-41.023907,Ingestão de álcool pelo condutor,Colisão transversal,Com Vítimas Fatais,Plena Noite,Crescente,Chuva,Simples,Reta,Sim,1.0,0.0,1.0,1.0,1.0,0.0,2.0,3.0,SPRF-ES,DEL02-ES,UOP01-DEL02-ES,1,fatal
2025-07-12,09:40,2025-07-12 09:40:00,2025.0,7.0,sabado,9.0,manha,ES,COLATINA,False,259.0,BR-259,51.6,-19.50209597,-40.61649621,Reação tardia ou ineficiente do condutor,Colisão lateral sentido oposto,Com Vítimas Feridas,Pleno dia,Crescente,Céu Claro,Dupla,Reta,Não,0.0,0.0,2.0,2.0,3.0,0.0,2.0,5.0,SPRF-ES,DEL02-ES,UOP01-DEL02-ES,0,moderado
2025-07-12,13:38,2025-07-12 13:38:00,2025.0,7.0,sabado,13.0,tarde,ES,LINHARES,False,101.0,BR-101,172.9,-19.53477477,-40.15737677,Acessar a via sem observar a presença dos outros veículos,Colisão transversal,Com Vítimas Feridas,Pleno dia,Decrescente,Céu Claro,Simples,Reta,Não,0.0,2.0,0.0,2.0,2.0,0.0,2.0,4.0,SPRF-ES,DEL04-ES,UOP01-DEL04-ES,1,grave
2025-07-12,17:00,2025-07-12 17:00:00,2025.0,7.0,sabado,17.0,tarde,ES,COLATINA,False,259.0,BR-259,71.8,-19.49994424,-40.77002764,Velocidade Incompatível,Colisão transversal,Com Vítimas Feridas,Anoitecer,Crescente,Nublado,Simples,Reta;Interseção de Vias,Não,0.0,1.0,0.0,1.0,0.0,1.0,2.0,2.0,SPRF-ES,DEL02-ES,UOP01-DEL02-ES,1,grave
2025-06-02,07:00,2025-06-02 07:00:00,2025.0,6.0,segunda,7.0,manha,ES,SERRA,True,101.0,BR-101,267.9,-20.19810692,-40.26855532,Condutor desrespeitou a iluminação vermelha do semáforo,Colisão transversal,Sem Vítimas,Pleno dia,Crescente,Céu Claro,Simples,Reta,Sim,0.0,0.0,0.0,0.0,0.0,1.0,1.0,1.0,SPRF-ES,DEL02-ES,UOP01-DEL02-ES,0,baixo
2025-07-13,11:00,2025-07-13 11:00:00,2025.0,7.0,domingo,11.0,manha,ES,DOMINGOS MARTINS,False,262.0,BR-262,84.6,-20.399802,-40.982405,Mal súbito do condutor,Tombamento,Com Vítimas Feridas,Pleno dia,Decrescente,Sol,Simples,Declive;Reta,Não,0.0,0.0,2.0,2.0,0.0,0.0,1.0,2.0,SPRF-ES,DEL01-ES,UOP02-DEL01-ES,0,moderado
2025-07-13,20:00,2025-07-13 20:00:00,2025.0,7.0,domingo,20.0,noite,ES,FUNDAO,True,101.0,BR-101,230.2,-19.9382946,-40.40656686,Entrada inopinada do pedestre,Atropelamento de Pedestre,Com Vítimas Feridas,Plena Noite,Decrescente,Céu Claro,Simples,Reta,Sim,0.0,0.0,1.0,1.0,1.0,1.0,2.0,3.0,SPRF-ES,DEL02-ES,UOP01-DEL02-ES,0,moderado
2025-07-13,22:35,2025-07-13 22:35:00,2025.0,7.0,domingo,22.0,noite,ES,JAGUARE,False,101.0,BR-101,98.0,-18.966926,-39.988902,Ingestão de álcool pelo condutor,Queda de ocupante de veículo,Com Vítimas Feridas,Plena Noite,Crescente,Céu Claro,Simples,Reta,Não,0.0,2.0,0.0,2.0,0.0,0.0,1.0,2.0,SPRF-ES,DEL04-ES,UOP02-DEL04-ES,1,grave
2025-07-14,07:40,2025-07-14 07:40:00,2025.0,7.0,segunda,7.0,manha,ES,LINHARES,False,101.0,BR-101,151.0,-19.40805131,-40.06434314,Reação tardia ou ineficiente do condutor,Colisão lateral mesmo sentido,Com Vítimas Feridas,Pleno dia,Crescente,Céu Claro,Simples,Declive,Sim,0.0,0.0,1.0,1.0,1.0,0.0,2.0,2.0,SPRF-ES,DEL04-ES,UOP01-DEL04-ES,0,moderado
2025-07-14,11:32,2025-07-14 11:32:00,2025.0,7.0,segunda,11.0,manha,ES,CACHOEIRO DE ITAPEMIRIM,False,101.0,BR-101,392.0,-20.9246801,-41.0807224,Desrespeitar a preferência no cruzamento,Colisão transversal,Com Vítimas Feridas,Pleno dia,Crescente,Céu Claro,Simples,Interseção de Vias,Não,0.0,1.0,0.0,1.0,1.0,0.0,2.0,2.0,SPRF-ES,DEL03-ES,UOP02-DEL03-ES,1,grave
2025-07-14,18:30,2025-07-14 18:30:00,2025.0,7.0,segunda,18.0,noite,ES,ANCHIETA,False,101.0,BR-101,355.0,-20.69180914,-40.68284512,Acesso irregular,Colisão transversal,Com Vítimas Feridas,Plena Noite,Crescente,Céu Claro,Dupla,Reta,Não,0.0,0.0,2.0,2.0,0.0,0.0,2.0,2.0,SPRF-ES,DEL03-ES,UOP01-DEL03-ES,0,moderado
2025-06-04,05:56,2025-06-04 05:56:00,2025.0,6.0,quarta,5.0,madrugada,ES,SERRA,True,101.0,BR-101,274.0,-20.0488604,-40.3866836,Ausência de reação do condutor,Colisão frontal,Com Vítimas Fatais,Amanhecer,Crescente,Céu Claro,Simples,Reta,Não,1.0,0.0,1.0,1.0,0.0,0.0,2.0,2.0,SPRF-ES,DEL02-ES,UOP01-DEL02-ES,1,fatal
2025-07-15,06:20,2025-07-15 06:20:00,2025.0,7.0,terca,6.0,manha,ES,SERRA,True,101.0,BR-101,263.9,-20.17328657,-40.26736383,Condutor desrespeitou a iluminação vermelha do semáforo,Colisão transversal,Com Vítimas Feridas,Pleno dia,Crescente,Céu Claro,Múltipla,Interseção de Vias,Sim,0.0,0.0,2.0,2.0,1.0,0.0,2.0,3.0,SPRF-ES,DEL02-ES,UOP01-DEL02-ES,0,moderado
2025-07-15,08:20,2025-07-15 08:20:00,2025.0,7.0,terca,8.0,manha,ES,SERRA,True,101.0,BR-101,270.0,-20.21368087,-40.26965261,Conversão proibida,Colisão lateral mesmo sentido,Com Vítimas Feridas,Pleno dia,Decrescente,Céu Claro,Múltipla,Reta;Interseção de Vias,Sim,0.0,0.0,2.0,2.0,0.0,0.0,2.0,2.0,SPRF-ES,DEL02-ES,UOP01-DEL02-ES,0,moderado
2025-07-15,09:45,2025-07-15 09:45:00,2025.0,7.0,terca,9.0,manha,ES,SERRA,True,101.0,BR-101,264.0,-20.1767759,-40.2660588,Reação tardia ou ineficiente do condutor,Colisão traseira,Com Vítimas Feridas,Pleno dia,Crescente,Nublado,Múltipla,Reta,Sim,0.0,0.0,1.0,1.0,1.0,0.0,2.0,2.0,SPRF-ES,DEL02-ES,UOP01-DEL02-ES,0,moderado
2025-07-15,17:45,2025-07-15 17:45:00,2025.0,7.0,terca,17.0,tarde,ES,VIANA,True,101.0,BR-101,298.1,-20.3547929,-40.4150631,Ausência de reação do condutor,Colisão traseira,Com Vítimas Feridas,Anoitecer,Decrescente,Céu Claro,Dupla,Interseção de Vias,Sim,0.0,0.0,1.0,1.0,2.0,0.0,3.0,3.0,SPRF-ES,DEL01-ES,UOP01-DEL01-ES,0,moderado
2025-07-15,18:00,2025-07-15 18:00:00,2025.0,7.0,terca,18.0,noite,ES,COLATINA,False,259.0,BR-259,64.5,-19.52067748,-40.71276695,Transitar na contramão,Colisão frontal,Com Vítimas Feridas,Plena Noite,Crescente,Céu Claro,Simples,Reta,Não,0.0,0.0,3.0,3.0,0.0,0.0,2.0,3.0,SPRF-ES,DEL02-ES,UOP01-DEL02-ES,0,moderado
2025-07-16,06:25,2025-07-16 06:25:00,2025.0,7.0,quarta,6.0,manha,ES,CARIACICA,True,101.0,BR-101,290.7,-20.29417999,-40.39407594,Acessar a via sem observar a presença dos outros veículos,Colisão transversal,Com Vítimas Fatais,Pleno dia,Decrescente,Céu Claro,Dupla,Reta,Sim,1.0,0.0,0.0,0.0,1.0,0.0,2.0,2.0,SPRF-ES,DEL01-ES,UOP01-DEL01-ES,1,fatal
2025-07-16,09:20,2025-07-16 09:20:00,2025.0,7.0,quarta,9.0,manha,ES,CARIACICA,True,101.0,BR-101,290.0,-20.2960054,-40.3868236,Conversão proibida,Colisão transversal,Com Vítimas Feridas,Pleno dia,Crescente,Céu Claro,Dupla,Curva;Retorno Regulamentado;Aclive,Não,0.0,0.0,2.0,2.0,1.0,0.0,2.0,3.0,SPRF-ES,DEL01-ES,UOP01-DEL01-ES,0,moderado
2025-07-16,15:30,2025-07-16 15:30:00,2025.0,7.0,quarta,15.0,tarde,ES,SERRA,True,101.0,BR-101,265.7,-20.19027243,-40.2682689,Ausência de reação do condutor,Colisão lateral mesmo sentido,Com Vítimas Feridas,Pleno dia,Decrescente,Céu Claro,Simples,Reta,Não,0.0,0.0,1.0,1.0,1.0,0.0,2.0,2.0,SPRF-ES,DEL02-ES,UOP01-DEL02-ES,0,moderado
2025-07-16,21:10,2025-07-16 21:10:00,2025.0,7.0,quarta,21.0,noite,ES,BAIXO GUANDU,False,101.0,BR-101,85.0,-19.5125844,-40.8838749,Ausência de reação do condutor,Saída de leito carroçável,Com Vítimas Feridas,Plena Noite,Crescente,Céu Claro,Simples,Curva,Não,0.0,0.0,1.0,1.0,0.0,0.0,1.0,1.0,SPRF-ES,DEL04-ES,UOP02-DEL04-ES,0,moderado
2025-07-16,20:30,2025-07-16 20:30:00,2025.0,7.0,quarta,20.0,noite,ES,CACHOEIRO DE ITAPEMIRIM,False,393.0,BR-393,5.7,-20.75785276,-41.25297544,Animais na Pista,Atropelamento de Animal,Com Vítimas Feridas,Plena Noite,Crescente,Céu Claro,Simples,Reta,Não,0.0,0.0,1.0,1.0,0.0,0.0,1.0,1.0,SPRF-ES,DEL03-ES,UOP02-DEL03-ES,0,moderado
2025-07-17,05:50,2025-07-17 05:50:00,2025.0,7.0,quinta,5.0,madrugada,ES,MUQUI,False,393.0,BR-393,16.6,-20.881281,-41.269114,Animais na Pista,Atropelamento de Animal,Com Vítimas Feridas,Amanhecer,Crescente,Nevoeiro/Neblina,Simples,Reta,Não,0.0,1.0,1.0,2.0,0.0,0.0,1.0,2.0,SPRF-ES,DEL03-ES,UOP02-DEL03-ES,1,grave
2025-07-17,09:00,2025-07-17 09:00:00,2025.0,7.0,quinta,9.0,manha,ES,SERRA,True,101.0,BR-101,270.0,-20.22096578,-40.27038574,Velocidade Incompatível,Queda de ocupante de veículo,Com Vítimas Feridas,Pleno dia,Crescente,Sol,Múltipla,Reta,Sim,0.0,0.0,1.0,1.0,1.0,0.0,1.0,2.0,SPRF-ES,DEL02-ES,UOP01-DEL02-ES,0,moderado
2025-07-17,15:20,2025-07-17 15:20:00,2025.0,7.0,quinta,15.0,tarde,ES,SERRA,True,101.0,BR-101,241.4,-20.02778,-40.398021,Conversão proibida,Colisão transversal,Com Vítimas Feridas,Pleno dia,Decrescente,Céu Claro,Simples,Retorno Regulamentado;Reta,Não,0.0,1.0,0.0,1.0,1.0,0.0,2.0,2.0,SPRF-ES,DEL02-ES,UOP01-DEL02-ES,1,grave
2025-07-17,22:50,2025-07-17 22:50:00,2025.0,7.0,quinta,22.0,noite,ES,CARIACICA,True,101.0,BR-101,296.0,-20.330719,-40.373472,Ausência de reação do condutor,Capotamento,Sem Vítimas,Plena Noite,Crescente,Céu Claro,Simples,Curva,Sim,0.0,0.0,0.0,0.0,0.0,1.0,1.0,1.0,SPRF-ES,DEL01-ES,UOP01-DEL01-ES,0,baixo
2025-07-18,14:32,2025-07-18 14:32:00,2025.0,7.0,sexta,14.0,tarde,ES,CONCEICAO DA BARRA,False,101.0,BR-101,49.0,-18.51586551,-39.91350174,Acessar a via sem observar a presença dos outros veículos,Colisão transversal,Com Vítimas Feridas,Pleno dia,Crescente,Sol,Simples,Interseção de Vias,Não,0.0,0.0,2.0,2.0,0.0,1.0,3.0,3.0,SPRF-ES,DEL04-ES,UOP02-DEL04-ES,0,moderado
2025-07-18,16:50,2025-07-18 16:50:00,2025.0,7.0,sexta,16.0,tarde,ES,SOORETAMA,False,101.0,BR-101,129.1,-19.21947659,-40.09376657,Condutor deixou de manter distância do veículo da frente,Colisão traseira,Com Vítimas Feridas,Pleno dia,Crescente,Céu Claro,Simples,Declive;Reta,Não,0.0,1.0,0.0,1.0,1.0,0.0,2.0,2.0,SPRF-ES,DEL04-ES,UOP01-DEL04-ES,1,grave
2025-07-18,21:00,2025-07-18 21:00:00,2025.0,7.0,sexta,21.0,noite,ES,SERRA,True,101.0,BR-101,270.0,-20.2265372,-40.2707054,Acessar a via sem observar a presença dos outros veículos,Colisão transversal,Com Vítimas Feridas,Plena Noite,Crescente,Céu Claro,Dupla,Reta,Sim,0.0,1.0,0.0,1.0,1.0,0.0,2.0,2.0,SPRF-ES,DEL02-ES,UOP01-DEL02-ES,1,grave
2025-07-19,09:10,2025-07-19 09:10:00,2025.0,7.0,sabado,9.0,manha,ES,LINHARES,False,101.0,BR-101,159.0,-19.46991652,-40.11122469,Acessar a via sem observar a presença dos outros veículos,Colisão transversal,Com Vítimas Feridas,Pleno dia,Crescente,Céu Claro,Simples,Interseção de Vias;Reta,Não,0.0,0.0,1.0,1.0,2.0,0.0,2.0,3.0,SPRF-ES,DEL04-ES,UOP01-DEL04-ES,0,moderado
2025-07-19,11:15,2025-07-19 11:15:00,2025.0,7.0,sabado,11.0,manha,ES,SERRA,True,101.0,BR-101,268.7,-20.21415,-40.26961,Ingestão de álcool pelo condutor,Colisão lateral mesmo sentido,Sem Vítimas,Pleno dia,Crescente,Céu Claro,Múltipla,Reta,Sim,0.0,0.0,0.0,0.0,1.0,1.0,2.0,2.0,SPRF-ES,DEL02-ES,UOP01-DEL02-ES,0,baixo
2025-07-19,12:00,2025-07-19 12:00:00,2025.0,7.0,sabado,12.0,tarde,ES,COLATINA,False,259.0,BR-259,48.5,-19.5189074,-40.6000022,Acessar a via sem observar a presença dos outros veículos,Colisão lateral mesmo sentido,Com Vítimas Feridas,Pleno dia,Crescente,Céu Claro,Simples,Reta,Sim,0.0,0.0,1.0,1.0,1.0,0.0,2.0,2.0,SPRF-ES,DEL02-ES,UOP01-DEL02-ES,0,moderado
2025-07-19,15:40,2025-07-19 15:40:00,2025.0,7.0,sabado,15.0,tarde,ES,SERRA,True,101.0,BR-101,264.2,-20.17207897,-40.26804076,Condutor deixou de manter distância do veículo da frente,Colisão traseira,Com Vítimas Feridas,Pleno dia,Crescente,Nublado,Múltipla,Reta,Sim,0.0,1.0,1.0,2.0,1.0,2.0,3.0,5.0,SPRF-ES,DEL02-ES,UOP01-DEL02-ES,1,grave
2025-07-19,15:25,2025-07-19 15:25:00,2025.0,7.0,sabado,15.0,tarde,ES,VENDA NOVA DO IMIGRANTE,False,262.0,BR-262,106.7,-20.32879742,-41.15072966,Transitar na contramão,Colisão lateral sentido oposto,Com Vítimas Fatais,Pleno dia,Decrescente,Céu Claro,Simples,Reta,Sim,1.0,0.0,1.0,1.0,2.0,0.0,3.0,4.0,SPRF-ES,DEL01-ES,UOP02-DEL01-ES,1,fatal
2025-07-19,16:05,2025-07-19 16:05:00,2025.0,7.0,sabado,16.0,tarde,ES,CARIACICA,True,101.0,BR-101,288.2,-20.2738388,-40.39201705,Pedestre cruzava a pista fora da faixa,Atropelamento de Pedestre,Com Vítimas Feridas,Pleno dia,Decrescente,Nublado,Dupla,Reta,Sim,0.0,1.0,0.0,1.0,1.0,0.0,2.0,2.0,SPRF-ES,DEL01-ES,UOP01-DEL01-ES,1,grave
2025-07-19,21:40,2025-07-19 21:40:00,2025.0,7.0,sabado,21.0,noite,ES,SERRA,True,101.0,BR-101,257.8,-20.1342461,-40.2976538,Ingestão de substâncias psicoativas pelo condutor,Colisão lateral mesmo sentido,Com Vítimas Feridas,Plena Noite,Decrescente,Céu Claro,Dupla,Aclive;Reta,Sim,0.0,0.0,1.0,1.0,1.0,1.0,2.0,3.0,SPRF-ES,DEL02-ES,UOP01-DEL02-ES,0,moderado
2025-07-20,04:30,2025-07-20 04:30:00,2025.0,7.0,domingo,4.0,madrugada,ES,CARIACICA,True,101.0,BR-101,296.1,-20.34087468,-40.4041636,Velocidade Incompatível,Saída de leito carroçável,Com Vítimas Feridas,Plena Noite,Decrescente,Nublado,Múltipla,Curva,Sim,0.0,0.0,1.0,1.0,0.0,0.0,1.0,1.0,SPRF-ES,DEL01-ES,UOP01-DEL01-ES,0,moderado
2025-07-20,09:35,2025-07-20 09:35:00,2025.0,7.0,domingo,9.0,manha,ES,SERRA,True,101.0,BR-101,264.5,-20.17651907,-40.26599618,Ausência de reação do condutor,Colisão lateral mesmo sentido,Com Vítimas Feridas,Pleno dia,Crescente,Céu Claro,Dupla,Reta,Sim,0.0,1.0,1.0,2.0,0.0,1.0,2.0,3.0,SPRF-ES,DEL02-ES,UOP01-DEL02-ES,1,grave
2025-07-20,14:25,2025-07-20 14:25:00,2025.0,7.0,domingo,14.0,tarde,ES,LINHARES,False,101.0,BR-101,148.0,-19.3875722,-40.06734579,Manobra de mudança de faixa,Tombamento,Com Vítimas Feridas,Pleno dia,Decrescente,Céu Claro,Múltipla,Reta,Sim,0.0,0.0,1.0,1.0,0.0,1.0,2.0,2.0,SPRF-ES,DEL04-ES,UOP01-DEL04-ES,0,moderado
2025-07-20,14:20,2025-07-20 14:20:00,2025.0,7.0,domingo,14.0,tarde,ES,IUNA,False,262.0,BR-262,185.0,-20.3006269,-41.7082346,Ausência de reação do condutor,Tombamento,Com Vítimas Feridas,Pleno dia,Crescente,Sol,Simples,Reta,Não,0.0,1.0,0.0,1.0,0.0,0.0,1.0,1.0,SPRF-ES,DEL01-ES,UOP02-DEL01-ES,1,grave
2025-07-20,16:15,2025-07-20 16:15:00,2025.0,7.0,domingo,16.0,tarde,ES,IUNA,False,262.0,BR-262,191.0,-20.3022279,-41.7463857,Mal súbito do condutor,Colisão com objeto,Com Vítimas Feridas,Pleno dia,Crescente,Céu Claro,Simples,Declive;Reta,Não,0.0,0.0,2.0,2.0,0.0,0.0,1.0,2.0,SPRF-ES,DEL01-ES,UOP02-DEL01-ES,0,moderado
2025-07-20,19:27,2025-07-20 19:27:00,2025.0,7.0,domingo,19.0,noite,ES,VILA VELHA,True,447.0,BR-447,14.0,-20.340489,-40.327832,Pedestre cruzava a pista fora da faixa,Atropelamento de Pedestre,Com Vítimas Feridas,Plena Noite,Crescente,Céu Claro,Simples,Reta,Sim,0.0,0.0,1.0,1.0,1.0,1.0,2.0,3.0,SPRF-ES,DEL01-ES,UOP01-DEL01-ES,0,moderado
2025-07-20,21:15,2025-07-20 21:15:00,2025.0,7.0,domingo,21.0,noite,ES,SOORETAMA,False,101.0,BR-101,117.0,-19.11787173,-40.06231324,Acessar a via sem observar a presença dos outros veículos,Colisão transversal,Com Vítimas Feridas,Plena Noite,Decrescente,Céu Claro,Simples,Reta;Interseção de Vias,Não,0.0,0.0,1.0,1.0,2.0,0.0,2.0,3.0,SPRF-ES,DEL04-ES,UOP01-DEL04-ES,0,moderado
2025-07-21,08:50,2025-07-21 08:50:00,2025.0,7.0,segunda,8.0,manha,ES,CARIACICA,True,101.0,BR-101,292.1,-20.30785364,-40.39462566,Acessar a via sem observar a presença dos outros veículos,Colisão transversal,Com Vítimas Feridas,Pleno dia,Decrescente,Céu Claro,Dupla,Interseção de Vias,Sim,0.0,1.0,0.0,1.0,1.0,1.0,2.0,3.0,SPRF-ES,DEL01-ES,UOP01-DEL01-ES,1,grave
2025-07-21,08:20,2025-07-21 08:20:00,2025.0,7.0,segunda,8.0,manha,ES,ANCHIETA,False,101.0,BR-101,371.7,-20.76906,-40.771342,Condutor Dormindo,Saída de leito carroçável,Com Vítimas Feridas,Pleno dia,Decrescente,Céu Claro,Simples,Curva,Não,0.0,1.0,0.0,1.0,0.0,0.0,1.0,1.0,SPRF-ES,DEL03-ES,UOP01-DEL03-ES,1,grave
2025-07-21,11:50,2025-07-21 11:50:00,2025.0,7.0,segunda,11.0,manha,ES,IBATIBA,False,262.0,BR-262,160.0,-20.236898,-41.516178,Reação tardia ou ineficiente do condutor,Colisão lateral sentido oposto,Com Vítimas Feridas,Pleno dia,Crescente,Sol,Simples,Declive;Curva,Sim,0.0,0.0,1.0,1.0,1.0,0.0,2.0,2.0,SPRF-ES,DEL01-ES,UOP02-DEL01-ES,0,moderado
2025-07-21,11:40,2025-07-21 11:40:00,2025.0,7.0,segunda,11.0,manha,ES,SERRA,True,101.0,BR-101,270.0,-20.2262056,-40.2709164,Pedestre cruzava a pista fora da faixa,Atropelamento de Pedestre,Com Vítimas Feridas,Pleno dia,Crescente,Céu Claro,Dupla,Curva,Sim,0.0,1.0,0.0,1.0,1.0,0.0,2.0,2.0,SPRF-ES,DEL02-ES,UOP01-DEL02-ES,1,grave
2025-07-21,15:40,2025-07-21 15:40:00,2025.0,7.0,segunda,15.0,tarde,ES,FUNDAO,True,101.0,BR-101,228.6,-19.924132,-40.4065605,Acessar a via sem observar a presença dos outros veículos,Colisão transversal,Sem Vítimas,Pleno dia,Decrescente,Nublado,Simples,Reta,Não,0.0,0.0,0.0,0.0,2.0,0.0,2.0,2.0,SPRF-ES,DEL02-ES,UOP01-DEL02-ES,0,baixo
2025-07-21,10:00,2025-07-21 10:00:00,2025.0,7.0,segunda,10.0,manha,ES,SAO MATEUS,False,101.0,BR-101,66.0,-18.71539,-39.87622,Condutor deixou de manter distância do veículo da frente,Colisão traseira,Com Vítimas Feridas,Pleno dia,Crescente,Céu Claro,Dupla,Reta,Não,0.0,0.0,1.0,1.0,1.0,0.0,2.0,2.0,SPRF-ES,DEL04-ES,UOP02-DEL04-ES,0,moderado
2025-07-21,22:00,2025-07-21 22:00:00,2025.0,7.0,segunda,22.0,noite,ES,SERRA,True,101.0,BR-101,18.5,-20.217911,-40.33605,Reação tardia ou ineficiente do condutor,Colisão com objeto,Com Vítimas Feridas,Plena Noite,Decrescente,Céu Claro,Dupla,Curva,Não,0.0,1.0,0.0,1.0,0.0,0.0,1.0,1.0,SPRF-ES,DEL02-ES,UOP01-DEL02-ES,1,grave
2025-07-22,07:00,2025-07-22 07:00:00,2025.0,7.0,terca,7.0,manha,ES,SERRA,True,101.0,BR-101,265.5,-20.18813439,-40.26843381,Condutor deixou de manter distância do veículo da frente,Colisão traseira,Com Vítimas Feridas,Pleno dia,Crescente,Céu Claro,Dupla,Reta,Sim,0.0,0.0,1.0,1.0,1.0,0.0,2.0,2.0,SPRF-ES,DEL02-ES,UOP01-DEL02-ES,0,moderado
2025-07-22,07:20,2025-07-22 07:20:00,2025.0,7.0,terca,7.0,manha,ES,JOAO NEIVA,False,101.0,BR-101,203.0,-19.74554411,-40.37613837,Velocidade Incompatível,Saída de leito carroçável,Sem Vítimas,Pleno dia,Crescente,Céu Claro,Simples,Reta,Não,0.0,0.0,0.0,0.0,0.0,1.0,1.0,1.0,SPRF-ES,DEL04-ES,UOP01-DEL04-ES,0,baixo
2025-07-22,07:40,2025-07-22 07:40:00,2025.0,7.0,terca,7.0,manha,ES,LINHARES,False,101.0,BR-101,144.0,-19.35402527,-40.06360143,Velocidade Incompatível,Atropelamento de Pedestre,Com Vítimas Feridas,Pleno dia,Decrescente,Céu Claro,Dupla,Reta,Não,0.0,0.0,3.0,3.0,0.0,0.0,2.0,3.0,SPRF-ES,DEL04-ES,UOP01-DEL04-ES,0,moderado
2025-07-22,13:20,2025-07-22 13:20:00,2025.0,7.0,terca,13.0,tarde,ES,SAO MATEUS,False,101.0,BR-101,58.9,-18.67188567,-39.86658303,Condutor deixou de manter distância do veículo da frente,Colisão traseira,Com Vítimas Feridas,Pleno dia,Crescente,Sol,Simples,Reta;Aclive,Não,0.0,0.0,1.0,1.0,1.0,0.0,2.0,2.0,SPRF-ES,DEL04-ES,UOP02-DEL04-ES,0,moderado
2025-07-22,17:40,2025-07-22 17:40:00,2025.0,7.0,terca,17.0,tarde,ES,COLATINA,False,259.0,BR-259,30.0,-19.57401021,-40.50709009,Ultrapassagem Indevida,Colisão frontal,Com Vítimas Feridas,Plena Noite,Decrescente,Céu Claro,Dupla,Reta,Não,0.0,0.0,5.0,5.0,0.0,0.0,2.0,5.0,SPRF-ES,DEL02-ES,UOP01-DEL02-ES,0,moderado
2025-07-23,07:40,2025-07-23 07:40:00,2025.0,7.0,quarta,7.0,manha,ES,CARIACICA,True,101.0,BR-101,290.3,-20.29406848,-40.39324936,Avarias e/ou desgaste excessivo no pneu,Tombamento,Com Vítimas Feridas,Pleno dia,Crescente,Céu Claro,Dupla,Reta,Sim,0.0,0.0,2.0,2.0,0.0,0.0,1.0,2.0,SPRF-ES,DEL01-ES,UOP01-DEL01-ES,0,moderado
2025-07-23,16:15,2025-07-23 16:15:00,2025.0,7.0,quarta,16.0,tarde,ES,SAO MATEUS,False,101.0,BR-101,70.5,-18.7480909,-39.8618377,Acesso irregular,Colisão transversal,Com Vítimas Feridas,Pleno dia,Crescente,Céu Claro,Simples,Reta,Não,0.0,0.0,1.0,1.0,1.0,0.0,2.0,2.0,SPRF-ES,DEL04-ES,UOP02-DEL04-ES,0,moderado