data,hora,data_hora,ano,mes,dia_semana,hora_dia,periodo_dia,uf,municipio,regiao_grande_vitoria,rodovia,rodovia_label,km,latitude,longitude,causa,tipo_acidente,classificacao,fase_dia,sentido_via,condicao_metereologica,tipo_pista,tracado_via,uso_solo,mortos,feridos_graves,feridos_leves,feridos,ilesos,ignorados,veiculos,pessoas,regional,delegacia,uop,risco_alto,nivel_risco
2025-07-23,18:20,2025-07-23 18:20:00,2025.0,7.0,quarta,18.0,noite,ES,SERRA,True,101.0,BR-101,260.5,-20.14704296,-40.28123975,Condutor deixou de manter distância do veículo da frente,Colisão traseira,Com Vítimas Feridas,Anoitecer,Crescente,Ignorado,Dupla,Curva,Não,0.0,0.0,1.0,1.0,2.0,0.0,2.0,3.0,SPRF-ES,DEL02-ES,UOP01-DEL02-ES,0,moderado
2025-07-24,03:30,2025-07-24 03:30:00,2025.0,7.0,quinta,3.0,madrugada,ES,VIANA,True,101.0,BR-101,302.6,-20.37560324,-40.44286108,Velocidade Incompatível,Saída de leito carroçável,Com Vítimas Feridas,Plena Noite,Decrescente,Céu Claro,Dupla,Curva,Sim,0.0,0.0,1.0,1.0,0.0,0.0,1.0,1.0,SPRF-ES,DEL01-ES,UOP01-DEL01-ES,0,moderado
2025-07-24,08:25,2025-07-24 08:25:00,2025.0,7.0,quinta,8.0,manha,ES,CARIACICA,True,101.0,BR-101,296.8,-20.343869,-40.408154,Manobra de mudança de faixa,Colisão com objeto,Com Vítimas Feridas,Pleno dia,Crescente,Céu Claro,Múltipla,Curva,Sim,0.0,0.0,1.0,1.0,0.0,0.0,1.0,1.0,SPRF-ES,DEL01-ES,UOP01-DEL01-ES,0,moderado
2025-07-24,17:00,2025-07-24 17:00:00,2025.0,7.0,quinta,17.0,tarde,ES,LINHARES,False,101.0,BR-101,144.0,-19.35584,-40.06423,Condutor deixou de manter distância do veículo da frente,Colisão traseira,Com Vítimas Feridas,Anoitecer,Crescente,Céu Claro,Simples,Reta,Sim,0.0,0.0,1.0,1.0,2.0,0.0,2.0,3.0,SPRF-ES,DEL04-ES,UOP01-DEL04-ES,0,moderado
2025-07-24,17:30,2025-07-24 17:30:00,2025.0,7.0,quinta,17.0,tarde,ES,CARIACICA,True,101.0,BR-101,290.8,-20.29572166,-40.39364934,Desrespeitar a preferência no cruzamento,Colisão transversal,Com Vítimas Feridas,Anoitecer,Decrescente,Céu Claro,Dupla,Reta;Aclive,Sim,0.0,1.0,0.0,1.0,1.0,0.0,2.0,2.0,SPRF-ES,DEL01-ES,UOP01-DEL01-ES,1,grave
2025-03-15,10:30,2025-03-15 10:30:00,2025.0,3.0,sabado,10.0,manha,ES,IBIRACU,False,101.0,BR-101,218.9,-19.8121756,-40.36557075,Pedestre cruzava a pista fora da faixa,Atropelamento de Pedestre,Com Vítimas Fatais,Pleno dia,Decrescente,Céu Claro,Dupla,Curva,Não,1.0,0.0,0.0,0.0,1.0,1.0,2.0,3.0,SPRF-ES,DEL02-ES,UOP01-DEL02-ES,1,fatal
2025-07-25,15:20,2025-07-25 15:20:00,2025.0,7.0,sexta,15.0,tarde,ES,JAGUARE,False,101.0,BR-101,81.0,-18.94558273,-39.97650146,Avarias e/ou desgaste excessivo no pneu,Saída de leito carroçável,Com Vítimas Feridas,Pleno dia,Decrescente,Céu Claro,Simples,Reta,Não,0.0,0.0,1.0,1.0,0.0,0.0,1.0,1.0,SPRF-ES,DEL04-ES,UOP02-DEL04-ES,0,moderado
2025-07-25,16:45,2025-07-25 16:45:00,2025.0,7.0,sexta,16.0,tarde,ES,SERRA,True,101.0,BR-101,254.8,-20.114917,-40.319548,Condutor deixou de manter distância do veículo da frente,Colisão traseira,Com Vítimas Feridas,Pleno dia,Crescente,Céu Claro,Simples,Aclive;Reta,Sim,0.0,0.0,1.0,1.0,1.0,0.0,2.0,2.0,SPRF-ES,DEL02-ES,UOP01-DEL02-ES,0,moderado
2025-07-25,17:40,2025-07-25 17:40:00,2025.0,7.0,sexta,17.0,tarde,ES,SERRA,True,101.0,BR-101,270.4,-20.231971,-40.273888,Manobra de mudança de faixa,Colisão lateral mesmo sentido,Com Vítimas Feridas,Plena Noite,Decrescente,Céu Claro,Dupla,Reta,Sim,0.0,0.0,2.0,2.0,1.0,0.0,2.0,3.0,SPRF-ES,DEL02-ES,UOP01-DEL02-ES,0,moderado
2025-07-25,20:50,2025-07-25 20:50:00,2025.0,7.0,sexta,20.0,noite,ES,IBIRACU,False,101.0,BR-101,213.0,-19.82459,-40.369548,Reação tardia ou ineficiente do condutor,Colisão transversal,Com Vítimas Feridas,Plena Noite,Crescente,Céu Claro,Simples,Reta,Sim,0.0,0.0,1.0,1.0,2.0,0.0,2.0,3.0,SPRF-ES,DEL02-ES,UOP01-DEL02-ES,0,moderado
2025-07-26,06:30,2025-07-26 06:30:00,2025.0,7.0,sabado,6.0,manha,ES,ICONHA,False,101.0,BR-101,373.9,-20.78585639,-40.78216966,Chuva,Colisão com objeto,Com Vítimas Feridas,Pleno dia,Decrescente,Chuva,Dupla,Curva,Não,0.0,0.0,1.0,1.0,0.0,0.0,1.0,1.0,SPRF-ES,DEL03-ES,UOP01-DEL03-ES,0,moderado
2025-07-26,13:40,2025-07-26 13:40:00,2025.0,7.0,sabado,13.0,tarde,ES,FUNDAO,True,101.0,BR-101,239.0,-20.01375833,-40.40522575,Ingestão de álcool pelo condutor,Colisão traseira,Com Vítimas Feridas,Pleno dia,Decrescente,Céu Claro,Dupla,Reta,Não,0.0,1.0,2.0,3.0,3.0,0.0,4.0,6.0,SPRF-ES,DEL02-ES,UOP01-DEL02-ES,1,grave
2025-07-26,13:00,2025-07-26 13:00:00,2025.0,7.0,sabado,13.0,tarde,ES,DOMINGOS MARTINS,False,262.0,BR-262,36.0,-20.382063,-40.607021,Acesso irregular,Colisão lateral mesmo sentido,Com Vítimas Feridas,Pleno dia,Crescente,Céu Claro,Simples,Curva,Não,0.0,0.0,2.0,2.0,0.0,0.0,2.0,2.0,SPRF-ES,DEL01-ES,UOP01-DEL01-ES,0,moderado
2025-07-26,15:40,2025-07-26 15:40:00,2025.0,7.0,sabado,15.0,tarde,ES,SERRA,True,101.0,BR-101,251.0,-20.0852763,-40.3452301,Reação tardia ou ineficiente do condutor,Tombamento,Com Vítimas Feridas,Pleno dia,Decrescente,Céu Claro,Simples,Reta;Aclive,Não,0.0,0.0,1.0,1.0,0.0,0.0,1.0,1.0,SPRF-ES,DEL02-ES,UOP01-DEL02-ES,0,moderado
2025-07-26,19:45,2025-07-26 19:45:00,2025.0,7.0,sabado,19.0,noite,ES,CARIACICA,True,101.0,BR-101,294.8,-20.33093023,-40.39923833,Reação tardia ou ineficiente do condutor,Colisão com objeto,Com Vítimas Feridas,Plena Noite,Decrescente,Nublado,Múltipla,Declive;Reta,Sim,0.0,0.0,1.0,1.0,0.0,0.0,1.0,1.0,SPRF-ES,DEL01-ES,UOP01-DEL01-ES,0,moderado
2025-07-26,21:00,2025-07-26 21:00:00,2025.0,7.0,sabado,21.0,noite,ES,CONCEICAO DA BARRA,False,101.0,BR-101,32.3,-18.43157039,-39.93394939,Condutor deixou de manter distância do veículo da frente,Colisão traseira,Com Vítimas Feridas,Plena Noite,Crescente,Nublado,Simples,Reta;Aclive,Sim,0.0,0.0,1.0,1.0,1.0,0.0,2.0,2.0,SPRF-ES,DEL04-ES,UOP02-DEL04-ES,0,moderado
2025-07-27,00:30,2025-07-27 00:30:00,2025.0,7.0,domingo,0.0,madrugada,ES,IUNA,False,262.0,BR-262,185.0,-20.300513,-41.708798,Acesso irregular,Colisão frontal,Com Vítimas Feridas,Plena Noite,Crescente,Céu Claro,Simples,Reta;Interseção de Vias,Sim,0.0,1.0,0.0,1.0,0.0,1.0,2.0,2.0,SPRF-ES,DEL01-ES,UOP02-DEL01-ES,1,grave
2025-07-27,01:30,2025-07-27 01:30:00,2025.0,7.0,domingo,1.0,madrugada,ES,IBATIBA,False,262.0,BR-262,162.6,-20.234369,-41.527972,Ausência de reação do condutor,Saída de leito carroçável,Com Vítimas Feridas,Plena Noite,Crescente,Céu Claro,Simples,Curva,Não,0.0,0.0,1.0,1.0,0.0,0.0,1.0,1.0,SPRF-ES,DEL01-ES,UOP02-DEL01-ES,0,moderado
2025-07-27,03:30,2025-07-27 03:30:00,2025.0,7.0,domingo,3.0,madrugada,ES,GUARAPARI,True,101.0,BR-101,338.5,-20.64374884,-40.55453897,Afundamento ou ondulação no pavimento,Colisão com objeto,Com Vítimas Feridas,Plena Noite,Decrescente,Céu Claro,Dupla,Curva,Não,0.0,0.0,2.0,2.0,0.0,0.0,1.0,2.0,SPRF-ES,DEL03-ES,UOP01-DEL03-ES,0,moderado
2025-07-27,05:20,2025-07-27 05:20:00,2025.0,7.0,domingo,5.0,madrugada,ES,ICONHA,False,101.0,BR-101,372.1,-20.7717528,-40.77659067,Ingestão de álcool pelo condutor,Colisão lateral sentido oposto,Sem Vítimas,Plena Noite,Crescente,Céu Claro,Simples,Curva,Não,0.0,0.0,0.0,0.0,3.0,0.0,2.0,3.0,SPRF-ES,DEL03-ES,UOP01-DEL03-ES,0,baixo
2025-07-27,06:00,2025-07-27 06:00:00,2025.0,7.0,domingo,6.0,manha,ES,LINHARES,False,101.0,BR-101,142.3,-19.33698667,-40.06665667,Reação tardia ou ineficiente do condutor,Colisão traseira,Com Vítimas Feridas,Amanhecer,Crescente,Garoa/Chuvisco,Múltipla,Reta,Não,0.0,0.0,1.0,1.0,1.0,1.0,2.0,3.0,SPRF-ES,DEL04-ES,UOP01-DEL04-ES,0,moderado
2025-07-27,08:10,2025-07-27 08:10:00,2025.0,7.0,domingo,8.0,manha,ES,SERRA,True,101.0,BR-101,243.0,-20.0442,-40.3897,Demais falhas mecânicas ou elétricas,Incêndio,Sem Vítimas,Pleno dia,Crescente,Céu Claro,Simples,Reta,Não,0.0,0.0,0.0,0.0,4.0,0.0,1.0,4.0,SPRF-ES,DEL02-ES,UOP01-DEL02-ES,0,baixo
2025-07-27,16:50,2025-07-27 16:50:00,2025.0,7.0,domingo,16.0,tarde,ES,LINHARES,False,101.0,BR-101,141.7,-19.33189509,-40.06938863,Demais falhas mecânicas ou elétricas,Saída de leito carroçável,Com Vítimas Feridas,Pleno dia,Crescente,Nublado,Múltipla,Reta,Não,0.0,0.0,2.0,2.0,0.0,0.0,1.0,2.0,SPRF-ES,DEL04-ES,UOP01-DEL04-ES,0,moderado
2025-07-27,19:30,2025-07-27 19:30:00,2025.0,7.0,domingo,19.0,noite,ES,COLATINA,False,259.0,BR-259,60.0,-19.52477054,-40.67318559,Reação tardia ou ineficiente do condutor,Colisão com objeto,Com Vítimas Feridas,Plena Noite,Crescente,Céu Claro,Simples,Rotatória,Sim,0.0,0.0,1.0,1.0,0.0,0.0,1.0,1.0,SPRF-ES,DEL02-ES,UOP01-DEL02-ES,0,moderado
2025-07-27,23:00,2025-07-27 23:00:00,2025.0,7.0,domingo,23.0,noite,ES,VIANA,True,101.0,BR-101,298.0,-20.351398,-40.413696,Objeto estático sobre o leito carroçável,Queda de ocupante de veículo,Com Vítimas Feridas,Plena Noite,Crescente,Céu Claro,Dupla,Reta,Sim,0.0,1.0,1.0,2.0,0.0,0.0,1.0,2.0,SPRF-ES,DEL01-ES,UOP01-DEL01-ES,1,grave
2025-07-28,07:05,2025-07-28 07:05:00,2025.0,7.0,segunda,7.0,manha,ES,LINHARES,False,101.0,BR-101,146.6,-19.37623298,-40.06660283,Manobra de mudança de faixa,Colisão lateral mesmo sentido,Com Vítimas Feridas,Pleno dia,Crescente,Céu Claro,Múltipla,Reta,Sim,0.0,0.0,1.0,1.0,1.0,1.0,3.0,3.0,SPRF-ES,DEL04-ES,UOP01-DEL04-ES,0,moderado
2025-07-28,07:21,2025-07-28 07:21:00,2025.0,7.0,segunda,7.0,manha,ES,CARIACICA,True,101.0,BR-101,290.8,-20.295806,-40.393701,Acessar a via sem observar a presença dos outros veículos,Colisão transversal,Com Vítimas Feridas,Pleno dia,Crescente,Céu Claro,Dupla,Reta;Retorno Regulamentado,Sim,0.0,0.0,1.0,1.0,1.0,0.0,2.0,2.0,SPRF-ES,DEL01-ES,UOP01-DEL01-ES,0,moderado
2025-07-28,08:10,2025-07-28 08:10:00,2025.0,7.0,segunda,8.0,manha,ES,SOORETAMA,False,101.0,BR-101,125.0,-19.18919522,-40.09490146,Condutor deixou de manter distância do veículo da frente,Colisão traseira,Com Vítimas Feridas,Pleno dia,Crescente,Céu Claro,Múltipla,Reta;Aclive,Sim,0.0,0.0,1.0,1.0,1.0,0.0,2.0,2.0,SPRF-ES,DEL04-ES,UOP01-DEL04-ES,0,moderado
2025-07-28,09:30,2025-07-28 09:30:00,2025.0,7.0,segunda,9.0,manha,ES,SERRA,True,101.0,BR-101,267.1,-20.19859505,-40.26896864,Manobra de mudança de faixa,Queda de ocupante de veículo,Com Vítimas Feridas,Pleno dia,Crescente,Céu Claro,Múltipla,Reta,Sim,0.0,0.0,1.0,1.0,0.0,0.0,1.0,1.0,SPRF-ES,DEL02-ES,UOP01-DEL02-ES,0,moderado
2025-07-28,09:37,2025-07-28 09:37:00,2025.0,7.0,segunda,9.0,manha,ES,CARIACICA,True,101.0,BR-101,294.0,-20.3296923,-40.3997527,Entrada inopinada do pedestre,Atropelamento de Pedestre,Com Vítimas Feridas,Pleno dia,Decrescente,Céu Claro,Dupla,Reta,Sim,0.0,1.0,0.0,1.0,1.0,0.0,2.0,2.0,SPRF-ES,DEL01-ES,UOP01-DEL01-ES,1,grave
2025-07-28,10:29,2025-07-28 10:29:00,2025.0,7.0,segunda,10.0,manha,ES,CARIACICA,True,101.0,BR-101,292.9,-20.31855038,-40.39638519,Ausência de reação do condutor,Colisão traseira,Com Vítimas Feridas,Pleno dia,Decrescente,Céu Claro,Dupla,Declive,Sim,0.0,0.0,1.0,1.0,3.0,0.0,4.0,4.0,SPRF-ES,DEL01-ES,UOP01-DEL01-ES,0,moderado
2025-07-28,15:30,2025-07-28 15:30:00,2025.0,7.0,segunda,15.0,tarde,ES,RIO NOVO DO SUL,False,101.0,BR-101,386.5,-20.844807,-40.877143,Ausência de reação do condutor,Saída de leito carroçável,Com Vítimas Feridas,Pleno dia,Decrescente,Céu Claro,Simples,Curva,Não,0.0,1.0,1.0,2.0,0.0,0.0,1.0,2.0,SPRF-ES,DEL03-ES,UOP01-DEL03-ES,1,grave
2025-07-28,17:45,2025-07-28 17:45:00,2025.0,7.0,segunda,17.0,tarde,ES,CARIACICA,True,101.0,BR-101,297.0,-20.34817903,-40.41180575,Condutor deixou de manter distância do veículo da frente,Colisão traseira,Com Vítimas Feridas,Plena Noite,Crescente,Céu Claro,Dupla,Reta,Sim,0.0,0.0,1.0,1.0,0.0,1.0,2.0,2.0,SPRF-ES,DEL01-ES,UOP01-DEL01-ES,0,moderado
2025-07-29,06:00,2025-07-29 06:00:00,2025.0,7.0,terca,6.0,manha,ES,VIANA,True,262.0,BR-262,25.0,-20.379485,-40.537222,Condutor deixou de manter distância do veículo da frente,Colisão traseira,Com Vítimas Feridas,Pleno dia,Crescente,Céu Claro,Simples,Reta,Não,0.0,0.0,1.0,1.0,1.0,0.0,2.0,2.0,SPRF-ES,DEL01-ES,UOP01-DEL01-ES,0,moderado
2025-07-29,14:00,2025-07-29 14:00:00,2025.0,7.0,terca,14.0,tarde,ES,SAO MATEUS,False,101.0,BR-101,79.0,-18.7271255,-39.8366474,Ausência de reação do condutor,Capotamento,Com Vítimas Feridas,Pleno dia,Decrescente,Céu Claro,Simples,Reta;Ponte,Não,0.0,0.0,2.0,2.0,0.0,0.0,1.0,2.0,SPRF-ES,DEL04-ES,UOP02-DEL04-ES,0,moderado
2025-07-29,15:30,2025-07-29 15:30:00,2025.0,7.0,terca,15.0,tarde,ES,LINHARES,False,101.0,BR-101,141.5,-19.3299559,-40.06984744,Pedestre - Ingestão de álcool/ substâncias psicoativas,Colisão traseira,Com Vítimas Feridas,Pleno dia,Decrescente,Céu Claro,Dupla,Reta,Sim,0.0,0.0,1.0,1.0,2.0,1.0,3.0,4.0,SPRF-ES,DEL04-ES,UOP01-DEL04-ES,0,moderado
2025-07-30,07:50,2025-07-30 07:50:00,2025.0,7.0,quarta,7.0,manha,ES,SAO MATEUS,False,101.0,BR-101,69.0,-18.73872765,-39.86103773,Acessar a via sem observar a presença dos outros veículos,Colisão transversal,Com Vítimas Feridas,Pleno dia,Crescente,Nublado,Simples,Reta,Sim,0.0,0.0,2.0,2.0,1.0,0.0,2.0,3.0,SPRF-ES,DEL04-ES,UOP02-DEL04-ES,0,moderado
2025-07-30,08:49,2025-07-30 08:49:00,2025.0,7.0,quarta,8.0,manha,ES,IBATIBA,False,262.0,BR-262,169.0,-20.251363,-41.56377,Ausência de reação do condutor,Colisão transversal,Com Vítimas Feridas,Pleno dia,Crescente,Sol,Simples,Retorno Regulamentado,Não,0.0,0.0,1.0,1.0,1.0,0.0,2.0,2.0,SPRF-ES,DEL01-ES,UOP02-DEL01-ES,0,moderado
2025-07-30,16:45,2025-07-30 16:45:00,2025.0,7.0,quarta,16.0,tarde,ES,CARIACICA,True,101.0,BR-101,287.4,-20.267112,-40.387315,Acessar a via sem observar a presença dos outros veículos,Colisão lateral mesmo sentido,Com Vítimas Feridas,Pleno dia,Crescente,Céu Claro,Dupla,Reta,Sim,0.0,0.0,2.0,2.0,0.0,1.0,2.0,3.0,SPRF-ES,DEL01-ES,UOP01-DEL01-ES,0,moderado
2025-07-30,18:50,2025-07-30 18:50:00,2025.0,7.0,quarta,18.0,noite,ES,SERRA,True,101.0,BR-101,264.0,-20.178088,-40.265524,Acesso irregular,Colisão transversal,Com Vítimas Feridas,Anoitecer,Decrescente,Céu Claro,Dupla,Reta,Não,0.0,0.0,1.0,1.0,0.0,1.0,2.0,2.0,SPRF-ES,DEL02-ES,UOP01-DEL02-ES,0,moderado
2025-07-30,22:39,2025-07-30 22:39:00,2025.0,7.0,quarta,22.0,noite,ES,SERRA,True,101.0,BR-101,240.0,-20.054016,-40.3800064,Reação tardia ou ineficiente do condutor,Colisão frontal,Com Vítimas Feridas,Pleno dia,Decrescente,Chuva,Dupla,Reta,Não,0.0,1.0,0.0,1.0,1.0,0.0,2.0,2.0,SPRF-ES,DEL02-ES,UOP01-DEL02-ES,1,grave
2025-07-31,12:10,2025-07-31 12:10:00,2025.0,7.0,quinta,12.0,tarde,ES,ARACRUZ,False,101.0,BR-101,189.0,-19.68162431,-40.27077592,Acessar a via sem observar a presença dos outros veículos,Colisão transversal,Com Vítimas Feridas,Pleno dia,Decrescente,Céu Claro,Simples,Retorno Regulamentado;Reta,Sim,0.0,0.0,1.0,1.0,1.0,0.0,2.0,2.0,SPRF-ES,DEL04-ES,UOP01-DEL04-ES,0,moderado
2025-07-31,12:50,2025-07-31 12:50:00,2025.0,7.0,quinta,12.0,tarde,ES,LINHARES,False,101.0,BR-101,147.4,-19.39481488,-40.06537311,Condutor desrespeitou a iluminação vermelha do semáforo,Colisão transversal,Com Vítimas Feridas,Pleno dia,Crescente,Céu Claro,Dupla,Reta;Interseção de Vias,Sim,0.0,0.0,1.0,1.0,1.0,0.0,2.0,2.0,SPRF-ES,DEL04-ES,UOP01-DEL04-ES,0,moderado
2025-07-31,23:10,2025-07-31 23:10:00,2025.0,7.0,quinta,23.0,noite,ES,LINHARES,False,101.0,BR-101,149.0,-19.40223508,-40.0610687,Animais na Pista,Tombamento,Com Vítimas Feridas,Plena Noite,Crescente,Céu Claro,Múltipla,Curva;Declive,Sim,0.0,0.0,1.0,1.0,0.0,0.0,1.0,1.0,SPRF-ES,DEL04-ES,UOP01-DEL04-ES,0,moderado
2025-08-01,07:40,2025-08-01 07:40:00,2025.0,8.0,sexta,7.0,manha,ES,SERRA,True,101.0,BR-101,278.8,-20.04888027,-40.38652411,Ausência de reação do condutor,Colisão traseira,Com Vítimas Feridas,Pleno dia,Decrescente,Céu Claro,Dupla,Interseção de Vias,Sim,0.0,0.0,1.0,1.0,1.0,0.0,2.0,2.0,SPRF-ES,DEL02-ES,UOP01-DEL02-ES,0,moderado
2025-07-09,13:39,2025-07-09 13:39:00,2025.0,7.0,quarta,13.0,tarde,ES,CARIACICA,True,101.0,BR-101,288.4,-20.274515,-40.392152,Acessar a via sem observar a presença dos outros veículos,Colisão transversal,Com Vítimas Feridas,Pleno dia,Decrescente,Nublado,Dupla,Retorno Regulamentado;Interseção de Vias;Reta,Sim,0.0,1.0,0.0,1.0,1.0,0.0,2.0,2.0,SPRF-ES,DEL01-ES,UOP01-DEL01-ES,1,grave
2025-08-01,18:20,2025-08-01 18:20:00,2025.0,8.0,sexta,18.0,noite,ES,CARIACICA,True,101.0,BR-101,284.5,-20.2506968,-40.3703938,Manobra de mudança de faixa,Colisão lateral mesmo sentido,Com Vítimas Feridas,Plena Noite,Crescente,Nublado,Dupla,Reta,Sim,0.0,0.0,1.0,1.0,1.0,0.0,2.0,2.0,SPRF-ES,DEL01-ES,UOP01-DEL01-ES,0,moderado
2025-08-01,17:40,2025-08-01 17:40:00,2025.0,8.0,sexta,17.0,tarde,ES,LINHARES,False,101.0,BR-101,147.0,-19.3831121,-40.06676165,Ausência de reação do condutor,Tombamento,Com Vítimas Feridas,Plena Noite,Crescente,Céu Claro,Múltipla,Reta,Não,0.0,0.0,1.0,1.0,1.0,0.0,1.0,2.0,SPRF-ES,DEL04-ES,UOP01-DEL04-ES,0,moderado
2025-08-01,18:40,2025-08-01 18:40:00,2025.0,8.0,sexta,18.0,noite,ES,SERRA,True,101.0,BR-101,253.7,-20.10808697,-40.32925862,Animais na Pista,Atropelamento de Animal,Com Vítimas Feridas,Plena Noite,Decrescente,Nublado,Simples,Reta,Não,0.0,0.0,1.0,1.0,0.0,0.0,1.0,1.0,SPRF-ES,DEL02-ES,UOP01-DEL02-ES,0,moderado
2025-08-02,05:28,2025-08-02 05:28:00,2025.0,8.0,sabado,5.0,madrugada,ES,MARECHAL FLORIANO,False,262.0,BR-262,47.6,-20.41179942,-40.68244195,Entrada inopinada do pedestre,Atropelamento de Pedestre,Com Vítimas Fatais,Plena Noite,Crescente,Nublado,Simples,Reta,Não,1.0,0.0,0.0,0.0,1.0,0.0,2.0,2.0,SPRF-ES,DEL01-ES,UOP01-DEL01-ES,1,fatal
2025-08-02,08:58,2025-08-02 08:58:00,2025.0,8.0,sabado,8.0,manha,ES,LINHARES,False,101.0,BR-101,148.1,-19.38903866,-40.06754892,Ingestão de álcool pelo condutor,Colisão com objeto,Com Vítimas Feridas,Pleno dia,Crescente,Céu Claro,Dupla,Reta,Sim,0.0,1.0,0.0,1.0,0.0,0.0,1.0,1.0,SPRF-ES,DEL04-ES,UOP01-DEL04-ES,1,grave
2025-08-02,07:00,2025-08-02 07:00:00,2025.0,8.0,sabado,7.0,manha,ES,COLATINA,False,259.0,BR-259,44.0,-19.53099513,-40.58246613,Reação tardia ou ineficiente do condutor,Colisão com objeto,Sem Vítimas,Pleno dia,Crescente,Sol,Dupla,Interseção de Vias,Não,0.0,0.0,0.0,0.0,1.0,0.0,1.0,1.0,SPRF-ES,DEL02-ES,UOP01-DEL02-ES,0,baixo
2025-08-02,19:35,2025-08-02 19:35:00,2025.0,8.0,sabado,19.0,noite,ES,JAGUARE,False,101.0,BR-101,94.0,-18.93381566,-39.97318475,Reação tardia ou ineficiente do condutor,Colisão traseira,Com Vítimas Feridas,Plena Noite,Decrescente,Céu Claro,Simples,Reta;Declive,Sim,0.0,0.0,1.0,1.0,0.0,3.0,3.0,4.0,SPRF-ES,DEL04-ES,UOP02-DEL04-ES,0,moderado
2025-08-02,23:25,2025-08-02 23:25:00,2025.0,8.0,sabado,23.0,noite,ES,ATILIO VIVACQUA,False,101.0,BR-101,421.5,-20.9772395,-41.1116758,Ingestão de álcool pelo condutor,Colisão com objeto,Com Vítimas Feridas,Plena Noite,Crescente,Nublado,Simples,Curva,Não,0.0,0.0,1.0,1.0,1.0,0.0,1.0,2.0,SPRF-ES,DEL03-ES,UOP02-DEL03-ES,0,moderado
2025-08-03,03:40,2025-08-03 03:40:00,2025.0,8.0,domingo,3.0,madrugada,ES,BAIXO GUANDU,False,259.0,BR-259,104.0,-19.5083467,-41.0343139,Ingestão de álcool pelo condutor,Colisão lateral sentido oposto,Com Vítimas Feridas,Plena Noite,Crescente,Céu Claro,Simples,Curva,Não,0.0,0.0,2.0,2.0,0.0,1.0,2.0,3.0,SPRF-ES,DEL02-ES,UOP01-DEL02-ES,0,moderado
2025-08-03,12:58,2025-08-03 12:58:00,2025.0,8.0,domingo,12.0,tarde,ES,IBIRACU,False,101.0,BR-101,211.0,-19.80791491,-40.36752284,Manobra de mudança de faixa,Colisão lateral mesmo sentido,Com Vítimas Feridas,Pleno dia,Crescente,Céu Claro,Simples,Reta,Não,0.0,0.0,5.0,5.0,1.0,0.0,2.0,6.0,SPRF-ES,DEL02-ES,UOP01-DEL02-ES,0,moderado
2025-08-03,17:39,2025-08-03 17:39:00,2025.0,8.0,domingo,17.0,tarde,ES,LINHARES,False,101.0,BR-101,157.7,-19.42963092,-40.08310318,Demais falhas mecânicas ou elétricas,Tombamento,Com Vítimas Feridas,Anoitecer,Decrescente,Céu Claro,Simples,Reta,Não,0.0,0.0,2.0,2.0,0.0,0.0,1.0,2.0,SPRF-ES,DEL04-ES,UOP01-DEL04-ES,0,moderado
2025-08-03,19:00,2025-08-03 19:00:00,2025.0,8.0,domingo,19.0,noite,ES,SOORETAMA,False,101.0,BR-101,127.7,-19.21075166,-40.09477615,Ingestão de álcool pelo condutor,Tombamento,Com Vítimas Feridas,Plena Noite,Decrescente,Céu Claro,Dupla,Curva,Sim,0.0,1.0,0.0,1.0,0.0,0.0,1.0,1.0,SPRF-ES,DEL04-ES,UOP01-DEL04-ES,1,grave
2025-08-03,22:20,2025-08-03 22:20:00,2025.0,8.0,domingo,22.0,noite,ES,ARACRUZ,False,101.0,BR-101,175.0,-19.58842636,-40.19146228,Acumulo de areia ou detritos sobre o pavimento,Saída de leito carroçável,Com Vítimas Feridas,Plena Noite,Decrescente,Céu Claro,Simples,Reta,Não,0.0,0.0,1.0,1.0,0.0,0.0,1.0,1.0,SPRF-ES,DEL04-ES,UOP01-DEL04-ES,0,moderado
2025-08-04,07:45,2025-08-04 07:45:00,2025.0,8.0,segunda,7.0,manha,ES,CARIACICA,True,101.0,BR-101,294.8,-20.33035781,-40.39916849,Velocidade Incompatível,Tombamento,Com Vítimas Feridas,Pleno dia,Crescente,Céu Claro,Múltipla,Reta,Sim,0.0,0.0,1.0,1.0,0.0,0.0,1.0,1.0,SPRF-ES,DEL01-ES,UOP01-DEL01-ES,0,moderado
2025-08-04,08:30,2025-08-04 08:30:00,2025.0,8.0,segunda,8.0,manha,ES,SAO MATEUS,False,101.0,BR-101,67.3,-18.719597,-39.868443,Ausência de reação do condutor,Colisão traseira,Com Vítimas Feridas,Pleno dia,Crescente,Sol,Dupla,Reta,Sim,0.0,0.0,1.0,1.0,1.0,0.0,2.0,2.0,SPRF-ES,DEL04-ES,UOP02-DEL04-ES,0,moderado