data,hora,data_hora,ano,mes,dia_semana,hora_dia,periodo_dia,uf,municipio,regiao_grande_vitoria,rodovia,rodovia_label,km,latitude,longitude,causa,tipo_acidente,classificacao,fase_dia,sentido_via,condicao_metereologica,tipo_pista,tracado_via,uso_solo,mortos,feridos_graves,feridos_leves,feridos,ilesos,ignorados,veiculos,pessoas,regional,delegacia,uop,risco_alto,nivel_risco
2025-08-04,07:20,2025-08-04 07:20:00,2025.0,8.0,segunda,7.0,manha,ES,CARIACICA,True,101.0,BR-101,291.6,-20.30093861,-40.3952229,Manobra de mudança de faixa,Colisão lateral mesmo sentido,Com Vítimas Feridas,Pleno dia,Decrescente,Céu Claro,Dupla,Reta,Sim,0.0,0.0,1.0,1.0,1.0,0.0,2.0,2.0,SPRF-ES,DEL01-ES,UOP01-DEL01-ES,0,moderado
2025-08-04,14:30,2025-08-04 14:30:00,2025.0,8.0,segunda,14.0,tarde,ES,LINHARES,False,101.0,BR-101,146.5,-19.37377861,-40.0662595,Condutor deixou de manter distância do veículo da frente,Colisão traseira,Com Vítimas Feridas,Pleno dia,Crescente,Céu Claro,Múltipla,Reta,Sim,0.0,0.0,1.0,1.0,0.0,1.0,2.0,2.0,SPRF-ES,DEL04-ES,UOP01-DEL04-ES,0,moderado
2025-08-04,14:50,2025-08-04 14:50:00,2025.0,8.0,segunda,14.0,tarde,ES,CONCEICAO DO CASTELO,False,262.0,BR-262,117.0,-20.3107332,-41.2427853,Transitar na contramão,Colisão frontal,Com Vítimas Feridas,Pleno dia,Crescente,Céu Claro,Simples,Declive;Curva,Não,0.0,1.0,3.0,4.0,2.0,0.0,2.0,6.0,SPRF-ES,DEL01-ES,UOP02-DEL01-ES,1,grave
2025-08-04,18:30,2025-08-04 18:30:00,2025.0,8.0,segunda,18.0,noite,ES,SAO MATEUS,False,101.0,BR-101,77.5,-18.796976,-39.888254,Reação tardia ou ineficiente do condutor,Tombamento,Com Vítimas Feridas,Plena Noite,Decrescente,Nublado,Simples,Reta;Declive,Não,0.0,0.0,1.0,1.0,0.0,0.0,1.0,1.0,SPRF-ES,DEL04-ES,UOP02-DEL04-ES,0,moderado
2025-08-05,03:40,2025-08-05 03:40:00,2025.0,8.0,terca,3.0,madrugada,ES,SERRA,True,101.0,BR-101,267.8,-20.2065946,-40.2691459,Ingestão de álcool pelo condutor,Saída de leito carroçável,Sem Vítimas,Plena Noite,Decrescente,Céu Claro,Múltipla,Interseção de Vias,Sim,0.0,0.0,0.0,0.0,1.0,0.0,1.0,1.0,SPRF-ES,DEL02-ES,UOP01-DEL02-ES,0,baixo
2025-08-05,07:41,2025-08-05 07:41:00,2025.0,8.0,terca,7.0,manha,ES,SERRA,True,101.0,BR-101,16.1,-20.0488657,-40.3866812,Sinalização mal posicionada,Colisão traseira,Com Vítimas Feridas,Pleno dia,Crescente,Céu Claro,Dupla,Curva,Não,0.0,2.0,0.0,2.0,2.0,0.0,2.0,4.0,SPRF-ES,DEL02-ES,UOP01-DEL02-ES,1,grave
2025-08-05,07:51,2025-08-05 07:51:00,2025.0,8.0,terca,7.0,manha,ES,LINHARES,False,101.0,BR-101,154.0,-19.43877314,-40.08922371,Ausência de reação do condutor,Saída de leito carroçável,Com Vítimas Feridas,Pleno dia,Decrescente,Céu Claro,Simples,Reta,Não,0.0,0.0,1.0,1.0,0.0,0.0,1.0,1.0,SPRF-ES,DEL04-ES,UOP01-DEL04-ES,0,moderado
2025-08-05,17:01,2025-08-05 17:01:00,2025.0,8.0,terca,17.0,tarde,ES,ICONHA,False,101.0,BR-101,372.0,-20.77482334,-40.77796698,Acessar a via sem observar a presença dos outros veículos,Colisão transversal,Com Vítimas Feridas,Anoitecer,Crescente,Céu Claro,Simples,Reta,Não,0.0,0.0,1.0,1.0,1.0,0.0,2.0,2.0,SPRF-ES,DEL03-ES,UOP01-DEL03-ES,0,moderado
2025-08-05,18:30,2025-08-05 18:30:00,2025.0,8.0,terca,18.0,noite,ES,LINHARES,False,101.0,BR-101,143.4,-19.34509012,-40.06368653,Retorno proibido,Colisão transversal,Com Vítimas Feridas,Pleno dia,Decrescente,Céu Claro,Simples,Reta,Sim,0.0,0.0,1.0,1.0,1.0,0.0,2.0,2.0,SPRF-ES,DEL04-ES,UOP01-DEL04-ES,0,moderado
2025-08-06,21:20,2025-08-06 21:20:00,2025.0,8.0,quarta,21.0,noite,ES,LINHARES,False,101.0,BR-101,150.0,-19.39706543,-40.06381541,Ingestão de álcool pelo condutor,Colisão traseira,Sem Vítimas,Plena Noite,Crescente,Céu Claro,Dupla,Interseção de Vias,Sim,0.0,0.0,0.0,0.0,2.0,1.0,3.0,3.0,SPRF-ES,DEL04-ES,UOP01-DEL04-ES,0,baixo
2025-07-31,16:15,2025-07-31 16:15:00,2025.0,7.0,quinta,16.0,tarde,ES,JOAO NEIVA,False,101.0,BR-101,204.0,-19.74804487,-40.37794143,Reação tardia ou ineficiente do condutor,Colisão traseira,Com Vítimas Feridas,Anoitecer,Crescente,Céu Claro,Simples,Reta,Sim,0.0,0.0,2.0,2.0,1.0,0.0,2.0,3.0,SPRF-ES,DEL02-ES,UOP01-DEL02-ES,0,moderado
2025-08-07,17:45,2025-08-07 17:45:00,2025.0,8.0,quinta,17.0,tarde,ES,SERRA,True,101.0,BR-101,266.0,-20.13173474,-40.29644967,Manobra de mudança de faixa,Colisão lateral mesmo sentido,Com Vítimas Feridas,Anoitecer,Decrescente,Céu Claro,Dupla,Reta,Sim,0.0,1.0,0.0,1.0,1.0,0.0,2.0,2.0,SPRF-ES,DEL02-ES,UOP01-DEL02-ES,1,grave
2025-08-07,20:45,2025-08-07 20:45:00,2025.0,8.0,quinta,20.0,noite,ES,CARIACICA,True,101.0,BR-101,285.0,-20.251689,-40.3737594,Ausência de reação do condutor,Colisão transversal,Com Vítimas Feridas,Plena Noite,Crescente,Céu Claro,Dupla,Reta;Retorno Regulamentado,Sim,0.0,0.0,1.0,1.0,1.0,0.0,2.0,2.0,SPRF-ES,DEL01-ES,UOP01-DEL01-ES,0,moderado
2025-08-08,07:00,2025-08-08 07:00:00,2025.0,8.0,sexta,7.0,manha,ES,SERRA,True,101.0,BR-101,277.1,-20.217039,-40.328454,Reação tardia ou ineficiente do condutor,Colisão traseira,Com Vítimas Feridas,Pleno dia,Decrescente,Céu Claro,Simples,Reta,Sim,0.0,0.0,1.0,1.0,1.0,0.0,2.0,2.0,SPRF-ES,DEL02-ES,UOP01-DEL02-ES,0,moderado
2025-07-19,07:30,2025-07-19 07:30:00,2025.0,7.0,sabado,7.0,manha,ES,LINHARES,False,101.0,BR-101,117.9,-19.11912214,-40.06255149,Condutor deixou de manter distância do veículo da frente,Colisão traseira,Com Vítimas Feridas,Pleno dia,Crescente,Nevoeiro/Neblina,Simples,Reta,Não,0.0,0.0,3.0,3.0,1.0,0.0,3.0,4.0,SPRF-ES,DEL04-ES,UOP01-DEL04-ES,0,moderado
2025-08-08,09:05,2025-08-08 09:05:00,2025.0,8.0,sexta,9.0,manha,ES,LINHARES,False,101.0,BR-101,144.1,-19.35284389,-40.06369564,Acumulo de óleo sobre o pavimento,Tombamento,Com Vítimas Feridas,Pleno dia,Decrescente,Céu Claro,Múltipla,Retorno Regulamentado,Sim,0.0,0.0,1.0,1.0,0.0,0.0,1.0,1.0,SPRF-ES,DEL04-ES,UOP01-DEL04-ES,0,moderado
2025-07-17,16:00,2025-07-17 16:00:00,2025.0,7.0,quinta,16.0,tarde,ES,SERRA,True,101.0,BR-101,262.2,-20.159866,-40.27573,Reação tardia ou ineficiente do condutor,Colisão lateral mesmo sentido,Com Vítimas Feridas,Pleno dia,Decrescente,Céu Claro,Dupla,Retorno Regulamentado;Reta,Sim,0.0,0.0,2.0,2.0,1.0,0.0,2.0,3.0,SPRF-ES,DEL02-ES,UOP01-DEL02-ES,0,moderado
2025-08-08,11:45,2025-08-08 11:45:00,2025.0,8.0,sexta,11.0,manha,ES,LINHARES,False,101.0,BR-101,157.4,-19.45661599,-40.10182446,Transitar na contramão,Colisão frontal,Com Vítimas Feridas,Pleno dia,Crescente,Céu Claro,Simples,Reta,Não,0.0,0.0,1.0,1.0,1.0,0.0,2.0,2.0,SPRF-ES,DEL04-ES,UOP01-DEL04-ES,0,moderado
2025-08-08,15:30,2025-08-08 15:30:00,2025.0,8.0,sexta,15.0,tarde,ES,ANCHIETA,False,101.0,BR-101,360.6,-20.70917,-40.718823,Demais falhas mecânicas ou elétricas,Queda de ocupante de veículo,Com Vítimas Feridas,Pleno dia,Crescente,Céu Claro,Simples,Curva,Não,0.0,0.0,2.0,2.0,0.0,0.0,1.0,2.0,SPRF-ES,DEL03-ES,UOP01-DEL03-ES,0,moderado
2025-08-08,16:30,2025-08-08 16:30:00,2025.0,8.0,sexta,16.0,tarde,ES,IBIRACU,False,101.0,BR-101,213.0,-19.826083,-40.369049,Ausência de reação do condutor,Colisão traseira,Com Vítimas Feridas,Pleno dia,Decrescente,Céu Claro,Simples,Reta,Não,0.0,0.0,1.0,1.0,0.0,1.0,2.0,2.0,SPRF-ES,DEL02-ES,UOP01-DEL02-ES,0,moderado
2025-08-08,16:30,2025-08-08 16:30:00,2025.0,8.0,sexta,16.0,tarde,ES,SOORETAMA,False,101.0,BR-101,109.7,-19.05109376,-40.02899504,Velocidade Incompatível,Saída de leito carroçável,Com Vítimas Feridas,Pleno dia,Decrescente,Céu Claro,Simples,Reta;Aclive,Não,0.0,0.0,2.0,2.0,0.0,0.0,1.0,2.0,SPRF-ES,DEL04-ES,UOP01-DEL04-ES,0,moderado
2025-08-08,21:30,2025-08-08 21:30:00,2025.0,8.0,sexta,21.0,noite,ES,COLATINA,False,259.0,BR-259,53.6,-19.50493944,-40.654507,Ausência de reação do condutor,Colisão frontal,Com Vítimas Feridas,Plena Noite,Crescente,Céu Claro,Simples,Curva;Declive,Não,0.0,0.0,2.0,2.0,0.0,0.0,2.0,2.0,SPRF-ES,DEL02-ES,UOP01-DEL02-ES,0,moderado
2025-08-08,23:00,2025-08-08 23:00:00,2025.0,8.0,sexta,23.0,noite,ES,LINHARES,False,101.0,BR-101,147.2,-19.4005446,-40.06370544,Condutor desrespeitou a iluminação vermelha do semáforo,Colisão transversal,Com Vítimas Feridas,Plena Noite,Decrescente,Nublado,Múltipla,Interseção de Vias,Sim,0.0,0.0,1.0,1.0,1.0,0.0,2.0,2.0,SPRF-ES,DEL04-ES,UOP01-DEL04-ES,0,moderado
2025-08-09,07:05,2025-08-09 07:05:00,2025.0,8.0,sabado,7.0,manha,ES,ARACRUZ,False,101.0,BR-101,171.7,-19.56313305,-40.1774384,Trafegar com motocicleta (ou similar) entre as faixas,Colisão com objeto,Com Vítimas Feridas,Pleno dia,Decrescente,Céu Claro,Múltipla,Reta,Não,0.0,0.0,1.0,1.0,0.0,0.0,1.0,1.0,SPRF-ES,DEL04-ES,UOP01-DEL04-ES,0,moderado
2025-08-09,10:30,2025-08-09 10:30:00,2025.0,8.0,sabado,10.0,manha,ES,SERRA,True,101.0,BR-101,261.0,-20.16099306,-40.27539975,Ultrapassagem Indevida,Colisão traseira,Com Vítimas Feridas,Pleno dia,Decrescente,Céu Claro,Simples,Curva;Aclive,Sim,0.0,0.0,1.0,1.0,0.0,1.0,2.0,2.0,SPRF-ES,DEL02-ES,UOP01-DEL02-ES,0,moderado
2025-08-09,10:44,2025-08-09 10:44:00,2025.0,8.0,sabado,10.0,manha,ES,MUNIZ FREIRE,False,262.0,BR-262,139.2,-20.23245202,-41.36233139,Acessar a via sem observar a presença dos outros veículos,Colisão transversal,Sem Vítimas,Pleno dia,Decrescente,Nublado,Simples,Curva,Não,0.0,0.0,0.0,0.0,1.0,1.0,2.0,2.0,SPRF-ES,DEL01-ES,UOP02-DEL01-ES,0,baixo
2025-08-09,12:40,2025-08-09 12:40:00,2025.0,8.0,sabado,12.0,tarde,ES,SERRA,True,101.0,BR-101,257.0,-20.13130033,-40.29531777,Manobra de mudança de faixa,Colisão lateral mesmo sentido,Com Vítimas Feridas,Pleno dia,Decrescente,Céu Claro,Dupla,Reta,Não,0.0,1.0,0.0,1.0,1.0,0.0,2.0,2.0,SPRF-ES,DEL02-ES,UOP01-DEL02-ES,1,grave
2025-08-09,15:09,2025-08-09 15:09:00,2025.0,8.0,sabado,15.0,tarde,ES,SERRA,True,101.0,BR-101,262.1,-20.15995493,-40.27592182,Acessar a via sem observar a presença dos outros veículos,Colisão traseira,Com Vítimas Feridas,Pleno dia,Decrescente,Sol,Dupla,Interseção de Vias;Reta;Aclive,Sim,0.0,0.0,1.0,1.0,3.0,0.0,2.0,4.0,SPRF-ES,DEL02-ES,UOP01-DEL02-ES,0,moderado
2025-08-09,18:20,2025-08-09 18:20:00,2025.0,8.0,sabado,18.0,noite,ES,MARECHAL FLORIANO,False,262.0,BR-262,55.0,-20.412784,-40.750743,Curva acentuada,Queda de ocupante de veículo,Com Vítimas Feridas,Plena Noite,Crescente,Nublado,Simples,Curva,Não,0.0,0.0,1.0,1.0,0.0,0.0,1.0,1.0,SPRF-ES,DEL01-ES,UOP01-DEL01-ES,0,moderado
2025-08-09,19:10,2025-08-09 19:10:00,2025.0,8.0,sabado,19.0,noite,ES,FUNDAO,True,101.0,BR-101,230.4,-19.94204645,-40.40634155,Manobra de mudança de faixa,Colisão traseira,Com Vítimas Feridas,Plena Noite,Crescente,Céu Claro,Simples,Curva,Sim,0.0,0.0,2.0,2.0,1.0,0.0,2.0,3.0,SPRF-ES,DEL02-ES,UOP01-DEL02-ES,0,moderado
2025-08-09,20:25,2025-08-09 20:25:00,2025.0,8.0,sabado,20.0,noite,ES,SERRA,True,101.0,BR-101,263.0,-20.17343401,-40.267219,Afundamento ou ondulação no pavimento,Queda de ocupante de veículo,Com Vítimas Feridas,Plena Noite,Crescente,Céu Claro,Dupla,Reta,Sim,0.0,0.0,1.0,1.0,0.0,0.0,1.0,1.0,SPRF-ES,DEL02-ES,UOP01-DEL02-ES,0,moderado
2025-08-10,03:21,2025-08-10 03:21:00,2025.0,8.0,domingo,3.0,madrugada,ES,IBATIBA,False,262.0,BR-262,155.0,-20.2296621,-41.4771344,Ingestão de álcool pelo condutor,Colisão transversal,Com Vítimas Feridas,Plena Noite,Crescente,Nublado,Simples,Reta,Sim,0.0,0.0,1.0,1.0,1.0,0.0,2.0,2.0,SPRF-ES,DEL01-ES,UOP02-DEL01-ES,0,moderado
2025-08-10,04:58,2025-08-10 04:58:00,2025.0,8.0,domingo,4.0,madrugada,ES,SERRA,True,101.0,BR-101,266.0,-20.19318516,-40.26866198,Acessar a via sem observar a presença dos outros veículos,Colisão transversal,Com Vítimas Feridas,Amanhecer,Decrescente,Nublado,Dupla,Reta,Sim,0.0,0.0,1.0,1.0,1.0,0.0,2.0,2.0,SPRF-ES,DEL02-ES,UOP01-DEL02-ES,0,moderado
2025-08-10,07:00,2025-08-10 07:00:00,2025.0,8.0,domingo,7.0,manha,ES,FUNDAO,True,101.0,BR-101,232.8,-19.96819603,-40.40678144,Reação tardia ou ineficiente do condutor,Tombamento,Com Vítimas Feridas,Pleno dia,Decrescente,Nublado,Simples,Reta,Não,0.0,0.0,1.0,1.0,0.0,0.0,1.0,1.0,SPRF-ES,DEL02-ES,UOP01-DEL02-ES,0,moderado
2025-08-10,16:00,2025-08-10 16:00:00,2025.0,8.0,domingo,16.0,tarde,ES,JOAO NEIVA,False,259.0,BR-259,9.0,-19.67457,-40.400959,Reação tardia ou ineficiente do condutor,Tombamento,Com Vítimas Feridas,Pleno dia,Crescente,Céu Claro,Simples,Reta,Não,0.0,1.0,0.0,1.0,0.0,0.0,1.0,1.0,SPRF-ES,DEL02-ES,UOP01-DEL02-ES,1,grave
2025-08-10,22:00,2025-08-10 22:00:00,2025.0,8.0,domingo,22.0,noite,ES,CARIACICA,True,101.0,BR-101,296.7,-20.3437483,-40.40643811,Reação tardia ou ineficiente do condutor,Colisão com objeto,Com Vítimas Feridas,Plena Noite,Decrescente,Céu Claro,Simples,Reta,Sim,0.0,0.0,1.0,1.0,0.0,0.0,1.0,1.0,SPRF-ES,DEL01-ES,UOP01-DEL01-ES,0,moderado
2025-08-10,23:10,2025-08-10 23:10:00,2025.0,8.0,domingo,23.0,noite,ES,CARIACICA,True,101.0,BR-101,296.7,-20.34395751,-40.40776698,Reação tardia ou ineficiente do condutor,Colisão lateral mesmo sentido,Com Vítimas Feridas,Plena Noite,Decrescente,Céu Claro,Dupla,Reta,Sim,0.0,0.0,1.0,1.0,1.0,1.0,2.0,3.0,SPRF-ES,DEL01-ES,UOP01-DEL01-ES,0,moderado
2025-08-11,06:33,2025-08-11 06:33:00,2025.0,8.0,segunda,6.0,manha,ES,SERRA,True,101.0,BR-101,264.0,-20.0488669,-40.3866817,Demais falhas mecânicas ou elétricas,Incêndio,Sem Vítimas,Pleno dia,Crescente,Céu Claro,Simples,Reta,Sim,0.0,0.0,0.0,0.0,1.0,0.0,1.0,1.0,SPRF-ES,DEL02-ES,UOP01-DEL02-ES,0,baixo
2025-08-11,12:20,2025-08-11 12:20:00,2025.0,8.0,segunda,12.0,tarde,ES,LINHARES,False,101.0,BR-101,149.3,-19.39895518,-40.06271047,Velocidade Incompatível,Colisão lateral mesmo sentido,Com Vítimas Feridas,Pleno dia,Decrescente,Céu Claro,Múltipla,Reta;Interseção de Vias,Não,0.0,0.0,1.0,1.0,2.0,0.0,2.0,3.0,SPRF-ES,DEL04-ES,UOP01-DEL04-ES,0,moderado
2025-08-11,13:46,2025-08-11 13:46:00,2025.0,8.0,segunda,13.0,tarde,ES,LINHARES,False,101.0,BR-101,155.4,-19.44153333,-40.091225,Transitar na contramão,Saída de leito carroçável,Com Vítimas Feridas,Pleno dia,Decrescente,Céu Claro,Simples,Reta,Não,0.0,0.0,1.0,1.0,0.0,0.0,1.0,1.0,SPRF-ES,DEL04-ES,UOP01-DEL04-ES,0,moderado
2025-08-11,13:40,2025-08-11 13:40:00,2025.0,8.0,segunda,13.0,tarde,ES,IBATIBA,False,262.0,BR-262,163.0,-20.23842,-41.536527,Manobra de mudança de faixa,Colisão lateral sentido oposto,Com Vítimas Feridas,Pleno dia,Crescente,Sol,Simples,Reta,Não,0.0,0.0,2.0,2.0,1.0,0.0,3.0,3.0,SPRF-ES,DEL01-ES,UOP02-DEL01-ES,0,moderado
2025-08-11,18:00,2025-08-11 18:00:00,2025.0,8.0,segunda,18.0,noite,ES,CARIACICA,True,101.0,BR-101,282.2,-20.22835175,-40.36567926,Acumulo de areia ou detritos sobre o pavimento,Queda de ocupante de veículo,Com Vítimas Feridas,Plena Noite,Decrescente,Céu Claro,Múltipla,Aclive,Sim,0.0,0.0,1.0,1.0,0.0,0.0,1.0,1.0,SPRF-ES,DEL01-ES,UOP01-DEL01-ES,0,moderado
2025-08-11,18:57,2025-08-11 18:57:00,2025.0,8.0,segunda,18.0,noite,ES,SERRA,True,101.0,BR-101,268.9,-20.21672832,-40.2701059,Ausência de reação do condutor,Tombamento,Com Vítimas Feridas,Pleno dia,Crescente,Céu Claro,Dupla,Reta,Sim,0.0,0.0,2.0,2.0,0.0,0.0,1.0,2.0,SPRF-ES,DEL02-ES,UOP01-DEL02-ES,0,moderado
2025-08-11,20:20,2025-08-11 20:20:00,2025.0,8.0,segunda,20.0,noite,ES,DOMINGOS MARTINS,False,262.0,BR-262,75.0,-20.415347,-40.902587,Ultrapassagem Indevida,Colisão lateral sentido oposto,Sem Vítimas,Plena Noite,Crescente,Céu Claro,Simples,Reta,Não,0.0,0.0,0.0,0.0,1.0,2.0,2.0,3.0,SPRF-ES,DEL01-ES,UOP02-DEL01-ES,0,baixo
2025-08-12,10:15,2025-08-12 10:15:00,2025.0,8.0,terca,10.0,manha,ES,CARIACICA,True,101.0,BR-101,289.3,-20.27777682,-40.39279461,Ausência de reação do condutor,Tombamento,Com Vítimas Feridas,Pleno dia,Crescente,Céu Claro,Dupla,Reta,Sim,0.0,1.0,0.0,1.0,0.0,0.0,1.0,1.0,SPRF-ES,DEL01-ES,UOP01-DEL01-ES,1,grave
2025-08-12,15:06,2025-08-12 15:06:00,2025.0,8.0,terca,15.0,tarde,ES,SERRA,True,101.0,BR-101,255.5,-20.1172859,-40.314724,Condutor desrespeitou a iluminação vermelha do semáforo,Colisão transversal,Com Vítimas Feridas,Pleno dia,Decrescente,Nublado,Simples,Reta,Sim,0.0,0.0,3.0,3.0,2.0,0.0,2.0,5.0,SPRF-ES,DEL02-ES,UOP01-DEL02-ES,0,moderado
2025-08-12,16:00,2025-08-12 16:00:00,2025.0,8.0,terca,16.0,tarde,ES,SERRA,True,101.0,BR-101,268.9,-20.22467144,-40.27042508,Manobra de mudança de faixa,Colisão lateral mesmo sentido,Com Vítimas Feridas,Pleno dia,Decrescente,Nublado,Múltipla,Reta,Sim,0.0,0.0,2.0,2.0,1.0,0.0,2.0,3.0,SPRF-ES,DEL02-ES,UOP01-DEL02-ES,0,moderado
2025-08-12,17:30,2025-08-12 17:30:00,2025.0,8.0,terca,17.0,tarde,ES,VIANA,True,101.0,BR-101,298.5,-20.35728134,-40.41977406,Manobra de mudança de faixa,Colisão lateral mesmo sentido,Com Vítimas Feridas,Anoitecer,Crescente,Nublado,Múltipla,Viaduto;Reta,Sim,0.0,0.0,1.0,1.0,1.0,0.0,2.0,2.0,SPRF-ES,DEL01-ES,UOP01-DEL01-ES,0,moderado
2025-08-12,17:00,2025-08-12 17:00:00,2025.0,8.0,terca,17.0,tarde,ES,BREJETUBA,False,262.0,BR-262,133.0,-20.24183102,-41.32081389,Acessar a via sem observar a presença dos outros veículos,Colisão transversal,Com Vítimas Feridas,Anoitecer,Decrescente,Céu Claro,Simples,Retorno Regulamentado;Reta,Não,0.0,2.0,0.0,2.0,1.0,0.0,2.0,3.0,SPRF-ES,DEL01-ES,UOP02-DEL01-ES,1,grave
2025-08-13,10:30,2025-08-13 10:30:00,2025.0,8.0,quarta,10.0,manha,ES,LINHARES,False,101.0,BR-101,134.0,-19.26515537,-40.0889918,Reação tardia ou ineficiente do condutor,Capotamento,Com Vítimas Feridas,Pleno dia,Crescente,Nublado,Simples,Reta,Não,0.0,1.0,1.0,2.0,0.0,0.0,1.0,2.0,SPRF-ES,DEL04-ES,UOP01-DEL04-ES,1,grave
2025-08-13,12:45,2025-08-13 12:45:00,2025.0,8.0,quarta,12.0,tarde,ES,SOORETAMA,False,101.0,BR-101,125.7,-19.192489,-40.095195,Acessar a via sem observar a presença dos outros veículos,Colisão transversal,Com Vítimas Feridas,Pleno dia,Crescente,Nublado,Simples,Reta,Sim,0.0,1.0,0.0,1.0,1.0,0.0,2.0,2.0,SPRF-ES,DEL04-ES,UOP01-DEL04-ES,1,grave
2025-08-13,15:56,2025-08-13 15:56:00,2025.0,8.0,quarta,15.0,tarde,ES,LINHARES,False,101.0,BR-101,169.5,-19.53798014,-40.15978687,Ultrapassagem Indevida,Colisão frontal,Com Vítimas Fatais,Pleno dia,Crescente,Céu Claro,Simples,Reta,Não,1.0,0.0,0.0,0.0,1.0,0.0,2.0,2.0,SPRF-ES,DEL04-ES,UOP01-DEL04-ES,1,fatal
2025-08-13,17:34,2025-08-13 17:34:00,2025.0,8.0,quarta,17.0,tarde,ES,COLATINA,False,259.0,BR-259,65.3,-19.51560058,-40.72519183,Conversão proibida,Colisão transversal,Com Vítimas Feridas,Anoitecer,Crescente,Nublado,Simples,Reta,Não,0.0,1.0,1.0,2.0,2.0,0.0,2.0,4.0,SPRF-ES,DEL02-ES,UOP01-DEL02-ES,1,grave
2025-08-13,19:00,2025-08-13 19:00:00,2025.0,8.0,quarta,19.0,noite,ES,SAO MATEUS,False,101.0,BR-101,65.0,-18.7155813,-39.8757107,Reação tardia ou ineficiente do condutor,Colisão traseira,Com Vítimas Feridas,Plena Noite,Decrescente,Céu Claro,Simples,Reta,Sim,0.0,0.0,1.0,1.0,2.0,0.0,2.0,3.0,SPRF-ES,DEL04-ES,UOP02-DEL04-ES,0,moderado
2025-08-13,23:34,2025-08-13 23:34:00,2025.0,8.0,quarta,23.0,noite,ES,JOAO NEIVA,False,101.0,BR-101,205.6,-19.74828617,-40.37750244,Demais falhas mecânicas ou elétricas,Tombamento,Com Vítimas Feridas,Plena Noite,Decrescente,Céu Claro,Simples,Reta,Sim,0.0,1.0,0.0,1.0,1.0,0.0,1.0,2.0,SPRF-ES,DEL02-ES,UOP01-DEL02-ES,1,grave
2025-08-14,00:02,2025-08-14 00:02:00,2025.0,8.0,quinta,0.0,madrugada,ES,SERRA,True,101.0,BR-101,267.1,-20.20028783,-40.26847482,Ausência de reação do condutor,Saída de leito carroçável,Sem Vítimas,Plena Noite,Decrescente,Nublado,Dupla,Reta,Sim,0.0,0.0,0.0,0.0,0.0,1.0,1.0,1.0,SPRF-ES,DEL02-ES,UOP01-DEL02-ES,0,baixo
2025-08-14,07:20,2025-08-14 07:20:00,2025.0,8.0,quinta,7.0,manha,ES,VIANA,True,262.0,BR-262,17.7,-20.39007,-40.478578,Retorno proibido,Colisão transversal,Com Vítimas Feridas,Pleno dia,Crescente,Céu Claro,Simples,Reta,Sim,0.0,0.0,1.0,1.0,1.0,0.0,2.0,2.0,SPRF-ES,DEL01-ES,UOP01-DEL01-ES,0,moderado
2025-08-14,08:25,2025-08-14 08:25:00,2025.0,8.0,quinta,8.0,manha,ES,JOAO NEIVA,False,259.0,BR-259,18.0,-19.663366,-40.452287,Ausência de reação do condutor,Queda de ocupante de veículo,Com Vítimas Feridas,Pleno dia,Crescente,Céu Claro,Simples,Curva,Não,0.0,0.0,1.0,1.0,0.0,0.0,1.0,1.0,SPRF-ES,DEL02-ES,UOP01-DEL02-ES,0,moderado
2025-08-14,10:05,2025-08-14 10:05:00,2025.0,8.0,quinta,10.0,manha,ES,CARIACICA,True,101.0,BR-101,289.0,-20.2957936,-40.3957834,Ausência de reação do condutor,Tombamento,Com Vítimas Feridas,Pleno dia,Crescente,Sol,Dupla,Aclive;Reta,Sim,0.0,0.0,1.0,1.0,1.0,0.0,1.0,2.0,SPRF-ES,DEL01-ES,UOP01-DEL01-ES,0,moderado
2025-08-14,21:30,2025-08-14 21:30:00,2025.0,8.0,quinta,21.0,noite,ES,LINHARES,False,101.0,BR-101,147.0,-19.37027,-40.06571,Acesso irregular,Atropelamento de Pedestre,Com Vítimas Feridas,Plena Noite,Crescente,Céu Claro,Dupla,Reta,Sim,0.0,0.0,1.0,1.0,0.0,1.0,2.0,2.0,SPRF-ES,DEL04-ES,UOP01-DEL04-ES,0,moderado
2025-08-14,21:00,2025-08-14 21:00:00,2025.0,8.0,quinta,21.0,noite,ES,SAO MATEUS,False,101.0,BR-101,71.1,-18.77501576,-39.86938477,Acessar a via sem observar a presença dos outros veículos,Colisão transversal,Com Vítimas Feridas,Plena Noite,Crescente,Céu Claro,Simples,Reta,Não,0.0,1.0,0.0,1.0,0.0,1.0,2.0,2.0,SPRF-ES,DEL04-ES,UOP02-DEL04-ES,1,grave