data,hora,data_hora,ano,mes,dia_semana,hora_dia,periodo_dia,uf,municipio,regiao_grande_vitoria,rodovia,rodovia_label,km,latitude,longitude,causa,tipo_acidente,classificacao,fase_dia,sentido_via,condicao_metereologica,tipo_pista,tracado_via,uso_solo,mortos,feridos_graves,feridos_leves,feridos,ilesos,ignorados,veiculos,pessoas,regional,delegacia,uop,risco_alto,nivel_risco
2025-08-15,06:32,2025-08-15 06:32:00,2025.0,8.0,sexta,6.0,manha,ES,SERRA,True,101.0,BR-101,255.0,-20.11813,-40.313117,Acesso irregular,Colisão transversal,Com Vítimas Feridas,Amanhecer,Decrescente,Céu Claro,Simples,Reta,Não,0.0,0.0,1.0,1.0,1.0,0.0,2.0,2.0,SPRF-ES,DEL02-ES,UOP01-DEL02-ES,0,moderado
2025-08-15,20:30,2025-08-15 20:30:00,2025.0,8.0,sexta,20.0,noite,ES,VIANA,True,101.0,BR-101,298.5,-20.35743537,-40.41966677,Reação tardia ou ineficiente do condutor,Colisão lateral mesmo sentido,Com Vítimas Feridas,Plena Noite,Decrescente,Céu Claro,Múltipla,Viaduto,Sim,0.0,0.0,4.0,4.0,1.0,0.0,3.0,5.0,SPRF-ES,DEL01-ES,UOP01-DEL01-ES,0,moderado
2025-08-16,06:07,2025-08-16 06:07:00,2025.0,8.0,sabado,6.0,manha,ES,LINHARES,False,101.0,BR-101,146.9,-19.37554162,-40.06645052,Condutor desrespeitou a iluminação vermelha do semáforo,Colisão transversal,Sem Vítimas,Pleno dia,Crescente,Chuva,Dupla,Interseção de Vias,Sim,0.0,0.0,0.0,0.0,1.0,1.0,2.0,2.0,SPRF-ES,DEL04-ES,UOP01-DEL04-ES,0,baixo
2025-08-16,18:00,2025-08-16 18:00:00,2025.0,8.0,sabado,18.0,noite,ES,LINHARES,False,101.0,BR-101,134.3,-19.26907492,-40.08854274,Transitar na contramão,Colisão frontal,Com Vítimas Feridas,Plena Noite,Crescente,Céu Claro,Dupla,Reta,Não,0.0,1.0,1.0,2.0,0.0,1.0,2.0,3.0,SPRF-ES,DEL04-ES,UOP01-DEL04-ES,1,grave
2025-08-16,18:00,2025-08-16 18:00:00,2025.0,8.0,sabado,18.0,noite,ES,SERRA,True,101.0,BR-101,255.0,-20.118479,-40.31253,Ingestão de álcool pelo condutor,Colisão transversal,Com Vítimas Feridas,Plena Noite,Crescente,Céu Claro,Simples,Reta,Sim,0.0,0.0,2.0,2.0,1.0,0.0,2.0,3.0,SPRF-ES,DEL02-ES,UOP01-DEL02-ES,0,moderado
2025-08-16,19:15,2025-08-16 19:15:00,2025.0,8.0,sabado,19.0,noite,ES,LINHARES,False,101.0,BR-101,131.1,-19.24025776,-40.09160925,Demais falhas mecânicas ou elétricas,Colisão com objeto,Com Vítimas Feridas,Plena Noite,Crescente,Nublado,Simples,Reta;Declive,Não,0.0,0.0,2.0,2.0,1.0,0.0,2.0,3.0,SPRF-ES,DEL04-ES,UOP01-DEL04-ES,0,moderado
2025-08-16,20:30,2025-08-16 20:30:00,2025.0,8.0,sabado,20.0,noite,ES,SERRA,True,101.0,BR-101,258.5,-20.13300171,-40.29359798,Ausência de reação do condutor,Colisão com objeto,Com Vítimas Feridas,Plena Noite,Crescente,Nublado,Dupla,Curva;Declive,Sim,0.0,0.0,2.0,2.0,0.0,0.0,1.0,2.0,SPRF-ES,DEL02-ES,UOP01-DEL02-ES,0,moderado
2025-08-17,01:00,2025-08-17 01:00:00,2025.0,8.0,domingo,1.0,madrugada,ES,IBATIBA,False,262.0,BR-262,156.4,-20.23102766,-41.4815178,Ingestão de álcool pelo condutor,Colisão frontal,Com Vítimas Feridas,Plena Noite,Decrescente,Céu Claro,Simples,Reta,Não,0.0,1.0,1.0,2.0,0.0,0.0,2.0,2.0,SPRF-ES,DEL01-ES,UOP02-DEL01-ES,1,grave
2025-08-17,04:40,2025-08-17 04:40:00,2025.0,8.0,domingo,4.0,madrugada,ES,DOMINGOS MARTINS,False,262.0,BR-262,36.0,-20.381092,-40.604513,Neblina,Colisão lateral sentido oposto,Sem Vítimas,Amanhecer,Decrescente,Nevoeiro/Neblina,Simples,Curva,Não,0.0,0.0,0.0,0.0,2.0,0.0,2.0,2.0,SPRF-ES,DEL01-ES,UOP01-DEL01-ES,0,baixo
2025-08-17,05:00,2025-08-17 05:00:00,2025.0,8.0,domingo,5.0,madrugada,ES,LINHARES,False,101.0,BR-101,138.7,-19.30813706,-40.08077966,Reação tardia ou ineficiente do condutor,Tombamento,Com Vítimas Feridas,Amanhecer,Decrescente,Céu Claro,Múltipla,Reta,Sim,0.0,0.0,1.0,1.0,0.0,0.0,1.0,1.0,SPRF-ES,DEL04-ES,UOP01-DEL04-ES,0,moderado
2025-08-17,05:30,2025-08-17 05:30:00,2025.0,8.0,domingo,5.0,madrugada,ES,LINHARES,False,101.0,BR-101,139.3,-19.31042738,-40.0794972,Reação tardia ou ineficiente do condutor,Tombamento,Com Vítimas Feridas,Amanhecer,Decrescente,Céu Claro,Múltipla,Reta,Não,0.0,0.0,1.0,1.0,0.0,0.0,1.0,1.0,SPRF-ES,DEL04-ES,UOP01-DEL04-ES,0,moderado
2025-08-17,09:15,2025-08-17 09:15:00,2025.0,8.0,domingo,9.0,manha,ES,IBIRACU,False,101.0,BR-101,214.0,-19.83033722,-40.37946431,Conversão proibida,Colisão lateral mesmo sentido,Com Vítimas Feridas,Pleno dia,Crescente,Céu Claro,Simples,Retorno Regulamentado;Curva,Sim,0.0,0.0,1.0,1.0,1.0,0.0,2.0,2.0,SPRF-ES,DEL02-ES,UOP01-DEL02-ES,0,moderado
2025-07-08,11:50,2025-07-08 11:50:00,2025.0,7.0,terca,11.0,manha,ES,LINHARES,False,101.0,BR-101,150.0,-19.404295,-40.060675,Manobra de mudança de faixa,Colisão lateral mesmo sentido,Com Vítimas Feridas,Pleno dia,Decrescente,Céu Claro,Simples,Curva,Sim,0.0,1.0,0.0,1.0,1.0,0.0,2.0,2.0,SPRF-ES,DEL04-ES,UOP01-DEL04-ES,1,grave
2025-08-17,13:05,2025-08-17 13:05:00,2025.0,8.0,domingo,13.0,tarde,ES,LINHARES,False,101.0,BR-101,179.7,-19.61914043,-40.21744734,Ausência de reação do condutor,Saída de leito carroçável,Com Vítimas Feridas,Pleno dia,Crescente,Céu Claro,Simples,Reta,Não,0.0,0.0,1.0,1.0,0.0,0.0,1.0,1.0,SPRF-ES,DEL04-ES,UOP01-DEL04-ES,0,moderado
2025-06-30,22:20,2025-06-30 22:20:00,2025.0,6.0,segunda,22.0,noite,ES,SOORETAMA,False,101.0,BR-101,123.5,-19.1707098,-40.08828445,Ausência de reação do condutor,Colisão lateral mesmo sentido,Com Vítimas Feridas,Plena Noite,Decrescente,Céu Claro,Simples,Reta;Declive,Não,0.0,1.0,1.0,2.0,0.0,0.0,2.0,2.0,SPRF-ES,DEL04-ES,UOP01-DEL04-ES,1,grave
2025-08-17,15:40,2025-08-17 15:40:00,2025.0,8.0,domingo,15.0,tarde,ES,MIMOSO DO SUL,False,101.0,BR-101,446.0,-21.12008786,-41.2717816,Acessar a via sem observar a presença dos outros veículos,Colisão transversal,Com Vítimas Feridas,Pleno dia,Decrescente,Céu Claro,Simples,Reta,Não,0.0,0.0,1.0,1.0,1.0,0.0,2.0,2.0,SPRF-ES,DEL03-ES,UOP02-DEL03-ES,0,moderado
2025-08-17,17:00,2025-08-17 17:00:00,2025.0,8.0,domingo,17.0,tarde,ES,ARACRUZ,False,101.0,BR-101,174.5,-19.58521862,-40.18992869,Acessar a via sem observar a presença dos outros veículos,Colisão transversal,Sem Vítimas,Plena Noite,Decrescente,Céu Claro,Simples,Rotatória,Sim,0.0,0.0,0.0,0.0,2.0,0.0,2.0,2.0,SPRF-ES,DEL04-ES,UOP01-DEL04-ES,0,baixo
2025-08-18,10:00,2025-08-18 10:00:00,2025.0,8.0,segunda,10.0,manha,ES,SERRA,True,101.0,BR-101,269.6,-20.22188,-40.27042,Condutor desrespeitou a iluminação vermelha do semáforo,Colisão transversal,Com Vítimas Feridas,Pleno dia,Crescente,Céu Claro,Múltipla,Interseção de Vias;Reta,Sim,0.0,0.0,2.0,2.0,1.0,0.0,2.0,3.0,SPRF-ES,DEL02-ES,UOP01-DEL02-ES,0,moderado
2025-08-18,16:30,2025-08-18 16:30:00,2025.0,8.0,segunda,16.0,tarde,ES,SERRA,True,101.0,BR-101,279.5,-20.218255,-40.3456,Desrespeitar a preferência no cruzamento,Colisão transversal,Com Vítimas Feridas,Pleno dia,Decrescente,Nublado,Múltipla,Retorno Regulamentado;Reta,Não,0.0,0.0,4.0,4.0,0.0,0.0,2.0,4.0,SPRF-ES,DEL02-ES,UOP01-DEL02-ES,0,moderado
2025-08-19,08:10,2025-08-19 08:10:00,2025.0,8.0,terca,8.0,manha,ES,CARIACICA,True,101.0,BR-101,297.2,-20.3479868,-40.41172743,Reação tardia ou ineficiente do condutor,Tombamento,Com Vítimas Feridas,Pleno dia,Crescente,Céu Claro,Dupla,Reta,Sim,0.0,0.0,1.0,1.0,0.0,0.0,1.0,1.0,SPRF-ES,DEL01-ES,UOP01-DEL01-ES,0,moderado
2025-08-19,07:30,2025-08-19 07:30:00,2025.0,8.0,terca,7.0,manha,ES,SERRA,True,101.0,BR-101,268.7,-20.21565001,-40.26980639,Pedestre cruzava a pista fora da faixa,Atropelamento de Pedestre,Com Vítimas Feridas,Pleno dia,Crescente,Chuva,Dupla,Reta,Sim,0.0,1.0,0.0,1.0,0.0,1.0,2.0,2.0,SPRF-ES,DEL02-ES,UOP01-DEL02-ES,1,grave
2025-08-19,15:00,2025-08-19 15:00:00,2025.0,8.0,terca,15.0,tarde,ES,GUARAPARI,True,101.0,BR-101,335.3,-20.62804498,-40.52955151,Ausência de reação do condutor,Colisão com objeto,Com Vítimas Feridas,Pleno dia,Decrescente,Céu Claro,Dupla,Curva;Aclive;Viaduto,Sim,0.0,0.0,1.0,1.0,0.0,0.0,1.0,1.0,SPRF-ES,DEL03-ES,UOP01-DEL03-ES,0,moderado
2025-08-19,20:00,2025-08-19 20:00:00,2025.0,8.0,terca,20.0,noite,ES,LINHARES,False,101.0,BR-101,143.9,-19.35134833,-40.06375,Reação tardia ou ineficiente do condutor,Colisão lateral mesmo sentido,Com Vítimas Feridas,Plena Noite,Crescente,Céu Claro,Múltipla,Interseção de Vias,Sim,0.0,0.0,2.0,2.0,0.0,0.0,2.0,2.0,SPRF-ES,DEL04-ES,UOP01-DEL04-ES,0,moderado
2025-08-19,20:00,2025-08-19 20:00:00,2025.0,8.0,terca,20.0,noite,ES,VIANA,True,262.0,BR-262,17.3,-20.38851662,-40.47730839,Pedestre andava na pista,Atropelamento de Pedestre,Com Vítimas Feridas,Plena Noite,Decrescente,Céu Claro,Simples,Reta,Sim,0.0,0.0,1.0,1.0,1.0,0.0,2.0,2.0,SPRF-ES,DEL01-ES,UOP01-DEL01-ES,0,moderado
2025-08-19,20:50,2025-08-19 20:50:00,2025.0,8.0,terca,20.0,noite,ES,LINHARES,False,101.0,BR-101,146.8,-19.377127,-40.06679046,Reação tardia ou ineficiente do condutor,Colisão traseira,Com Vítimas Feridas,Plena Noite,Crescente,Nublado,Dupla,Reta,Sim,0.0,2.0,0.0,2.0,0.0,1.0,2.0,3.0,SPRF-ES,DEL04-ES,UOP01-DEL04-ES,1,grave
2025-08-20,06:50,2025-08-20 06:50:00,2025.0,8.0,quarta,6.0,manha,ES,VIANA,True,101.0,BR-101,304.9,-20.38450167,-40.46367335,Acessar a via sem observar a presença dos outros veículos,Colisão transversal,Com Vítimas Feridas,Amanhecer,Crescente,Sol,Múltipla,Curva,Sim,0.0,1.0,1.0,2.0,0.0,0.0,2.0,2.0,SPRF-ES,DEL01-ES,UOP01-DEL01-ES,1,grave
2025-08-20,06:37,2025-08-20 06:37:00,2025.0,8.0,quarta,6.0,manha,ES,BAIXO GUANDU,False,259.0,BR-259,90.0,-19.515209,-40.909421,Demais falhas mecânicas ou elétricas,Queda de ocupante de veículo,Com Vítimas Feridas,Pleno dia,Decrescente,Céu Claro,Simples,Reta,Não,0.0,0.0,2.0,2.0,0.0,0.0,1.0,2.0,SPRF-ES,DEL02-ES,UOP01-DEL02-ES,0,moderado
2025-08-10,19:20,2025-08-10 19:20:00,2025.0,8.0,domingo,19.0,noite,ES,SAO MATEUS,False,101.0,BR-101,56.5,-18.64566014,-39.87440435,Sinalização mal posicionada,Colisão com objeto,Com Vítimas Feridas,Plena Noite,Decrescente,Nublado,Simples,Reta,Não,0.0,0.0,1.0,1.0,2.0,0.0,1.0,3.0,SPRF-ES,DEL04-ES,UOP02-DEL04-ES,0,moderado
2025-08-20,15:20,2025-08-20 15:20:00,2025.0,8.0,quarta,15.0,tarde,ES,SERRA,True,101.0,BR-101,266.3,-20.1929442,-40.2688107,Demais falhas mecânicas ou elétricas,Tombamento,Com Vítimas Feridas,Pleno dia,Decrescente,Sol,Múltipla,Reta,Sim,0.0,0.0,2.0,2.0,0.0,0.0,1.0,2.0,SPRF-ES,DEL02-ES,UOP01-DEL02-ES,0,moderado
2025-08-20,17:20,2025-08-20 17:20:00,2025.0,8.0,quarta,17.0,tarde,ES,LINHARES,False,101.0,BR-101,140.0,-19.31833719,-40.07534593,Pista Escorregadia,Tombamento,Com Vítimas Feridas,Anoitecer,Decrescente,Céu Claro,Múltipla,Reta,Sim,0.0,0.0,1.0,1.0,0.0,0.0,1.0,1.0,SPRF-ES,DEL04-ES,UOP01-DEL04-ES,0,moderado
2025-08-15,22:20,2025-08-15 22:20:00,2025.0,8.0,sexta,22.0,noite,ES,IBATIBA,False,262.0,BR-262,160.0,-20.237554,-41.513237,Acessar a via sem observar a presença dos outros veículos,Colisão transversal,Com Vítimas Feridas,Plena Noite,Decrescente,Céu Claro,Simples,Interseção de Vias,Não,0.0,0.0,1.0,1.0,0.0,1.0,2.0,2.0,SPRF-ES,DEL01-ES,UOP02-DEL01-ES,0,moderado
2025-08-21,09:40,2025-08-21 09:40:00,2025.0,8.0,quinta,9.0,manha,ES,CARIACICA,True,101.0,BR-101,294.5,-20.3299535,-40.398857,Condutor deixou de manter distância do veículo da frente,Colisão traseira,Com Vítimas Feridas,Pleno dia,Decrescente,Céu Claro,Dupla,Reta,Sim,0.0,0.0,1.0,1.0,1.0,0.0,2.0,2.0,SPRF-ES,DEL01-ES,UOP01-DEL01-ES,0,moderado
2025-08-21,13:42,2025-08-21 13:42:00,2025.0,8.0,quinta,13.0,tarde,ES,LINHARES,False,101.0,BR-101,149.0,-19.40218856,-40.06113974,Ausência de reação do condutor,Colisão lateral mesmo sentido,Com Vítimas Feridas,Pleno dia,Crescente,Céu Claro,Múltipla,Curva,Não,0.0,1.0,0.0,1.0,2.0,0.0,3.0,3.0,SPRF-ES,DEL04-ES,UOP01-DEL04-ES,1,grave
2025-08-21,18:20,2025-08-21 18:20:00,2025.0,8.0,quinta,18.0,noite,ES,MIMOSO DO SUL,False,101.0,BR-101,442.0,-21.0952767,-41.2517363,Acessar a via sem observar a presença dos outros veículos,Queda de ocupante de veículo,Com Vítimas Feridas,Plena Noite,Crescente,Céu Claro,Simples,Reta,Não,0.0,0.0,1.0,1.0,0.0,0.0,1.0,1.0,SPRF-ES,DEL03-ES,UOP02-DEL03-ES,0,moderado
2025-08-22,07:10,2025-08-22 07:10:00,2025.0,8.0,sexta,7.0,manha,ES,SERRA,True,101.0,BR-101,269.0,-20.217,-40.27,Ausência de reação do condutor,Colisão lateral mesmo sentido,Com Vítimas Feridas,Pleno dia,Crescente,Sol,Dupla,Reta,Sim,0.0,0.0,2.0,2.0,1.0,0.0,2.0,3.0,SPRF-ES,DEL02-ES,UOP01-DEL02-ES,0,moderado
2025-07-22,13:00,2025-07-22 13:00:00,2025.0,7.0,terca,13.0,tarde,ES,SERRA,True,101.0,BR-101,277.9,-20.21686025,-40.3288132,Acessar a via sem observar a presença dos outros veículos,Colisão transversal,Com Vítimas Fatais,Pleno dia,Crescente,Sol,Dupla,Reta,Sim,1.0,0.0,0.0,0.0,2.0,0.0,2.0,3.0,SPRF-ES,DEL02-ES,UOP01-DEL02-ES,1,fatal
2025-05-23,07:22,2025-05-23 07:22:00,2025.0,5.0,sexta,7.0,manha,ES,MUQUI,False,393.0,BR-393,27.3,-20.94478146,-41.33612093,Ausência de reação do condutor,Colisão frontal,Com Vítimas Feridas,Pleno dia,Decrescente,Céu Claro,Simples,Reta,Não,0.0,1.0,0.0,1.0,1.0,0.0,2.0,2.0,SPRF-ES,DEL03-ES,UOP02-DEL03-ES,1,grave
2025-08-22,16:05,2025-08-22 16:05:00,2025.0,8.0,sexta,16.0,tarde,ES,SAO MATEUS,False,101.0,BR-101,65.0,-18.70867231,-39.87722191,Demais falhas mecânicas ou elétricas,Incêndio,Sem Vítimas,Anoitecer,Crescente,Céu Claro,Simples,Aclive;Reta,Não,0.0,0.0,0.0,0.0,1.0,0.0,1.0,1.0,SPRF-ES,DEL04-ES,UOP02-DEL04-ES,0,baixo
2025-08-22,17:55,2025-08-22 17:55:00,2025.0,8.0,sexta,17.0,tarde,ES,SAO MATEUS,False,101.0,BR-101,65.0,-18.7156782,-39.8755792,Ausência de reação do condutor,Tombamento,Com Vítimas Feridas,Anoitecer,Crescente,Céu Claro,Dupla,Reta,Não,0.0,0.0,1.0,1.0,0.0,0.0,1.0,1.0,SPRF-ES,DEL04-ES,UOP02-DEL04-ES,0,moderado
2025-08-22,18:50,2025-08-22 18:50:00,2025.0,8.0,sexta,18.0,noite,ES,LINHARES,False,101.0,BR-101,146.0,-19.35232366,-40.06335005,Condutor deixou de manter distância do veículo da frente,Colisão traseira,Com Vítimas Feridas,Plena Noite,Crescente,Céu Claro,Dupla,Reta,Sim,0.0,0.0,2.0,2.0,1.0,0.0,2.0,3.0,SPRF-ES,DEL04-ES,UOP01-DEL04-ES,0,moderado
2025-08-22,19:40,2025-08-22 19:40:00,2025.0,8.0,sexta,19.0,noite,ES,SAO MATEUS,False,101.0,BR-101,56.0,-18.63656917,-39.87707681,Iluminação deficiente,Tombamento,Com Vítimas Feridas,Plena Noite,Decrescente,Céu Claro,Simples,Reta,Não,0.0,0.0,1.0,1.0,0.0,0.0,1.0,1.0,SPRF-ES,DEL04-ES,UOP02-DEL04-ES,0,moderado
2025-08-22,23:15,2025-08-22 23:15:00,2025.0,8.0,sexta,23.0,noite,ES,SERRA,True,101.0,BR-101,262.0,-20.15999151,-40.27581329,Reação tardia ou ineficiente do condutor,Colisão traseira,Com Vítimas Feridas,Plena Noite,Decrescente,Céu Claro,Dupla,Reta,Sim,0.0,0.0,1.0,1.0,0.0,1.0,2.0,2.0,SPRF-ES,DEL02-ES,UOP01-DEL02-ES,0,moderado
2025-08-23,02:15,2025-08-23 02:15:00,2025.0,8.0,sabado,2.0,madrugada,ES,CACHOEIRO DE ITAPEMIRIM,False,101.0,BR-101,416.2,-20.9239472,-41.0807048,Pedestre andava na pista,Atropelamento de Pedestre,Com Vítimas Fatais,Plena Noite,Decrescente,Nublado,Simples,Curva,Não,1.0,0.0,0.0,0.0,0.0,1.0,2.0,2.0,SPRF-ES,DEL03-ES,UOP02-DEL03-ES,1,fatal
2025-08-23,07:30,2025-08-23 07:30:00,2025.0,8.0,sabado,7.0,manha,ES,SERRA,True,101.0,BR-101,270.5,-20.229509,-40.272567,Condutor deixou de manter distância do veículo da frente,Colisão traseira,Com Vítimas Feridas,Pleno dia,Crescente,Céu Claro,Múltipla,Reta,Sim,0.0,0.0,1.0,1.0,0.0,1.0,2.0,2.0,SPRF-ES,DEL02-ES,UOP01-DEL02-ES,0,moderado
2025-08-23,10:40,2025-08-23 10:40:00,2025.0,8.0,sabado,10.0,manha,ES,ANCHIETA,False,101.0,BR-101,356.5,-20.692424,-40.691807,Demais falhas mecânicas ou elétricas,Queda de ocupante de veículo,Com Vítimas Feridas,Pleno dia,Crescente,Céu Claro,Dupla,Reta,Não,0.0,0.0,1.0,1.0,0.0,0.0,1.0,1.0,SPRF-ES,DEL03-ES,UOP01-DEL03-ES,0,moderado
2025-08-23,08:55,2025-08-23 08:55:00,2025.0,8.0,sabado,8.0,manha,ES,SAO MATEUS,False,101.0,BR-101,66.0,-18.718034,-39.8716901,Reação tardia ou ineficiente do condutor,Tombamento,Com Vítimas Feridas,Pleno dia,Crescente,Nublado,Dupla,Reta,Sim,0.0,0.0,1.0,1.0,0.0,0.0,1.0,1.0,SPRF-ES,DEL04-ES,UOP02-DEL04-ES,0,moderado
2025-08-23,21:20,2025-08-23 21:20:00,2025.0,8.0,sabado,21.0,noite,ES,SAO MATEUS,False,101.0,BR-101,73.0,-18.772369,-39.869595,Ausência de reação do condutor,Colisão traseira,Com Vítimas Feridas,Pleno dia,Decrescente,Sol,Simples,Reta,Não,0.0,0.0,2.0,2.0,0.0,2.0,2.0,4.0,SPRF-ES,DEL04-ES,UOP02-DEL04-ES,0,moderado
2025-08-24,09:10,2025-08-24 09:10:00,2025.0,8.0,domingo,9.0,manha,ES,VIANA,True,101.0,BR-101,298.2,-20.35753737,-40.41987984,Condutor deixou de manter distância do veículo da frente,Colisão lateral mesmo sentido,Com Vítimas Feridas,Pleno dia,Crescente,Céu Claro,Múltipla,Viaduto;Retorno Regulamentado,Sim,0.0,0.0,1.0,1.0,1.0,0.0,2.0,2.0,SPRF-ES,DEL01-ES,UOP01-DEL01-ES,0,moderado
2025-08-24,17:04,2025-08-24 17:04:00,2025.0,8.0,domingo,17.0,tarde,ES,LINHARES,False,101.0,BR-101,111.8,-19.07718,-40.04227,Transitar no Acostamento,Colisão lateral mesmo sentido,Com Vítimas Feridas,Pleno dia,Crescente,Céu Claro,Simples,Aclive;Reta,Não,0.0,0.0,2.0,2.0,2.0,0.0,2.0,4.0,SPRF-ES,DEL04-ES,UOP01-DEL04-ES,0,moderado
2025-08-25,07:30,2025-08-25 07:30:00,2025.0,8.0,segunda,7.0,manha,ES,COLATINA,False,259.0,BR-259,60.0,-19.524645,-40.673119,Condutor desrespeitou a iluminação vermelha do semáforo,Colisão transversal,Com Vítimas Feridas,Pleno dia,Crescente,Céu Claro,Simples,Reta,Não,0.0,0.0,1.0,1.0,0.0,1.0,2.0,2.0,SPRF-ES,DEL02-ES,UOP01-DEL02-ES,0,moderado
2025-08-25,08:40,2025-08-25 08:40:00,2025.0,8.0,segunda,8.0,manha,ES,SAO MATEUS,False,101.0,BR-101,61.6,-18.6855885,-39.8624234,Acessar a via sem observar a presença dos outros veículos,Colisão transversal,Com Vítimas Feridas,Pleno dia,Decrescente,Chuva,Simples,Reta,Não,0.0,0.0,1.0,1.0,2.0,0.0,2.0,3.0,SPRF-ES,DEL04-ES,UOP02-DEL04-ES,0,moderado
2025-08-25,14:10,2025-08-25 14:10:00,2025.0,8.0,segunda,14.0,tarde,ES,SAO MATEUS,False,101.0,BR-101,67.0,-18.722629,-39.862337,Acessar a via sem observar a presença dos outros veículos,Colisão transversal,Com Vítimas Feridas,Pleno dia,Decrescente,Céu Claro,Simples,Reta,Sim,0.0,0.0,1.0,1.0,1.0,0.0,2.0,2.0,SPRF-ES,DEL04-ES,UOP02-DEL04-ES,0,moderado
2025-08-25,19:25,2025-08-25 19:25:00,2025.0,8.0,segunda,19.0,noite,ES,CACHOEIRO DE ITAPEMIRIM,False,393.0,BR-393,2.0,-20.8325661,-41.1763491,Acessar a via sem observar a presença dos outros veículos,Colisão transversal,Com Vítimas Feridas,Plena Noite,Crescente,Céu Claro,Simples,Reta,Sim,0.0,0.0,2.0,2.0,0.0,0.0,1.0,2.0,SPRF-ES,DEL03-ES,UOP02-DEL03-ES,0,moderado
2025-08-25,20:10,2025-08-25 20:10:00,2025.0,8.0,segunda,20.0,noite,ES,SERRA,True,101.0,BR-101,260.5,-20.1464868,-40.2822158,Conversão proibida,Colisão transversal,Com Vítimas Feridas,Plena Noite,Decrescente,Céu Claro,Múltipla,Reta,Não,0.0,0.0,1.0,1.0,0.0,1.0,2.0,2.0,SPRF-ES,DEL02-ES,UOP01-DEL02-ES,0,moderado
2025-08-25,20:30,2025-08-25 20:30:00,2025.0,8.0,segunda,20.0,noite,ES,RIO NOVO DO SUL,False,101.0,BR-101,390.0,-20.86651131,-40.89935303,Demais falhas na via,Queda de ocupante de veículo,Com Vítimas Feridas,Plena Noite,Crescente,Céu Claro,Simples,Reta,Não,0.0,0.0,2.0,2.0,0.0,0.0,1.0,2.0,SPRF-ES,DEL03-ES,UOP02-DEL03-ES,0,moderado
2025-08-26,13:00,2025-08-26 13:00:00,2025.0,8.0,terca,13.0,tarde,ES,ARACRUZ,False,101.0,BR-101,185.0,-19.69723953,-40.29907465,Ausência de reação do condutor,Colisão lateral mesmo sentido,Com Vítimas Feridas,Pleno dia,Crescente,Céu Claro,Simples,Reta,Não,0.0,2.0,0.0,2.0,1.0,0.0,2.0,3.0,SPRF-ES,DEL04-ES,UOP01-DEL04-ES,1,grave
2025-08-26,17:30,2025-08-26 17:30:00,2025.0,8.0,terca,17.0,tarde,ES,SAO MATEUS,False,101.0,BR-101,73.0,-18.7715122,-39.8700101,Conversão proibida,Colisão transversal,Com Vítimas Feridas,Anoitecer,Decrescente,Céu Claro,Simples,Reta,Não,0.0,0.0,1.0,1.0,1.0,0.0,2.0,2.0,SPRF-ES,DEL04-ES,UOP02-DEL04-ES,0,moderado
2025-08-26,16:10,2025-08-26 16:10:00,2025.0,8.0,terca,16.0,tarde,ES,MARECHAL FLORIANO,False,262.0,BR-262,72.0,-20.419978,-40.876847,Reação tardia ou ineficiente do condutor,Saída de leito carroçável,Com Vítimas Feridas,Pleno dia,Decrescente,Sol,Simples,Reta,Não,0.0,0.0,1.0,1.0,0.0,0.0,1.0,1.0,SPRF-ES,DEL01-ES,UOP02-DEL01-ES,0,moderado
2025-08-26,18:30,2025-08-26 18:30:00,2025.0,8.0,terca,18.0,noite,ES,MUNIZ FREIRE,False,262.0,BR-262,141.7,-20.22921,-41.38435,Transitar na contramão,Colisão frontal,Com Vítimas Fatais,Plena Noite,Decrescente,Céu Claro,Simples,Aclive;Curva,Não,1.0,4.0,0.0,4.0,0.0,0.0,2.0,5.0,SPRF-ES,DEL01-ES,UOP02-DEL01-ES,1,fatal
2025-08-27,05:48,2025-08-27 05:48:00,2025.0,8.0,quarta,5.0,madrugada,ES,SERRA,True,101.0,BR-101,270.0,-20.227,-40.271,Entrada inopinada do pedestre,Atropelamento de Pedestre,Com Vítimas Feridas,Pleno dia,Crescente,Sol,Dupla,Interseção de Vias,Sim,0.0,0.0,1.0,1.0,1.0,0.0,2.0,2.0,SPRF-ES,DEL02-ES,UOP01-DEL02-ES,0,moderado
2025-08-27,08:15,2025-08-27 08:15:00,2025.0,8.0,quarta,8.0,manha,ES,SERRA,True,101.0,BR-101,256.0,-20.12002677,-40.30926615,Ausência de reação do condutor,Queda de ocupante de veículo,Com Vítimas Feridas,Pleno dia,Crescente,Sol,Simples,Reta,Sim,0.0,0.0,1.0,1.0,0.0,0.0,1.0,1.0,SPRF-ES,DEL02-ES,UOP01-DEL02-ES,0,moderado