data,hora,data_hora,ano,mes,dia_semana,hora_dia,periodo_dia,uf,municipio,regiao_grande_vitoria,rodovia,rodovia_label,km,latitude,longitude,causa,tipo_acidente,classificacao,fase_dia,sentido_via,condicao_metereologica,tipo_pista,tracado_via,uso_solo,mortos,feridos_graves,feridos_leves,feridos,ilesos,ignorados,veiculos,pessoas,regional,delegacia,uop,risco_alto,nivel_risco
2025-08-27,11:30,2025-08-27 11:30:00,2025.0,8.0,quarta,11.0,manha,ES,SAO MATEUS,False,101.0,BR-101,73.9,-18.77615628,-39.8724954,Conversão proibida,Colisão transversal,Com Vítimas Feridas,Pleno dia,Crescente,Sol,Simples,Reta;Aclive,Não,0.0,0.0,2.0,2.0,0.0,0.0,2.0,2.0,SPRF-ES,DEL04-ES,UOP02-DEL04-ES,0,moderado
2025-08-27,10:30,2025-08-27 10:30:00,2025.0,8.0,quarta,10.0,manha,ES,VIANA,True,101.0,BR-101,302.0,-20.37572245,-40.44271449,Reação tardia ou ineficiente do condutor,Tombamento,Com Vítimas Feridas,Pleno dia,Crescente,Céu Claro,Dupla,Curva,Sim,0.0,0.0,1.0,1.0,0.0,0.0,1.0,1.0,SPRF-ES,DEL01-ES,UOP01-DEL01-ES,0,moderado
2025-08-27,20:00,2025-08-27 20:00:00,2025.0,8.0,quarta,20.0,noite,ES,CONCEICAO DA BARRA,False,101.0,BR-101,37.8,-18.47967011,-39.92470264,Ultrapassagem Indevida,Colisão frontal,Com Vítimas Feridas,Plena Noite,Crescente,Céu Claro,Simples,Reta,Sim,0.0,1.0,1.0,2.0,1.0,0.0,3.0,3.0,SPRF-ES,DEL04-ES,UOP02-DEL04-ES,1,grave
2025-08-27,18:16,2025-08-27 18:16:00,2025.0,8.0,quarta,18.0,noite,ES,SERRA,True,101.0,BR-101,265.0,-20.18138972,-40.34028491,Ausência de reação do condutor,Atropelamento de Pedestre,Com Vítimas Feridas,Plena Noite,Crescente,Céu Claro,Dupla,Reta,Sim,0.0,0.0,1.0,1.0,0.0,1.0,2.0,2.0,SPRF-ES,DEL02-ES,UOP01-DEL02-ES,0,moderado
2025-08-27,22:30,2025-08-27 22:30:00,2025.0,8.0,quarta,22.0,noite,ES,LINHARES,False,101.0,BR-101,145.9,-19.36926635,-40.06531326,Condutor desrespeitou a iluminação vermelha do semáforo,Colisão transversal,Com Vítimas Feridas,Plena Noite,Crescente,Céu Claro,Dupla,Interseção de Vias,Sim,0.0,0.0,1.0,1.0,1.0,1.0,2.0,3.0,SPRF-ES,DEL04-ES,UOP01-DEL04-ES,0,moderado
2025-08-28,07:40,2025-08-28 07:40:00,2025.0,8.0,quinta,7.0,manha,ES,SERRA,True,101.0,BR-101,275.0,-20.21381512,-40.32209516,Transitar no Acostamento,Colisão com objeto,Com Vítimas Feridas,Pleno dia,Decrescente,Nublado,Dupla,Reta,Sim,0.0,2.0,0.0,2.0,0.0,0.0,1.0,2.0,SPRF-ES,DEL02-ES,UOP01-DEL02-ES,1,grave
2025-08-28,08:10,2025-08-28 08:10:00,2025.0,8.0,quinta,8.0,manha,ES,LINHARES,False,101.0,BR-101,141.9,-19.33312068,-40.06812282,Condutor deixou de manter distância do veículo da frente,Colisão traseira,Com Vítimas Feridas,Pleno dia,Decrescente,Céu Claro,Múltipla,Reta;Interseção de Vias,Sim,0.0,1.0,0.0,1.0,1.0,0.0,2.0,2.0,SPRF-ES,DEL04-ES,UOP01-DEL04-ES,1,grave
2025-08-28,10:30,2025-08-28 10:30:00,2025.0,8.0,quinta,10.0,manha,ES,VITORIA,True,262.0,BR-262,0.1,-20.32202855,-40.35381166,Reação tardia ou ineficiente do condutor,Colisão com objeto,Com Vítimas Feridas,Pleno dia,Crescente,Céu Claro,Dupla,Reta;Ponte,Sim,0.0,0.0,1.0,1.0,0.0,0.0,1.0,1.0,SPRF-ES,DEL01-ES,UOP01-DEL01-ES,0,moderado
2025-08-28,13:50,2025-08-28 13:50:00,2025.0,8.0,quinta,13.0,tarde,ES,LINHARES,False,101.0,BR-101,151.6,-19.41721935,-40.06842303,Acessar a via sem observar a presença dos outros veículos,Colisão transversal,Sem Vítimas,Pleno dia,Crescente,Céu Claro,Simples,Interseção de Vias;Curva,Não,0.0,0.0,0.0,0.0,2.0,0.0,2.0,2.0,SPRF-ES,DEL04-ES,UOP01-DEL04-ES,0,baixo
2025-08-28,18:15,2025-08-28 18:15:00,2025.0,8.0,quinta,18.0,noite,ES,CARIACICA,True,101.0,BR-101,288.2,-20.27364868,-40.39191596,Desrespeitar a preferência no cruzamento,Colisão transversal,Com Vítimas Feridas,Plena Noite,Crescente,Nublado,Dupla,Retorno Regulamentado,Sim,0.0,1.0,0.0,1.0,1.0,0.0,2.0,2.0,SPRF-ES,DEL01-ES,UOP01-DEL01-ES,1,grave
2025-08-28,20:00,2025-08-28 20:00:00,2025.0,8.0,quinta,20.0,noite,ES,SERRA,True,101.0,BR-101,261.9,-20.157535,-40.276766,Animais na Pista,Atropelamento de Animal,Com Vítimas Feridas,Plena Noite,Decrescente,Céu Claro,Simples,Reta,Sim,0.0,0.0,2.0,2.0,0.0,0.0,1.0,2.0,SPRF-ES,DEL02-ES,UOP01-DEL02-ES,0,moderado
2025-08-28,21:00,2025-08-28 21:00:00,2025.0,8.0,quinta,21.0,noite,ES,VENDA NOVA DO IMIGRANTE,False,262.0,BR-262,105.0,-20.32766158,-41.1333673,Acessar a via sem observar a presença dos outros veículos,Colisão transversal,Com Vítimas Feridas,Plena Noite,Decrescente,Céu Claro,Simples,Interseção de Vias,Sim,0.0,1.0,0.0,1.0,1.0,0.0,2.0,2.0,SPRF-ES,DEL01-ES,UOP02-DEL01-ES,1,grave
2025-08-29,05:30,2025-08-29 05:30:00,2025.0,8.0,sexta,5.0,madrugada,ES,COLATINA,False,259.0,BR-259,30.0,-19.5919364,-40.5087476,Condutor Dormindo,Colisão frontal,Com Vítimas Feridas,Amanhecer,Crescente,Céu Claro,Simples,Curva,Não,0.0,0.0,3.0,3.0,0.0,0.0,2.0,3.0,SPRF-ES,DEL02-ES,UOP01-DEL02-ES,0,moderado
2025-08-29,10:43,2025-08-29 10:43:00,2025.0,8.0,sexta,10.0,manha,ES,VILA VELHA,True,0.0,BR-0,0.0,-20.33359172,-40.29144323,Trafegar com motocicleta (ou similar) entre as faixas,Colisão lateral mesmo sentido,Sem Vítimas,Pleno dia,Não Informado,Céu Claro,Múltipla,Reta,Sim,0.0,0.0,0.0,0.0,4.0,0.0,4.0,4.0,SPRF-ES,,,0,baixo
2025-08-29,13:49,2025-08-29 13:49:00,2025.0,8.0,sexta,13.0,tarde,ES,CARIACICA,True,101.0,BR-101,296.0,-20.342795,-40.406188,Reação tardia ou ineficiente do condutor,Colisão com objeto,Com Vítimas Feridas,Pleno dia,Crescente,Sol,Simples,Curva;Aclive;Viaduto,Sim,0.0,0.0,1.0,1.0,0.0,0.0,1.0,1.0,SPRF-ES,DEL01-ES,UOP01-DEL01-ES,0,moderado
2025-08-29,16:26,2025-08-29 16:26:00,2025.0,8.0,sexta,16.0,tarde,ES,MARECHAL FLORIANO,False,262.0,BR-262,62.5,-20.42211235,-40.80568882,Desrespeitar a preferência no cruzamento,Colisão transversal,Com Vítimas Feridas,Pleno dia,Crescente,Nublado,Simples,Reta,Não,0.0,1.0,0.0,1.0,1.0,0.0,2.0,2.0,SPRF-ES,DEL01-ES,UOP02-DEL01-ES,1,grave
2025-08-29,18:30,2025-08-29 18:30:00,2025.0,8.0,sexta,18.0,noite,ES,SERRA,True,101.0,BR-101,269.9,-20.04887598,-40.3865263,Manobra de mudança de faixa,Colisão lateral mesmo sentido,Com Vítimas Feridas,Plena Noite,Crescente,Nublado,Múltipla,Interseção de Vias,Sim,0.0,0.0,1.0,1.0,1.0,0.0,2.0,2.0,SPRF-ES,DEL02-ES,UOP01-DEL02-ES,0,moderado
2025-08-29,18:20,2025-08-29 18:20:00,2025.0,8.0,sexta,18.0,noite,ES,MARECHAL FLORIANO,False,262.0,BR-262,56.0,-20.41250596,-40.75826263,Entrada inopinada do pedestre,Atropelamento de Pedestre,Com Vítimas Feridas,Plena Noite,Crescente,Ignorado,Dupla,Reta,Não,0.0,0.0,1.0,1.0,0.0,1.0,2.0,2.0,SPRF-ES,DEL01-ES,UOP01-DEL01-ES,0,moderado
2025-08-29,21:00,2025-08-29 21:00:00,2025.0,8.0,sexta,21.0,noite,ES,LINHARES,False,101.0,BR-101,139.0,-19.31863029,-40.07529108,Ausência de reação do condutor,Colisão transversal,Com Vítimas Feridas,Plena Noite,Crescente,Céu Claro,Múltipla,Reta,Não,0.0,2.0,1.0,3.0,0.0,1.0,3.0,4.0,SPRF-ES,DEL04-ES,UOP01-DEL04-ES,1,grave
2025-08-30,01:00,2025-08-30 01:00:00,2025.0,8.0,sabado,1.0,madrugada,ES,VILA VELHA,True,447.0,BR-447,14.0,-20.350168,-40.333452,Acessar a via sem observar a presença dos outros veículos,Colisão transversal,Com Vítimas Feridas,Plena Noite,Crescente,Chuva,Simples,Reta,Sim,0.0,1.0,1.0,2.0,0.0,0.0,2.0,2.0,SPRF-ES,DEL01-ES,UOP01-DEL01-ES,1,grave
2025-08-30,02:00,2025-08-30 02:00:00,2025.0,8.0,sabado,2.0,madrugada,ES,CONCEICAO DO CASTELO,False,262.0,BR-262,115.9,-20.3187017,-41.2247733,Ingestão de álcool pelo condutor,Colisão frontal,Sem Vítimas,Plena Noite,Crescente,Chuva,Simples,Interseção de Vias,Não,0.0,0.0,0.0,0.0,2.0,0.0,2.0,2.0,SPRF-ES,DEL01-ES,UOP02-DEL01-ES,0,baixo
2025-08-30,04:44,2025-08-30 04:44:00,2025.0,8.0,sabado,4.0,madrugada,ES,COLATINA,False,259.0,BR-259,57.7,-19.52367424,-40.67082882,Falta de acostamento,Colisão lateral mesmo sentido,Com Vítimas Feridas,Amanhecer,Decrescente,Céu Claro,Simples,Aclive;Reta,Sim,0.0,0.0,1.0,1.0,0.0,0.0,1.0,1.0,SPRF-ES,DEL02-ES,UOP01-DEL02-ES,0,moderado
2025-08-30,08:30,2025-08-30 08:30:00,2025.0,8.0,sabado,8.0,manha,ES,SERRA,True,101.0,BR-101,259.7,-20.146539,-40.287022,Condutor deixou de manter distância do veículo da frente,Colisão traseira,Com Vítimas Feridas,Pleno dia,Crescente,Céu Claro,Simples,Curva,Sim,0.0,0.0,2.0,2.0,0.0,1.0,2.0,3.0,SPRF-ES,DEL02-ES,UOP01-DEL02-ES,0,moderado
2025-08-30,15:30,2025-08-30 15:30:00,2025.0,8.0,sabado,15.0,tarde,ES,FUNDAO,True,101.0,BR-101,229.0,-19.931509,-40.40552,Acesso irregular,Colisão transversal,Sem Vítimas,Pleno dia,Decrescente,Nublado,Simples,Reta,Sim,0.0,0.0,0.0,0.0,1.0,1.0,2.0,2.0,SPRF-ES,DEL02-ES,UOP01-DEL02-ES,0,baixo
2025-08-30,16:30,2025-08-30 16:30:00,2025.0,8.0,sabado,16.0,tarde,ES,CARIACICA,True,101.0,BR-101,287.3,-20.26152392,-40.37874406,Mal súbito do condutor,Tombamento,Com Vítimas Feridas,Pleno dia,Crescente,Nublado,Dupla,Reta;Declive,Não,0.0,0.0,1.0,1.0,0.0,0.0,1.0,1.0,SPRF-ES,DEL01-ES,UOP01-DEL01-ES,0,moderado
2025-08-30,16:45,2025-08-30 16:45:00,2025.0,8.0,sabado,16.0,tarde,ES,VIANA,True,262.0,BR-262,19.8,-20.38625971,-40.49624847,Entrada inopinada do pedestre,Atropelamento de Pedestre,Com Vítimas Feridas,Pleno dia,Crescente,Céu Claro,Simples,Curva,Sim,0.0,0.0,1.0,1.0,5.0,0.0,2.0,6.0,SPRF-ES,DEL01-ES,UOP01-DEL01-ES,0,moderado
2025-08-30,17:24,2025-08-30 17:24:00,2025.0,8.0,sabado,17.0,tarde,ES,JOAO NEIVA,False,259.0,BR-259,20.0,-19.6490634,-40.4622066,Acessar a via sem observar a presença dos outros veículos,Colisão transversal,Com Vítimas Feridas,Pleno dia,Crescente,Nublado,Simples,Interseção de Vias,Não,0.0,0.0,2.0,2.0,1.0,0.0,2.0,3.0,SPRF-ES,DEL02-ES,UOP01-DEL02-ES,0,moderado
2025-08-30,19:20,2025-08-30 19:20:00,2025.0,8.0,sabado,19.0,noite,ES,VENDA NOVA DO IMIGRANTE,False,262.0,BR-262,113.0,-20.331878,-41.204408,Ingestão de álcool pelo condutor,Colisão lateral sentido oposto,Sem Vítimas,Plena Noite,Crescente,Nublado,Simples,Declive;Curva,Não,0.0,0.0,0.0,0.0,3.0,0.0,3.0,3.0,SPRF-ES,DEL01-ES,UOP02-DEL01-ES,0,baixo
2025-08-30,18:40,2025-08-30 18:40:00,2025.0,8.0,sabado,18.0,noite,ES,LINHARES,False,101.0,BR-101,146.0,-19.36647881,-40.06553538,Velocidade Incompatível,Colisão transversal,Com Vítimas Fatais,Plena Noite,Decrescente,Céu Claro,Dupla,Reta,Não,1.0,0.0,0.0,0.0,0.0,1.0,2.0,2.0,SPRF-ES,DEL04-ES,UOP01-DEL04-ES,1,fatal
2025-08-30,22:50,2025-08-30 22:50:00,2025.0,8.0,sabado,22.0,noite,ES,RIO NOVO DO SUL,False,101.0,BR-101,385.9,-20.8412309,-40.8714874,Reação tardia ou ineficiente do condutor,Saída de leito carroçável,Com Vítimas Feridas,Plena Noite,Decrescente,Chuva,Simples,Curva,Não,0.0,0.0,1.0,1.0,0.0,0.0,1.0,1.0,SPRF-ES,DEL03-ES,UOP01-DEL03-ES,0,moderado
2025-08-31,02:00,2025-08-31 02:00:00,2025.0,8.0,domingo,2.0,madrugada,ES,VIANA,True,101.0,BR-101,294.0,-20.35623752,-40.41775118,Chuva,Colisão com objeto,Com Vítimas Feridas,Plena Noite,Crescente,Chuva,Múltipla,Reta,Não,0.0,0.0,1.0,1.0,0.0,0.0,1.0,1.0,SPRF-ES,DEL01-ES,UOP01-DEL01-ES,0,moderado
2025-08-31,02:03,2025-08-31 02:03:00,2025.0,8.0,domingo,2.0,madrugada,ES,CONCEICAO DA BARRA,False,101.0,BR-101,32.0,-18.4219208,-39.9358207,Avarias e/ou desgaste excessivo no pneu,Saída de leito carroçável,Sem Vítimas,Plena Noite,Crescente,Chuva,Simples,Reta,Sim,0.0,0.0,0.0,0.0,1.0,0.0,1.0,1.0,SPRF-ES,DEL04-ES,UOP02-DEL04-ES,0,baixo
2025-08-31,04:00,2025-08-31 04:00:00,2025.0,8.0,domingo,4.0,madrugada,ES,JAGUARE,False,101.0,BR-101,98.0,-18.963667,-39.987567,Condutor Dormindo,Capotamento,Sem Vítimas,Plena Noite,Decrescente,Chuva,Simples,Reta,Não,0.0,0.0,0.0,0.0,0.0,1.0,1.0,1.0,SPRF-ES,DEL04-ES,UOP02-DEL04-ES,0,baixo
2025-08-31,09:40,2025-08-31 09:40:00,2025.0,8.0,domingo,9.0,manha,ES,CARIACICA,True,101.0,BR-101,284.0,-20.24481,-40.36973,Avarias e/ou desgaste excessivo no pneu,Queda de ocupante de veículo,Com Vítimas Feridas,Pleno dia,Crescente,Céu Claro,Dupla,Reta,Não,0.0,1.0,1.0,2.0,0.0,0.0,1.0,2.0,SPRF-ES,DEL01-ES,UOP01-DEL01-ES,1,grave
2025-08-31,13:40,2025-08-31 13:40:00,2025.0,8.0,domingo,13.0,tarde,ES,LINHARES,False,101.0,BR-101,151.0,-19.41719432,-40.06821424,Ingestão de álcool pelo condutor,Colisão transversal,Com Vítimas Feridas,Pleno dia,Crescente,Chuva,Simples,Interseção de Vias,Não,0.0,2.0,0.0,2.0,1.0,0.0,2.0,3.0,SPRF-ES,DEL04-ES,UOP01-DEL04-ES,1,grave
2025-08-31,17:20,2025-08-31 17:20:00,2025.0,8.0,domingo,17.0,tarde,ES,VIANA,True,101.0,BR-101,298.4,-20.35751928,-40.42723877,Velocidade Incompatível,Colisão com objeto,Sem Vítimas,Plena Noite,Crescente,Garoa/Chuvisco,Múltipla,Reta;Interseção de Vias,Sim,0.0,0.0,0.0,0.0,1.0,0.0,1.0,1.0,SPRF-ES,DEL01-ES,UOP01-DEL01-ES,0,baixo
2025-08-19,18:30,2025-08-19 18:30:00,2025.0,8.0,terca,18.0,noite,ES,SERRA,True,101.0,BR-101,264.6,-20.179623,-40.26513,Manobra de mudança de faixa,Colisão traseira,Com Vítimas Feridas,Plena Noite,Decrescente,Céu Claro,Dupla,Reta,Sim,0.0,1.0,0.0,1.0,1.0,0.0,2.0,2.0,SPRF-ES,DEL02-ES,UOP01-DEL02-ES,1,grave
2025-08-31,21:00,2025-08-31 21:00:00,2025.0,8.0,domingo,21.0,noite,ES,CARIACICA,True,101.0,BR-101,295.1,-20.33411089,-40.40103078,Condutor deixou de manter distância do veículo da frente,Colisão lateral mesmo sentido,Com Vítimas Feridas,Plena Noite,Crescente,Chuva,Múltipla,Reta,Sim,0.0,0.0,1.0,1.0,0.0,1.0,2.0,2.0,SPRF-ES,DEL01-ES,UOP01-DEL01-ES,0,moderado
2025-09-01,00:20,2025-09-01 00:20:00,2025.0,9.0,segunda,0.0,madrugada,ES,FUNDAO,True,101.0,BR-101,232.3,-19.95504667,-40.408055,Acumulo de água sobre o pavimento,Capotamento,Com Vítimas Feridas,Plena Noite,Crescente,Chuva,Simples,Reta,Não,0.0,1.0,1.0,2.0,0.0,0.0,1.0,2.0,SPRF-ES,DEL02-ES,UOP01-DEL02-ES,1,grave
2025-09-01,10:10,2025-09-01 10:10:00,2025.0,9.0,segunda,10.0,manha,ES,ANCHIETA,False,101.0,BR-101,348.7,-20.65050356,-40.64245726,Reação tardia ou ineficiente do condutor,Tombamento,Com Vítimas Feridas,Pleno dia,Crescente,Chuva,Dupla,Curva,Não,0.0,1.0,1.0,2.0,0.0,0.0,1.0,2.0,SPRF-ES,DEL03-ES,UOP01-DEL03-ES,1,grave
2025-09-02,06:45,2025-09-02 06:45:00,2025.0,9.0,terca,6.0,manha,ES,CARIACICA,True,101.0,BR-101,282.3,-20.22867736,-40.3660655,Chuva,Tombamento,Com Vítimas Feridas,Pleno dia,Crescente,Chuva,Múltipla,Retorno Regulamentado,Não,0.0,0.0,1.0,1.0,0.0,0.0,1.0,1.0,SPRF-ES,DEL01-ES,UOP01-DEL01-ES,0,moderado
2025-09-02,11:05,2025-09-02 11:05:00,2025.0,9.0,terca,11.0,manha,ES,VIANA,True,101.0,BR-101,298.3,-20.35540428,-40.41762471,Reação tardia ou ineficiente do condutor,Tombamento,Com Vítimas Feridas,Pleno dia,Crescente,Chuva,Múltipla,Reta,Sim,0.0,1.0,0.0,1.0,0.0,0.0,1.0,1.0,SPRF-ES,DEL01-ES,UOP01-DEL01-ES,1,grave
2025-09-02,19:03,2025-09-02 19:03:00,2025.0,9.0,terca,19.0,noite,ES,ITAPEMIRIM,False,101.0,BR-101,405.3,-20.89879306,-41.01127663,Reação tardia ou ineficiente do condutor,Atropelamento de Pedestre,Com Vítimas Fatais,Plena Noite,Decrescente,Nublado,Simples,Curva,Não,1.0,0.0,0.0,0.0,0.0,1.0,2.0,2.0,SPRF-ES,DEL03-ES,UOP02-DEL03-ES,1,fatal
2025-09-02,19:30,2025-09-02 19:30:00,2025.0,9.0,terca,19.0,noite,ES,IBIRACU,False,101.0,BR-101,205.0,-19.79771749,-40.3692627,Reação tardia ou ineficiente do condutor,Saída de leito carroçável,Com Vítimas Feridas,Plena Noite,Crescente,Chuva,Simples,Reta,Não,0.0,0.0,1.0,1.0,0.0,0.0,1.0,1.0,SPRF-ES,DEL02-ES,UOP01-DEL02-ES,0,moderado
2025-09-03,09:50,2025-09-03 09:50:00,2025.0,9.0,quarta,9.0,manha,ES,LINHARES,False,101.0,BR-101,148.5,-19.3843726,-40.06707323,Trafegar com motocicleta (ou similar) entre as faixas,Colisão lateral mesmo sentido,Com Vítimas Feridas,Pleno dia,Crescente,Céu Claro,Dupla,Reta,Sim,0.0,0.0,1.0,1.0,1.0,0.0,2.0,2.0,SPRF-ES,DEL04-ES,UOP01-DEL04-ES,0,moderado
2025-08-10,23:30,2025-08-10 23:30:00,2025.0,8.0,domingo,23.0,noite,ES,SERRA,True,101.0,BR-101,10.8,-20.14954166,-40.345588,Transitar na contramão,Colisão frontal,Com Vítimas Fatais,Plena Noite,Crescente,Nublado,Dupla,Reta;Ponte,Não,1.0,0.0,1.0,1.0,1.0,0.0,2.0,3.0,SPRF-ES,DEL02-ES,UOP01-DEL02-ES,1,fatal
2025-09-03,18:45,2025-09-03 18:45:00,2025.0,9.0,quarta,18.0,noite,ES,SERRA,True,101.0,BR-101,269.5,-20.22213167,-40.27024833,Reação tardia ou ineficiente do condutor,Colisão traseira,Com Vítimas Feridas,Pleno dia,Crescente,Nublado,Múltipla,Reta,Sim,0.0,1.0,1.0,2.0,2.0,0.0,3.0,4.0,SPRF-ES,DEL02-ES,UOP01-DEL02-ES,1,grave
2025-09-03,20:40,2025-09-03 20:40:00,2025.0,9.0,quarta,20.0,noite,ES,CARIACICA,True,101.0,BR-101,292.0,-20.30689907,-40.39478586,Acessar a via sem observar a presença dos outros veículos,Colisão transversal,Com Vítimas Feridas,Plena Noite,Crescente,Garoa/Chuvisco,Dupla,Reta;Interseção de Vias,Sim,0.0,0.0,1.0,1.0,1.0,0.0,2.0,2.0,SPRF-ES,DEL01-ES,UOP01-DEL01-ES,0,moderado
2025-09-03,21:45,2025-09-03 21:45:00,2025.0,9.0,quarta,21.0,noite,ES,SERRA,True,101.0,BR-101,262.5,-20.16429,-40.2741,Manobra de mudança de faixa,Tombamento,Com Vítimas Feridas,Plena Noite,Crescente,Garoa/Chuvisco,Dupla,Reta;Declive,Não,0.0,0.0,1.0,1.0,1.0,0.0,2.0,2.0,SPRF-ES,DEL02-ES,UOP01-DEL02-ES,0,moderado
2025-09-04,07:15,2025-09-04 07:15:00,2025.0,9.0,quinta,7.0,manha,ES,CARIACICA,True,101.0,BR-101,291.0,-20.297934,-40.394587,Reação tardia ou ineficiente do condutor,Tombamento,Com Vítimas Feridas,Pleno dia,Decrescente,Céu Claro,Dupla,Reta,Sim,0.0,0.0,1.0,1.0,0.0,0.0,1.0,1.0,SPRF-ES,DEL01-ES,UOP01-DEL01-ES,0,moderado
2025-09-04,07:30,2025-09-04 07:30:00,2025.0,9.0,quinta,7.0,manha,ES,CARIACICA,True,101.0,BR-101,291.2,-20.3039005,-40.39587021,Ausência de reação do condutor,Saída de leito carroçável,Com Vítimas Feridas,Pleno dia,Crescente,Nublado,Dupla,Reta,Não,0.0,0.0,2.0,2.0,0.0,0.0,1.0,2.0,SPRF-ES,DEL01-ES,UOP01-DEL01-ES,0,moderado
2025-09-04,15:00,2025-09-04 15:00:00,2025.0,9.0,quinta,15.0,tarde,ES,SERRA,True,101.0,BR-101,263.0,-20.1695432,-40.27002007,Acessar a via sem observar a presença dos outros veículos,Colisão traseira,Com Vítimas Feridas,Pleno dia,Decrescente,Nublado,Dupla,Declive;Reta,Sim,0.0,0.0,2.0,2.0,0.0,0.0,2.0,2.0,SPRF-ES,DEL02-ES,UOP01-DEL02-ES,0,moderado
2025-09-04,17:20,2025-09-04 17:20:00,2025.0,9.0,quinta,17.0,tarde,ES,IUNA,False,262.0,BR-262,188.1,-20.31544,-41.72836,Transitar na contramão,Colisão frontal,Com Vítimas Fatais,Anoitecer,Crescente,Céu Claro,Simples,Aclive;Curva,Não,1.0,0.0,0.0,0.0,0.0,1.0,2.0,2.0,SPRF-ES,DEL01-ES,UOP02-DEL01-ES,1,fatal
2025-09-04,18:44,2025-09-04 18:44:00,2025.0,9.0,quinta,18.0,noite,ES,CARIACICA,True,262.0,BR-262,0.9,-20.32638444,-40.35470366,Manobra de mudança de faixa,Colisão lateral mesmo sentido,Com Vítimas Feridas,Plena Noite,Crescente,Nublado,Dupla,Ponte,Sim,0.0,0.0,1.0,1.0,1.0,0.0,2.0,2.0,SPRF-ES,DEL01-ES,UOP01-DEL01-ES,0,moderado
2025-09-05,05:50,2025-09-05 05:50:00,2025.0,9.0,sexta,5.0,madrugada,ES,LINHARES,False,101.0,BR-101,149.2,-19.39957873,-40.06240711,Condutor desrespeitou a iluminação vermelha do semáforo,Colisão transversal,Com Vítimas Feridas,Pleno dia,Decrescente,Céu Claro,Dupla,Interseção de Vias,Sim,0.0,0.0,1.0,1.0,1.0,0.0,2.0,2.0,SPRF-ES,DEL04-ES,UOP01-DEL04-ES,0,moderado
2025-09-05,08:00,2025-09-05 08:00:00,2025.0,9.0,sexta,8.0,manha,ES,CARIACICA,True,101.0,BR-101,297.5,-20.34786385,-40.41160202,Trafegar com motocicleta (ou similar) entre as faixas,Colisão traseira,Com Vítimas Feridas,Pleno dia,Crescente,Céu Claro,Dupla,Reta,Sim,0.0,1.0,0.0,1.0,1.0,0.0,2.0,2.0,SPRF-ES,DEL01-ES,UOP01-DEL01-ES,1,grave
2025-09-05,14:00,2025-09-05 14:00:00,2025.0,9.0,sexta,14.0,tarde,ES,ANCHIETA,False,101.0,BR-101,370.7,-20.7709959,-40.76377843,Desrespeitar a preferência no cruzamento,Colisão transversal,Com Vítimas Feridas,Pleno dia,Decrescente,Céu Claro,Simples,Interseção de Vias,Não,0.0,0.0,1.0,1.0,2.0,0.0,2.0,3.0,SPRF-ES,DEL03-ES,UOP01-DEL03-ES,0,moderado
2025-09-05,15:10,2025-09-05 15:10:00,2025.0,9.0,sexta,15.0,tarde,ES,SERRA,True,101.0,BR-101,257.0,-20.12369122,-40.30423274,Acessar a via sem observar a presença dos outros veículos,Colisão frontal,Com Vítimas Feridas,Pleno dia,Decrescente,Céu Claro,Dupla,Interseção de Vias,Sim,0.0,0.0,1.0,1.0,1.0,0.0,2.0,2.0,SPRF-ES,DEL02-ES,UOP01-DEL02-ES,0,moderado
2025-09-05,17:45,2025-09-05 17:45:00,2025.0,9.0,sexta,17.0,tarde,ES,CARIACICA,True,101.0,BR-101,297.2,-20.347605,-40.411545,Trafegar com motocicleta (ou similar) entre as faixas,Colisão traseira,Com Vítimas Feridas,Anoitecer,Crescente,Céu Claro,Dupla,Reta,Sim,0.0,0.0,1.0,1.0,1.0,0.0,2.0,2.0,SPRF-ES,DEL01-ES,UOP01-DEL01-ES,0,moderado
2025-09-05,18:19,2025-09-05 18:19:00,2025.0,9.0,sexta,18.0,noite,ES,CACHOEIRO DE ITAPEMIRIM,False,393.0,BR-393,1.0,-20.83369788,-41.177077,Condutor deixou de manter distância do veículo da frente,Queda de ocupante de veículo,Com Vítimas Feridas,Anoitecer,Crescente,Céu Claro,Simples,Reta,Sim,0.0,1.0,0.0,1.0,0.0,0.0,1.0,1.0,SPRF-ES,DEL03-ES,UOP02-DEL03-ES,1,grave
2025-09-05,19:20,2025-09-05 19:20:00,2025.0,9.0,sexta,19.0,noite,ES,CONCEICAO DA BARRA,False,101.0,BR-101,53.4,-18.618851,-39.882419,Velocidade Incompatível,Saída de leito carroçável,Com Vítimas Feridas,Plena Noite,Crescente,Nublado,Simples,Reta,Não,0.0,0.0,2.0,2.0,0.0,0.0,1.0,2.0,SPRF-ES,DEL04-ES,UOP02-DEL04-ES,0,moderado