data,hora,data_hora,ano,mes,dia_semana,hora_dia,periodo_dia,uf,municipio,regiao_grande_vitoria,rodovia,rodovia_label,km,latitude,longitude,causa,tipo_acidente,classificacao,fase_dia,sentido_via,condicao_metereologica,tipo_pista,tracado_via,uso_solo,mortos,feridos_graves,feridos_leves,feridos,ilesos,ignorados,veiculos,pessoas,regional,delegacia,uop,risco_alto,nivel_risco
2025-09-06,02:20,2025-09-06 02:20:00,2025.0,9.0,sabado,2.0,madrugada,ES,LINHARES,False,101.0,BR-101,141.8,-19.3329536,-40.06843376,Ingestão de álcool pelo condutor,Saída de leito carroçável,Com Vítimas Feridas,Plena Noite,Decrescente,Céu Claro,Múltipla,Retorno Regulamentado;Reta,Sim,0.0,0.0,1.0,1.0,0.0,0.0,1.0,1.0,SPRF-ES,DEL04-ES,UOP01-DEL04-ES,0,moderado
2025-09-06,08:00,2025-09-06 08:00:00,2025.0,9.0,sabado,8.0,manha,ES,CARIACICA,True,101.0,BR-101,288.8,-20.2800659,-40.3924427,Condutor deixou de manter distância do veículo da frente,Colisão traseira,Com Vítimas Feridas,Pleno dia,Decrescente,Céu Claro,Múltipla,Interseção de Vias,Sim,0.0,0.0,1.0,1.0,1.0,0.0,2.0,2.0,SPRF-ES,DEL01-ES,UOP01-DEL01-ES,0,moderado
2025-09-06,08:00,2025-09-06 08:00:00,2025.0,9.0,sabado,8.0,manha,ES,RIO NOVO DO SUL,False,101.0,BR-101,395.0,-20.86583834,-40.93312791,Ausência de reação do condutor,Colisão traseira,Com Vítimas Feridas,Pleno dia,Crescente,Céu Claro,Simples,Curva,Não,0.0,0.0,1.0,1.0,2.0,0.0,2.0,3.0,SPRF-ES,DEL03-ES,UOP02-DEL03-ES,0,moderado
2025-09-06,08:00,2025-09-06 08:00:00,2025.0,9.0,sabado,8.0,manha,ES,IBATIBA,False,262.0,BR-262,151.6,-20.21967712,-41.44738197,Acumulo de óleo sobre o pavimento,Queda de ocupante de veículo,Com Vítimas Feridas,Pleno dia,Decrescente,Céu Claro,Simples,Curva,Não,0.0,0.0,1.0,1.0,0.0,0.0,1.0,1.0,SPRF-ES,DEL01-ES,UOP02-DEL01-ES,0,moderado
2025-09-06,13:10,2025-09-06 13:10:00,2025.0,9.0,sabado,13.0,tarde,ES,GUARAPARI,True,101.0,BR-101,331.0,-20.6013553,-40.5042874,Avarias e/ou desgaste excessivo no pneu,Tombamento,Com Vítimas Feridas,Pleno dia,Decrescente,Céu Claro,Dupla,Curva,Não,0.0,1.0,1.0,2.0,0.0,0.0,1.0,2.0,SPRF-ES,DEL03-ES,UOP01-DEL03-ES,1,grave
2025-09-06,17:00,2025-09-06 17:00:00,2025.0,9.0,sabado,17.0,tarde,ES,IBIRACU,False,101.0,BR-101,205.4,-19.77621155,-40.37162623,Manobra de mudança de faixa,Colisão lateral mesmo sentido,Com Vítimas Feridas,Pleno dia,Crescente,Céu Claro,Simples,Reta,Sim,0.0,1.0,0.0,1.0,1.0,0.0,2.0,2.0,SPRF-ES,DEL02-ES,UOP01-DEL02-ES,1,grave
2025-09-06,18:15,2025-09-06 18:15:00,2025.0,9.0,sabado,18.0,noite,ES,VENDA NOVA DO IMIGRANTE,False,262.0,BR-262,102.6,-20.33868096,-41.11920214,Acessar a via sem observar a presença dos outros veículos,Colisão transversal,Com Vítimas Feridas,Plena Noite,Crescente,Nublado,Simples,Reta,Sim,0.0,2.0,0.0,2.0,0.0,0.0,2.0,2.0,SPRF-ES,DEL01-ES,UOP02-DEL01-ES,1,grave
2025-09-06,20:20,2025-09-06 20:20:00,2025.0,9.0,sabado,20.0,noite,ES,DOMINGOS MARTINS,False,262.0,BR-262,37.0,-20.381745,-40.615676,Ultrapassagem Indevida,Colisão frontal,Com Vítimas Feridas,Plena Noite,Crescente,Céu Claro,Simples,Reta,Não,0.0,0.0,1.0,1.0,0.0,1.0,2.0,2.0,SPRF-ES,DEL01-ES,UOP01-DEL01-ES,0,moderado
2025-09-07,00:30,2025-09-07 00:30:00,2025.0,9.0,domingo,0.0,madrugada,ES,SAO MATEUS,False,101.0,BR-101,88.0,-18.88334165,-39.94823456,Acesso irregular,Colisão transversal,Com Vítimas Feridas,Plena Noite,Crescente,Céu Claro,Simples,Reta,Não,0.0,0.0,3.0,3.0,1.0,1.0,2.0,5.0,SPRF-ES,DEL04-ES,UOP02-DEL04-ES,0,moderado
2025-09-07,10:20,2025-09-07 10:20:00,2025.0,9.0,domingo,10.0,manha,ES,SERRA,True,101.0,BR-101,241.9,-20.03295,-40.39673,Demais falhas na via,Colisão com objeto,Com Vítimas Feridas,Pleno dia,Crescente,Céu Claro,Múltipla,Reta,Não,0.0,0.0,1.0,1.0,0.0,0.0,1.0,1.0,SPRF-ES,DEL02-ES,UOP01-DEL02-ES,0,moderado
2025-09-07,12:40,2025-09-07 12:40:00,2025.0,9.0,domingo,12.0,tarde,ES,CONCEICAO DA BARRA,False,101.0,BR-101,39.9,-18.498036,-39.91906,Transitar na contramão,Colisão lateral sentido oposto,Com Vítimas Feridas,Pleno dia,Crescente,Céu Claro,Simples,Reta,Não,0.0,0.0,1.0,1.0,1.0,0.0,2.0,2.0,SPRF-ES,DEL04-ES,UOP02-DEL04-ES,0,moderado
2025-09-07,15:50,2025-09-07 15:50:00,2025.0,9.0,domingo,15.0,tarde,ES,IBIRACU,False,101.0,BR-101,213.0,-19.82404,-40.36971,Conversão proibida,Colisão lateral mesmo sentido,Com Vítimas Feridas,Pleno dia,Crescente,Nublado,Simples,Reta,Sim,0.0,1.0,0.0,1.0,3.0,0.0,2.0,4.0,SPRF-ES,DEL02-ES,UOP01-DEL02-ES,1,grave
2025-09-07,17:10,2025-09-07 17:10:00,2025.0,9.0,domingo,17.0,tarde,ES,CONCEICAO DA BARRA,False,101.0,BR-101,32.3,-18.42898249,-39.93437855,Ausência de reação do condutor,Colisão traseira,Com Vítimas Feridas,Pleno dia,Crescente,Céu Claro,Simples,Aclive;Reta,Sim,0.0,0.0,5.0,5.0,1.0,0.0,2.0,6.0,SPRF-ES,DEL04-ES,UOP02-DEL04-ES,0,moderado
2025-09-08,06:09,2025-09-08 06:09:00,2025.0,9.0,segunda,6.0,manha,ES,IBIRACU,False,101.0,BR-101,217.0,-19.85063,-40.38308,Reação tardia ou ineficiente do condutor,Colisão com objeto,Com Vítimas Feridas,Pleno dia,Crescente,Nublado,Dupla,Curva,Não,0.0,0.0,1.0,1.0,0.0,0.0,1.0,1.0,SPRF-ES,DEL02-ES,UOP01-DEL02-ES,0,moderado
2025-09-08,15:45,2025-09-08 15:45:00,2025.0,9.0,segunda,15.0,tarde,ES,ANCHIETA,False,101.0,BR-101,350.3,-20.661612,-40.651018,Condutor Dormindo,Colisão com objeto,Com Vítimas Feridas,Anoitecer,Decrescente,Céu Claro,Dupla,Reta,Não,0.0,2.0,0.0,2.0,0.0,0.0,1.0,2.0,SPRF-ES,DEL03-ES,UOP01-DEL03-ES,1,grave
2025-09-08,16:57,2025-09-08 16:57:00,2025.0,9.0,segunda,16.0,tarde,ES,CARIACICA,True,101.0,BR-101,286.0,-20.265964,-40.385661,Acessar a via sem observar a presença dos outros veículos,Colisão lateral mesmo sentido,Com Vítimas Feridas,Plena Noite,Crescente,Céu Claro,Dupla,Reta,Não,0.0,0.0,1.0,1.0,1.0,0.0,2.0,2.0,SPRF-ES,DEL01-ES,UOP01-DEL01-ES,0,moderado
2025-09-08,17:14,2025-09-08 17:14:00,2025.0,9.0,segunda,17.0,tarde,ES,SERRA,True,101.0,BR-101,276.4,-20.209032,-40.315957,Acessar a via sem observar a presença dos outros veículos,Colisão transversal,Com Vítimas Feridas,Anoitecer,Crescente,Nublado,Dupla,Retorno Regulamentado;Reta,Não,0.0,1.0,0.0,1.0,1.0,0.0,2.0,2.0,SPRF-ES,DEL02-ES,UOP01-DEL02-ES,1,grave
2025-09-09,17:00,2025-09-09 17:00:00,2025.0,9.0,terca,17.0,tarde,ES,COLATINA,False,259.0,BR-259,53.8,-19.496888,-40.639497,Trafegar com motocicleta (ou similar) entre as faixas,Colisão lateral mesmo sentido,Com Vítimas Feridas,Pleno dia,Crescente,Céu Claro,Simples,Reta;Aclive,Não,0.0,0.0,2.0,2.0,0.0,0.0,2.0,2.0,SPRF-ES,DEL02-ES,UOP01-DEL02-ES,0,moderado
2025-09-09,16:30,2025-09-09 16:30:00,2025.0,9.0,terca,16.0,tarde,ES,VIANA,True,101.0,BR-101,297.6,-20.35077321,-40.41291833,Condutor deixou de manter distância do veículo da frente,Colisão traseira,Com Vítimas Feridas,Pleno dia,Decrescente,Céu Claro,Dupla,Curva,Sim,0.0,1.0,0.0,1.0,1.0,0.0,2.0,2.0,SPRF-ES,DEL01-ES,UOP01-DEL01-ES,1,grave
2025-09-09,18:20,2025-09-09 18:20:00,2025.0,9.0,terca,18.0,noite,ES,VIANA,True,101.0,BR-101,299.0,-20.357599,-40.427582,Entrada inopinada do pedestre,Atropelamento de Pedestre,Com Vítimas Feridas,Plena Noite,Decrescente,Céu Claro,Múltipla,Reta,Sim,0.0,0.0,3.0,3.0,0.0,0.0,2.0,3.0,SPRF-ES,DEL01-ES,UOP01-DEL01-ES,0,moderado
2025-09-09,18:50,2025-09-09 18:50:00,2025.0,9.0,terca,18.0,noite,ES,LINHARES,False,101.0,BR-101,121.0,-19.1520459,-40.0794874,Condutor usando celular,Tombamento,Com Vítimas Feridas,Plena Noite,Crescente,Céu Claro,Dupla,Reta,Não,0.0,0.0,1.0,1.0,0.0,0.0,1.0,1.0,SPRF-ES,DEL04-ES,UOP01-DEL04-ES,0,moderado
2025-09-10,08:37,2025-09-10 08:37:00,2025.0,9.0,quarta,8.0,manha,ES,SAO MATEUS,False,101.0,BR-101,73.0,-18.74045276,-39.86111641,Reação tardia ou ineficiente do condutor,Tombamento,Com Vítimas Feridas,Pleno dia,Crescente,Sol,Simples,Reta,Não,0.0,1.0,0.0,1.0,0.0,0.0,1.0,1.0,SPRF-ES,DEL04-ES,UOP02-DEL04-ES,1,grave
2025-09-10,13:10,2025-09-10 13:10:00,2025.0,9.0,quarta,13.0,tarde,ES,VIANA,True,262.0,BR-262,17.0,-20.386885,-40.473821,Condutor deixou de manter distância do veículo da frente,Colisão traseira,Com Vítimas Feridas,Pleno dia,Decrescente,Céu Claro,Simples,Reta,Sim,0.0,0.0,1.0,1.0,1.0,0.0,2.0,2.0,SPRF-ES,DEL01-ES,UOP01-DEL01-ES,0,moderado
2025-09-10,13:04,2025-09-10 13:04:00,2025.0,9.0,quarta,13.0,tarde,ES,LINHARES,False,101.0,BR-101,136.5,-19.287717,-40.086452,Ausência de reação do condutor,Tombamento,Com Vítimas Feridas,Pleno dia,Decrescente,Céu Claro,Simples,Reta,Não,0.0,0.0,1.0,1.0,0.0,0.0,1.0,1.0,SPRF-ES,DEL04-ES,UOP01-DEL04-ES,0,moderado
2025-09-10,14:09,2025-09-10 14:09:00,2025.0,9.0,quarta,14.0,tarde,ES,LINHARES,False,101.0,BR-101,148.0,-19.389511,-40.067773,Entrada inopinada do pedestre,Atropelamento de Pedestre,Com Vítimas Feridas,Pleno dia,Crescente,Céu Claro,Dupla,Reta,Sim,0.0,0.0,1.0,1.0,1.0,0.0,2.0,2.0,SPRF-ES,DEL04-ES,UOP01-DEL04-ES,0,moderado
2025-09-10,14:40,2025-09-10 14:40:00,2025.0,9.0,quarta,14.0,tarde,ES,SERRA,True,101.0,BR-101,267.0,-20.1992787,-40.26899099,Avarias e/ou desgaste excessivo no pneu,Tombamento,Com Vítimas Feridas,Pleno dia,Crescente,Sol,Múltipla,Reta,Sim,0.0,0.0,1.0,1.0,0.0,1.0,1.0,2.0,SPRF-ES,DEL02-ES,UOP01-DEL02-ES,0,moderado
2025-09-10,18:20,2025-09-10 18:20:00,2025.0,9.0,quarta,18.0,noite,ES,LINHARES,False,101.0,BR-101,142.3,-19.340733,-40.064766,Manobra de mudança de faixa,Colisão traseira,Com Vítimas Feridas,Plena Noite,Crescente,Céu Claro,Dupla,Reta,Sim,0.0,0.0,1.0,1.0,2.0,0.0,2.0,3.0,SPRF-ES,DEL04-ES,UOP01-DEL04-ES,0,moderado
2025-09-11,09:15,2025-09-11 09:15:00,2025.0,9.0,quinta,9.0,manha,ES,GUARAPARI,True,101.0,BR-101,340.7,-20.6507953,-40.569761,Reação tardia ou ineficiente do condutor,Saída de leito carroçável,Com Vítimas Feridas,Pleno dia,Decrescente,Céu Claro,Dupla,Reta,Não,0.0,1.0,1.0,2.0,0.0,0.0,1.0,2.0,SPRF-ES,DEL03-ES,UOP01-DEL03-ES,1,grave
2025-09-11,15:40,2025-09-11 15:40:00,2025.0,9.0,quinta,15.0,tarde,ES,IBIRACU,False,101.0,BR-101,221.2,-19.867377,-40.402486,Demais falhas mecânicas ou elétricas,Tombamento,Com Vítimas Feridas,Pleno dia,Crescente,Nublado,Simples,Reta,Não,0.0,0.0,1.0,1.0,1.0,0.0,1.0,2.0,SPRF-ES,DEL02-ES,UOP01-DEL02-ES,0,moderado
2025-09-11,18:30,2025-09-11 18:30:00,2025.0,9.0,quinta,18.0,noite,ES,SERRA,True,101.0,BR-101,279.0,-20.21856,-40.34559,Acessar a via sem observar a presença dos outros veículos,Colisão transversal,Com Vítimas Feridas,Plena Noite,Decrescente,Céu Claro,Dupla,Retorno Regulamentado;Reta,Não,0.0,0.0,2.0,2.0,2.0,0.0,2.0,4.0,SPRF-ES,DEL02-ES,UOP01-DEL02-ES,0,moderado
2025-09-11,19:34,2025-09-11 19:34:00,2025.0,9.0,quinta,19.0,noite,ES,COLATINA,False,259.0,BR-259,58.8,-19.52261,-40.668633,Reação tardia ou ineficiente do condutor,Eventos atípicos,Com Vítimas Feridas,Plena Noite,Crescente,Nublado,Simples,Reta;Declive,Não,0.0,1.0,1.0,2.0,1.0,0.0,3.0,3.0,SPRF-ES,DEL02-ES,UOP01-DEL02-ES,1,grave
2025-09-11,23:50,2025-09-11 23:50:00,2025.0,9.0,quinta,23.0,noite,ES,PINHEIROS,False,101.0,BR-101,18.0,-18.31289547,-39.95497464,Velocidade Incompatível,Colisão lateral sentido oposto,Com Vítimas Feridas,Plena Noite,Crescente,Nevoeiro/Neblina,Simples,Declive;Curva,Não,0.0,0.0,2.0,2.0,0.0,0.0,1.0,2.0,SPRF-ES,DEL04-ES,UOP02-DEL04-ES,0,moderado
2025-09-12,05:21,2025-09-12 05:21:00,2025.0,9.0,sexta,5.0,madrugada,ES,CACHOEIRO DE ITAPEMIRIM,False,393.0,BR-393,1.4,-20.834131,-41.171818,Acessar a via sem observar a presença dos outros veículos,Colisão transversal,Com Vítimas Feridas,Pleno dia,Crescente,Nublado,Simples,Reta,Não,0.0,1.0,0.0,1.0,0.0,0.0,1.0,1.0,SPRF-ES,DEL03-ES,UOP02-DEL03-ES,1,grave
2025-09-12,08:20,2025-09-12 08:20:00,2025.0,9.0,sexta,8.0,manha,ES,SERRA,True,101.0,BR-101,270.1,-20.2276829,-40.2713021,Condutor deixou de manter distância do veículo da frente,Colisão traseira,Com Vítimas Feridas,Pleno dia,Decrescente,Nublado,Múltipla,Reta,Sim,0.0,0.0,1.0,1.0,1.0,0.0,2.0,2.0,SPRF-ES,DEL02-ES,UOP01-DEL02-ES,0,moderado
2025-09-12,10:55,2025-09-12 10:55:00,2025.0,9.0,sexta,10.0,manha,ES,SERRA,True,101.0,BR-101,273.3,-20.125707,-40.34259922,Reação tardia ou ineficiente do condutor,Tombamento,Com Vítimas Feridas,Pleno dia,Crescente,Céu Claro,Dupla,Reta,Não,0.0,1.0,0.0,1.0,0.0,0.0,1.0,1.0,SPRF-ES,DEL02-ES,UOP01-DEL02-ES,1,grave
2025-09-12,19:50,2025-09-12 19:50:00,2025.0,9.0,sexta,19.0,noite,ES,VENDA NOVA DO IMIGRANTE,False,262.0,BR-262,103.0,-20.33250804,-41.12929885,Reação tardia ou ineficiente do condutor,Tombamento,Com Vítimas Feridas,Plena Noite,Crescente,Nublado,Simples,Rotatória,Sim,0.0,0.0,1.0,1.0,0.0,0.0,1.0,1.0,SPRF-ES,DEL01-ES,UOP02-DEL01-ES,0,moderado
2025-09-12,20:30,2025-09-12 20:30:00,2025.0,9.0,sexta,20.0,noite,ES,VIANA,True,262.0,BR-262,17.2,-20.3879314,-40.476268,Ausência de reação do condutor,Colisão transversal,Com Vítimas Feridas,Plena Noite,Decrescente,Céu Claro,Simples,Reta,Sim,0.0,1.0,0.0,1.0,2.0,0.0,3.0,3.0,SPRF-ES,DEL01-ES,UOP01-DEL01-ES,1,grave
2025-09-12,19:50,2025-09-12 19:50:00,2025.0,9.0,sexta,19.0,noite,ES,CACHOEIRO DE ITAPEMIRIM,False,393.0,BR-393,1.0,-20.838637,-41.163564,Velocidade Incompatível,Atropelamento de Pedestre,Com Vítimas Feridas,Plena Noite,Crescente,Garoa/Chuvisco,Simples,Aclive;Reta,Sim,0.0,1.0,1.0,2.0,0.0,0.0,2.0,2.0,SPRF-ES,DEL03-ES,UOP02-DEL03-ES,1,grave
2025-09-12,22:20,2025-09-12 22:20:00,2025.0,9.0,sexta,22.0,noite,ES,CARIACICA,True,101.0,BR-101,289.0,-20.2800176,-40.39296269,Velocidade Incompatível,Colisão com objeto,Sem Vítimas,Plena Noite,Crescente,Chuva,Dupla,Reta,Sim,0.0,0.0,0.0,0.0,0.0,1.0,1.0,1.0,SPRF-ES,DEL01-ES,UOP01-DEL01-ES,0,baixo
2025-09-13,01:20,2025-09-13 01:20:00,2025.0,9.0,sabado,1.0,madrugada,ES,LINHARES,False,101.0,BR-101,137.9,-19.29178283,-40.08619308,Ingestão de álcool pelo condutor,Colisão com objeto,Sem Vítimas,Plena Noite,Crescente,Céu Claro,Simples,Interseção de Vias,Não,0.0,0.0,0.0,0.0,1.0,0.0,1.0,1.0,SPRF-ES,DEL04-ES,UOP01-DEL04-ES,0,baixo
2025-09-13,03:05,2025-09-13 03:05:00,2025.0,9.0,sabado,3.0,madrugada,ES,SERRA,True,101.0,BR-101,4.3,-20.0987588,-40.3533874,Ausência de reação do condutor,Saída de leito carroçável,Sem Vítimas,Plena Noite,Decrescente,Nublado,Dupla,Curva,Não,0.0,0.0,0.0,0.0,2.0,1.0,1.0,3.0,SPRF-ES,DEL04-ES,UOP02-DEL04-ES,0,baixo
2025-09-13,06:30,2025-09-13 06:30:00,2025.0,9.0,sabado,6.0,manha,ES,LINHARES,False,101.0,BR-101,141.0,-19.3262728,-40.07184146,Velocidade Incompatível,Colisão traseira,Com Vítimas Feridas,Pleno dia,Crescente,Nublado,Dupla,Reta,Sim,0.0,2.0,0.0,2.0,0.0,1.0,2.0,3.0,SPRF-ES,DEL04-ES,UOP01-DEL04-ES,1,grave
2025-09-06,11:05,2025-09-06 11:05:00,2025.0,9.0,sabado,11.0,manha,ES,MARECHAL FLORIANO,False,262.0,BR-262,46.0,-20.4025813,-40.6719234,Retorno proibido,Colisão transversal,Com Vítimas Feridas,Pleno dia,Crescente,Céu Claro,Simples,Declive;Reta,Sim,0.0,0.0,1.0,1.0,1.0,0.0,2.0,2.0,SPRF-ES,DEL01-ES,UOP01-DEL01-ES,0,moderado
2025-09-13,13:50,2025-09-13 13:50:00,2025.0,9.0,sabado,13.0,tarde,ES,GUARAPARI,True,101.0,BR-101,331.8,-20.60633483,-40.50646305,Acumulo de água sobre o pavimento,Saída de leito carroçável,Com Vítimas Feridas,Pleno dia,Crescente,Chuva,Dupla,Reta,Não,0.0,0.0,1.0,1.0,0.0,0.0,1.0,1.0,SPRF-ES,DEL03-ES,UOP01-DEL03-ES,0,moderado
2025-09-13,14:20,2025-09-13 14:20:00,2025.0,9.0,sabado,14.0,tarde,ES,MARECHAL FLORIANO,False,262.0,BR-262,43.1,-20.38445,-40.66377,Demais falhas mecânicas ou elétricas,Incêndio,Sem Vítimas,Pleno dia,Crescente,Chuva,Simples,Curva;Declive,Não,0.0,0.0,0.0,0.0,2.0,0.0,1.0,2.0,SPRF-ES,DEL01-ES,UOP01-DEL01-ES,0,baixo
2025-09-13,14:50,2025-09-13 14:50:00,2025.0,9.0,sabado,14.0,tarde,ES,CARIACICA,True,101.0,BR-101,284.0,-20.246943,-40.369971,Reação tardia ou ineficiente do condutor,Colisão traseira,Com Vítimas Feridas,Pleno dia,Crescente,Chuva,Dupla,Reta;Declive,Não,0.0,0.0,1.0,1.0,1.0,0.0,2.0,2.0,SPRF-ES,DEL01-ES,UOP01-DEL01-ES,0,moderado
2025-09-13,18:30,2025-09-13 18:30:00,2025.0,9.0,sabado,18.0,noite,ES,LINHARES,False,101.0,BR-101,140.7,-19.32477737,-40.07266092,Ingestão de álcool pelo condutor,Colisão lateral mesmo sentido,Sem Vítimas,Plena Noite,Decrescente,Nublado,Múltipla,Reta,Sim,0.0,0.0,0.0,0.0,2.0,0.0,2.0,2.0,SPRF-ES,DEL04-ES,UOP01-DEL04-ES,0,baixo
2025-09-14,04:50,2025-09-14 04:50:00,2025.0,9.0,domingo,4.0,madrugada,ES,CARIACICA,True,101.0,BR-101,293.2,-20.3186199,-40.3969695,Velocidade Incompatível,Saída de leito carroçável,Com Vítimas Feridas,Plena Noite,Decrescente,Céu Claro,Múltipla,Reta,Não,0.0,1.0,0.0,1.0,0.0,0.0,1.0,1.0,SPRF-ES,DEL01-ES,UOP01-DEL01-ES,1,grave
2025-09-14,10:20,2025-09-14 10:20:00,2025.0,9.0,domingo,10.0,manha,ES,LINHARES,False,101.0,BR-101,170.3,-19.55218,-40.170038,Demais falhas mecânicas ou elétricas,Tombamento,Com Vítimas Feridas,Pleno dia,Crescente,Nublado,Simples,Reta,Não,0.0,1.0,0.0,1.0,1.0,0.0,1.0,2.0,SPRF-ES,DEL04-ES,UOP01-DEL04-ES,1,grave
2025-09-14,16:20,2025-09-14 16:20:00,2025.0,9.0,domingo,16.0,tarde,ES,MARECHAL FLORIANO,False,262.0,BR-262,63.7,-20.412165,-40.858965,Condutor Dormindo,Colisão frontal,Com Vítimas Feridas,Pleno dia,Crescente,Nublado,Simples,Reta,Não,0.0,4.0,1.0,5.0,0.0,0.0,2.0,5.0,SPRF-ES,DEL01-ES,UOP02-DEL01-ES,1,grave
2025-09-14,17:00,2025-09-14 17:00:00,2025.0,9.0,domingo,17.0,tarde,ES,CACHOEIRO DE ITAPEMIRIM,False,393.0,BR-393,2.2,-20.8327139,-41.1761915,Pedestre - Ingestão de álcool/ substâncias psicoativas,Atropelamento de Pedestre,Com Vítimas Feridas,Pleno dia,Crescente,Nublado,Simples,Reta,Sim,0.0,0.0,1.0,1.0,0.0,1.0,2.0,2.0,SPRF-ES,DEL03-ES,UOP02-DEL03-ES,0,moderado
2025-09-14,19:10,2025-09-14 19:10:00,2025.0,9.0,domingo,19.0,noite,ES,SERRA,True,101.0,BR-101,266.4,-20.19440188,-40.26848317,Pedestre cruzava a pista fora da faixa,Atropelamento de Pedestre,Com Vítimas Feridas,Plena Noite,Crescente,Céu Claro,Dupla,Reta,Sim,0.0,0.0,1.0,1.0,0.0,0.0,1.0,1.0,SPRF-ES,DEL02-ES,UOP01-DEL02-ES,0,moderado
2025-09-14,19:45,2025-09-14 19:45:00,2025.0,9.0,domingo,19.0,noite,ES,ARACRUZ,False,101.0,BR-101,174.0,-19.5808007,-40.1880271,Condutor deixou de manter distância do veículo da frente,Colisão traseira,Sem Vítimas,Plena Noite,Crescente,Céu Claro,Simples,Reta,Sim,0.0,0.0,0.0,0.0,4.0,0.0,2.0,4.0,SPRF-ES,DEL04-ES,UOP01-DEL04-ES,0,baixo
2025-09-14,19:00,2025-09-14 19:00:00,2025.0,9.0,domingo,19.0,noite,ES,CARIACICA,True,101.0,BR-101,287.5,-20.27904545,-40.39281964,Reação tardia ou ineficiente do condutor,Colisão com objeto,Sem Vítimas,Plena Noite,Crescente,Nublado,Dupla,Reta,Sim,0.0,0.0,0.0,0.0,1.0,0.0,1.0,1.0,SPRF-ES,DEL01-ES,UOP01-DEL01-ES,0,baixo
2025-09-16,07:30,2025-09-16 07:30:00,2025.0,9.0,terca,7.0,manha,ES,COLATINA,False,259.0,BR-259,51.0,-19.5044513,-40.61286002,Ausência de reação do condutor,Tombamento,Com Vítimas Feridas,Pleno dia,Decrescente,Chuva,Simples,Reta,Não,0.0,1.0,0.0,1.0,0.0,0.0,1.0,1.0,SPRF-ES,DEL02-ES,UOP01-DEL02-ES,1,grave
2025-09-16,08:40,2025-09-16 08:40:00,2025.0,9.0,terca,8.0,manha,ES,CACHOEIRO DE ITAPEMIRIM,False,393.0,BR-393,1.0,-20.83999696,-41.16072742,Ausência de reação do condutor,Colisão traseira,Com Vítimas Feridas,Pleno dia,Crescente,Sol,Simples,Reta;Interseção de Vias,Sim,0.0,0.0,1.0,1.0,1.0,0.0,2.0,2.0,SPRF-ES,DEL03-ES,UOP02-DEL03-ES,0,moderado
2025-09-13,12:00,2025-09-13 12:00:00,2025.0,9.0,sabado,12.0,tarde,ES,MARECHAL FLORIANO,False,262.0,BR-262,56.2,-20.413767,-40.7590073,Avarias e/ou desgaste excessivo no pneu,Saída de leito carroçável,Com Vítimas Feridas,Pleno dia,Crescente,Chuva,Simples,Retorno Regulamentado,Não,0.0,1.0,1.0,2.0,0.0,0.0,1.0,2.0,SPRF-ES,DEL01-ES,UOP01-DEL01-ES,1,grave
2025-09-16,09:10,2025-09-16 09:10:00,2025.0,9.0,terca,9.0,manha,ES,ARACRUZ,False,101.0,BR-101,157.8,-19.638385,-40.2263254,Condutor Dormindo,Colisão com objeto,Com Vítimas Feridas,Pleno dia,Crescente,Céu Claro,Simples,Reta,Não,0.0,0.0,1.0,1.0,0.0,0.0,1.0,1.0,SPRF-ES,DEL04-ES,UOP01-DEL04-ES,0,moderado
2025-09-16,10:10,2025-09-16 10:10:00,2025.0,9.0,terca,10.0,manha,ES,SERRA,True,101.0,BR-101,264.5,-20.17825181,-40.26548018,Acesso irregular,Colisão transversal,Com Vítimas Feridas,Pleno dia,Crescente,Garoa/Chuvisco,Dupla,Reta,Não,0.0,0.0,1.0,1.0,0.0,1.0,2.0,2.0,SPRF-ES,DEL02-ES,UOP01-DEL02-ES,0,moderado
2025-09-16,12:15,2025-09-16 12:15:00,2025.0,9.0,terca,12.0,tarde,ES,VILA VELHA,True,447.0,BR-447,13.9,-20.35011936,-40.33327818,Condutor deixou de manter distância do veículo da frente,Colisão traseira,Com Vítimas Feridas,Pleno dia,Crescente,Céu Claro,Dupla,Reta,Sim,0.0,0.0,1.0,1.0,1.0,0.0,2.0,2.0,SPRF-ES,DEL01-ES,UOP01-DEL01-ES,0,moderado
2025-09-16,13:00,2025-09-16 13:00:00,2025.0,9.0,terca,13.0,tarde,ES,VIANA,True,262.0,BR-262,17.0,-20.38662993,-40.47324657,Acessar a via sem observar a presença dos outros veículos,Colisão transversal,Com Vítimas Feridas,Pleno dia,Decrescente,Sol,Simples,Reta,Sim,0.0,0.0,1.0,1.0,1.0,0.0,2.0,2.0,SPRF-ES,DEL01-ES,UOP01-DEL01-ES,0,moderado
2025-09-16,15:00,2025-09-16 15:00:00,2025.0,9.0,terca,15.0,tarde,ES,VENDA NOVA DO IMIGRANTE,False,262.0,BR-262,104.0,-20.329835,-41.131113,Ausência de reação do condutor,Colisão traseira,Com Vítimas Feridas,Pleno dia,Crescente,Céu Claro,Simples,Reta,Sim,0.0,0.0,1.0,1.0,1.0,0.0,2.0,2.0,SPRF-ES,DEL01-ES,UOP02-DEL01-ES,0,moderado