data,hora,data_hora,ano,mes,dia_semana,hora_dia,periodo_dia,uf,municipio,regiao_grande_vitoria,rodovia,rodovia_label,km,latitude,longitude,causa,tipo_acidente,classificacao,fase_dia,sentido_via,condicao_metereologica,tipo_pista,tracado_via,uso_solo,mortos,feridos_graves,feridos_leves,feridos,ilesos,ignorados,veiculos,pessoas,regional,delegacia,uop,risco_alto,nivel_risco
2025-09-13,06:55,2025-09-13 06:55:00,2025.0,9.0,sabado,6.0,manha,ES,CONCEICAO DA BARRA,False,101.0,BR-101,31.0,-18.41689798,-39.93602411,Reação tardia ou ineficiente do condutor,Tombamento,Com Vítimas Feridas,Pleno dia,Decrescente,Nublado,Simples,Aclive;Reta,Não,0.0,0.0,1.0,1.0,0.0,0.0,1.0,1.0,SPRF-ES,DEL04-ES,UOP02-DEL04-ES,0,moderado
2025-09-16,17:15,2025-09-16 17:15:00,2025.0,9.0,terca,17.0,tarde,ES,LINHARES,False,101.0,BR-101,147.1,-19.38002066,-40.0666666,Acessar a via sem observar a presença dos outros veículos,Colisão transversal,Com Vítimas Feridas,Pleno dia,Decrescente,Céu Claro,Múltipla,Reta;Interseção de Vias,Sim,0.0,0.0,2.0,2.0,1.0,0.0,2.0,3.0,SPRF-ES,DEL04-ES,UOP01-DEL04-ES,0,moderado
2025-09-17,16:00,2025-09-17 16:00:00,2025.0,9.0,quarta,16.0,tarde,ES,SAO MATEUS,False,101.0,BR-101,67.5,-18.722397,-39.861909,Condutor desrespeitou a iluminação vermelha do semáforo,Colisão transversal,Com Vítimas Feridas,Pleno dia,Decrescente,Céu Claro,Múltipla,Interseção de Vias,Sim,0.0,0.0,1.0,1.0,1.0,0.0,2.0,2.0,SPRF-ES,DEL04-ES,UOP02-DEL04-ES,0,moderado
2025-09-18,07:00,2025-09-18 07:00:00,2025.0,9.0,quinta,7.0,manha,ES,VIANA,True,262.0,BR-262,16.0,-20.38418159,-40.46709438,Acessar a via sem observar a presença dos outros veículos,Colisão transversal,Com Vítimas Feridas,Pleno dia,Crescente,Nublado,Simples,Curva,Não,0.0,0.0,1.0,1.0,1.0,0.0,2.0,2.0,SPRF-ES,DEL01-ES,UOP01-DEL01-ES,0,moderado
2025-09-18,07:40,2025-09-18 07:40:00,2025.0,9.0,quinta,7.0,manha,ES,FUNDAO,True,101.0,BR-101,236.5,-19.991428,-40.414103,Ausência de reação do condutor,Colisão lateral sentido oposto,Com Vítimas Feridas,Pleno dia,Crescente,Chuva,Simples,Curva,Não,0.0,1.0,0.0,1.0,1.0,0.0,2.0,2.0,SPRF-ES,DEL02-ES,UOP01-DEL02-ES,1,grave
2025-09-18,18:25,2025-09-18 18:25:00,2025.0,9.0,quinta,18.0,noite,ES,SOORETAMA,False,101.0,BR-101,127.0,-19.203053,-40.09563,Desrespeitar a preferência no cruzamento,Colisão transversal,Com Vítimas Feridas,Plena Noite,Crescente,Céu Claro,Simples,Interseção de Vias,Sim,0.0,0.0,1.0,1.0,1.0,0.0,2.0,2.0,SPRF-ES,DEL04-ES,UOP01-DEL04-ES,0,moderado
2025-09-18,19:10,2025-09-18 19:10:00,2025.0,9.0,quinta,19.0,noite,ES,SERRA,True,101.0,BR-101,268.9,-20.216857,-40.270283,Acessar a via sem observar a presença dos outros veículos,Colisão traseira,Com Vítimas Feridas,Plena Noite,Crescente,Céu Claro,Dupla,Reta,Sim,0.0,0.0,2.0,2.0,2.0,0.0,3.0,4.0,SPRF-ES,DEL02-ES,UOP01-DEL02-ES,0,moderado
2025-09-19,06:40,2025-09-19 06:40:00,2025.0,9.0,sexta,6.0,manha,ES,SERRA,True,101.0,BR-101,268.5,-20.21246,-40.26983,Trafegar com motocicleta (ou similar) entre as faixas,Colisão lateral mesmo sentido,Com Vítimas Feridas,Pleno dia,Crescente,Nublado,Múltipla,Reta,Não,0.0,0.0,3.0,3.0,1.0,0.0,4.0,4.0,SPRF-ES,DEL02-ES,UOP01-DEL02-ES,0,moderado
2025-09-19,08:41,2025-09-19 08:41:00,2025.0,9.0,sexta,8.0,manha,ES,CARIACICA,True,101.0,BR-101,291.8,-20.30533515,-40.3951149,Manobra de mudança de faixa,Colisão lateral mesmo sentido,Com Vítimas Feridas,Pleno dia,Decrescente,Céu Claro,Dupla,Reta,Sim,0.0,0.0,1.0,1.0,1.0,0.0,2.0,2.0,SPRF-ES,DEL01-ES,UOP01-DEL01-ES,0,moderado
2025-09-19,11:40,2025-09-19 11:40:00,2025.0,9.0,sexta,11.0,manha,ES,SERRA,True,101.0,BR-101,259.2,-20.1434,-40.2921,Reação tardia ou ineficiente do condutor,Tombamento,Com Vítimas Feridas,Pleno dia,Decrescente,Chuva,Simples,Curva;Declive,Sim,0.0,0.0,1.0,1.0,0.0,0.0,1.0,1.0,SPRF-ES,DEL02-ES,UOP01-DEL02-ES,0,moderado
2025-09-18,20:40,2025-09-18 20:40:00,2025.0,9.0,quinta,20.0,noite,ES,CONCEICAO DA BARRA,False,101.0,BR-101,53.7,-18.60520724,-39.88660812,Ultrapassagem Indevida,Colisão frontal,Com Vítimas Feridas,Plena Noite,Decrescente,Ignorado,Simples,Interseção de Vias,Sim,0.0,0.0,1.0,1.0,2.0,0.0,2.0,3.0,SPRF-ES,DEL04-ES,UOP02-DEL04-ES,0,moderado
2025-09-19,14:00,2025-09-19 14:00:00,2025.0,9.0,sexta,14.0,tarde,ES,VENDA NOVA DO IMIGRANTE,False,262.0,BR-262,104.0,-20.326355,-41.135758,Mal súbito do condutor,Colisão com objeto,Com Vítimas Feridas,Pleno dia,Decrescente,Céu Claro,Simples,Reta,Sim,0.0,1.0,0.0,1.0,0.0,0.0,1.0,1.0,SPRF-ES,DEL01-ES,UOP02-DEL01-ES,1,grave
2025-09-19,19:40,2025-09-19 19:40:00,2025.0,9.0,sexta,19.0,noite,ES,LINHARES,False,101.0,BR-101,149.4,-19.40116854,-40.06160259,Condutor desrespeitou a iluminação vermelha do semáforo,Colisão transversal,Com Vítimas Feridas,Plena Noite,Crescente,Céu Claro,Dupla,Interseção de Vias,Sim,0.0,0.0,1.0,1.0,0.0,1.0,2.0,2.0,SPRF-ES,DEL04-ES,UOP01-DEL04-ES,0,moderado
2025-09-20,01:40,2025-09-20 01:40:00,2025.0,9.0,sabado,1.0,madrugada,ES,IBATIBA,False,262.0,BR-262,159.1,-20.23425547,-41.50624663,Ingestão de álcool pelo condutor,Colisão traseira,Com Vítimas Feridas,Plena Noite,Crescente,Garoa/Chuvisco,Simples,Reta,Sim,0.0,0.0,1.0,1.0,0.0,1.0,2.0,2.0,SPRF-ES,DEL01-ES,UOP02-DEL01-ES,0,moderado
2025-09-20,04:00,2025-09-20 04:00:00,2025.0,9.0,sabado,4.0,madrugada,ES,LINHARES,False,101.0,BR-101,130.0,-19.15394119,-40.07866144,Redutor de velocidade em desacordo,Colisão traseira,Com Vítimas Feridas,Plena Noite,Crescente,Chuva,Simples,Reta,Não,0.0,1.0,0.0,1.0,2.0,0.0,2.0,3.0,SPRF-ES,DEL04-ES,UOP01-DEL04-ES,1,grave
2025-08-30,11:10,2025-08-30 11:10:00,2025.0,8.0,sabado,11.0,manha,ES,CARIACICA,True,101.0,BR-101,295.6,-20.33713308,-40.40256354,Objeto estático sobre o leito carroçável,Tombamento,Com Vítimas Feridas,Pleno dia,Decrescente,Nublado,Dupla,Reta,Sim,0.0,0.0,1.0,1.0,0.0,0.0,1.0,1.0,SPRF-ES,DEL01-ES,UOP01-DEL01-ES,0,moderado
2025-09-20,11:48,2025-09-20 11:48:00,2025.0,9.0,sabado,11.0,manha,ES,CARIACICA,True,101.0,BR-101,285.7,-20.25761892,-40.37724458,Velocidade Incompatível,Colisão com objeto,Com Vítimas Feridas,Pleno dia,Crescente,Nublado,Dupla,Curva,Sim,0.0,0.0,2.0,2.0,2.0,0.0,1.0,4.0,SPRF-ES,DEL01-ES,UOP01-DEL01-ES,0,moderado
2025-09-20,12:20,2025-09-20 12:20:00,2025.0,9.0,sabado,12.0,tarde,ES,SOORETAMA,False,101.0,BR-101,125.7,-19.19185587,-40.09501876,Transitar na contramão,Colisão transversal,Com Vítimas Feridas,Pleno dia,Decrescente,Céu Claro,Múltipla,Reta,Sim,0.0,0.0,1.0,1.0,1.0,0.0,2.0,2.0,SPRF-ES,DEL04-ES,UOP01-DEL04-ES,0,moderado
2025-09-20,20:42,2025-09-20 20:42:00,2025.0,9.0,sabado,20.0,noite,ES,LINHARES,False,101.0,BR-101,165.2,-19.5159193,-40.14159437,Ingestão de álcool pelo condutor,Colisão lateral sentido oposto,Com Vítimas Feridas,Plena Noite,Crescente,Nublado,Simples,Reta,Não,0.0,0.0,1.0,1.0,1.0,0.0,2.0,2.0,SPRF-ES,DEL04-ES,UOP01-DEL04-ES,0,moderado
2025-09-20,21:40,2025-09-20 21:40:00,2025.0,9.0,sabado,21.0,noite,ES,DOMINGOS MARTINS,False,262.0,BR-262,96.0,-20.36377915,-41.06758118,Reação tardia ou ineficiente do condutor,Tombamento,Com Vítimas Feridas,Plena Noite,Crescente,Céu Claro,Simples,Reta,Não,0.0,1.0,0.0,1.0,0.0,1.0,2.0,2.0,SPRF-ES,DEL01-ES,UOP02-DEL01-ES,1,grave
2025-09-20,21:50,2025-09-20 21:50:00,2025.0,9.0,sabado,21.0,noite,ES,SERRA,True,101.0,BR-101,263.0,-20.0538237,-40.3802811,Manobra de mudança de faixa,Colisão lateral mesmo sentido,Com Vítimas Feridas,Plena Noite,Crescente,Garoa/Chuvisco,Dupla,Reta,Não,0.0,1.0,0.0,1.0,0.0,1.0,2.0,2.0,SPRF-ES,DEL02-ES,UOP01-DEL02-ES,1,grave
2025-09-20,23:50,2025-09-20 23:50:00,2025.0,9.0,sabado,23.0,noite,ES,LINHARES,False,101.0,BR-101,144.8,-19.36004222,-40.06426243,Reação tardia ou ineficiente do condutor,Colisão traseira,Sem Vítimas,Plena Noite,Decrescente,Chuva,Dupla,Reta,Sim,0.0,0.0,0.0,0.0,2.0,0.0,2.0,2.0,SPRF-ES,DEL04-ES,UOP01-DEL04-ES,0,baixo
2025-09-21,01:15,2025-09-21 01:15:00,2025.0,9.0,domingo,1.0,madrugada,ES,GUARAPARI,True,101.0,BR-101,337.4,-20.63816595,-40.54384232,Animais na Pista,Atropelamento de Animal,Com Vítimas Feridas,Plena Noite,Crescente,Céu Claro,Dupla,Reta,Não,0.0,1.0,0.0,1.0,0.0,0.0,1.0,1.0,SPRF-ES,DEL03-ES,UOP01-DEL03-ES,1,grave
2025-09-21,01:45,2025-09-21 01:45:00,2025.0,9.0,domingo,1.0,madrugada,ES,SERRA,True,101.0,BR-101,10.0,-20.14201594,-40.34145355,Sinalização mal posicionada,Tombamento,Com Vítimas Feridas,Plena Noite,Crescente,Céu Claro,Dupla,Em Obras;Reta,Não,0.0,0.0,1.0,1.0,1.0,0.0,1.0,2.0,SPRF-ES,DEL02-ES,UOP01-DEL02-ES,0,moderado
2025-09-21,04:45,2025-09-21 04:45:00,2025.0,9.0,domingo,4.0,madrugada,ES,VIANA,True,101.0,BR-101,297.5,-20.349968,-40.412722,Reação tardia ou ineficiente do condutor,Saída de leito carroçável,Com Vítimas Feridas,Amanhecer,Crescente,Céu Claro,Dupla,Reta,Sim,0.0,1.0,0.0,1.0,1.0,0.0,1.0,2.0,SPRF-ES,DEL01-ES,UOP01-DEL01-ES,1,grave
2025-09-21,03:45,2025-09-21 03:45:00,2025.0,9.0,domingo,3.0,madrugada,ES,FUNDAO,True,101.0,BR-101,239.0,-20.01000923,-40.4068771,Velocidade Incompatível,Capotamento,Sem Vítimas,Plena Noite,Crescente,Nublado,Simples,Curva,Não,0.0,0.0,0.0,0.0,0.0,1.0,1.0,1.0,SPRF-ES,DEL02-ES,UOP01-DEL02-ES,0,baixo
2025-09-21,10:20,2025-09-21 10:20:00,2025.0,9.0,domingo,10.0,manha,ES,SERRA,True,101.0,BR-101,263.0,-20.169558,-40.269888,Avarias e/ou desgaste excessivo no pneu,Queda de ocupante de veículo,Com Vítimas Feridas,Pleno dia,Decrescente,Céu Claro,Dupla,Reta,Sim,0.0,0.0,1.0,1.0,1.0,0.0,1.0,2.0,SPRF-ES,DEL02-ES,UOP01-DEL02-ES,0,moderado
2025-09-21,10:45,2025-09-21 10:45:00,2025.0,9.0,domingo,10.0,manha,ES,VIANA,True,262.0,BR-262,19.0,-20.392183,-40.489528,Desrespeitar a preferência no cruzamento,Colisão transversal,Com Vítimas Feridas,Pleno dia,Crescente,Céu Claro,Simples,Reta,Sim,0.0,2.0,0.0,2.0,1.0,0.0,2.0,3.0,SPRF-ES,DEL01-ES,UOP01-DEL01-ES,1,grave
2025-09-21,13:30,2025-09-21 13:30:00,2025.0,9.0,domingo,13.0,tarde,ES,LINHARES,False,101.0,BR-101,148.2,-19.39013185,-40.06743732,Velocidade Incompatível,Saída de leito carroçável,Com Vítimas Feridas,Pleno dia,Decrescente,Céu Claro,Múltipla,Curva,Sim,0.0,0.0,1.0,1.0,0.0,0.0,1.0,1.0,SPRF-ES,DEL04-ES,UOP01-DEL04-ES,0,moderado
2025-09-21,15:50,2025-09-21 15:50:00,2025.0,9.0,domingo,15.0,tarde,ES,DOMINGOS MARTINS,False,262.0,BR-262,94.3,-20.37114932,-41.06050182,Frear bruscamente,Colisão traseira,Com Vítimas Feridas,Pleno dia,Crescente,Sol,Simples,Curva,Não,0.0,0.0,1.0,1.0,1.0,0.0,2.0,2.0,SPRF-ES,DEL01-ES,UOP02-DEL01-ES,0,moderado
2025-09-21,19:50,2025-09-21 19:50:00,2025.0,9.0,domingo,19.0,noite,ES,MARECHAL FLORIANO,False,262.0,BR-262,45.0,-20.40135084,-40.6722784,Reação tardia ou ineficiente do condutor,Colisão lateral sentido oposto,Sem Vítimas,Plena Noite,Crescente,Chuva,Simples,Reta;Aclive,Sim,0.0,0.0,0.0,0.0,1.0,2.0,2.0,3.0,SPRF-ES,DEL01-ES,UOP01-DEL01-ES,0,baixo
2025-09-21,20:00,2025-09-21 20:00:00,2025.0,9.0,domingo,20.0,noite,ES,VIANA,True,262.0,BR-262,26.0,-20.38249,-40.55027,Velocidade Incompatível,Colisão lateral sentido oposto,Com Vítimas Feridas,Plena Noite,Crescente,Céu Claro,Simples,Curva;Declive,Não,0.0,0.0,2.0,2.0,2.0,0.0,2.0,4.0,SPRF-ES,DEL01-ES,UOP01-DEL01-ES,0,moderado
2025-09-21,22:10,2025-09-21 22:10:00,2025.0,9.0,domingo,22.0,noite,ES,SERRA,True,101.0,BR-101,266.0,-20.195246,-40.26891,Acessar a via sem observar a presença dos outros veículos,Colisão transversal,Com Vítimas Feridas,Plena Noite,Crescente,Nublado,Dupla,Reta,Sim,0.0,0.0,3.0,3.0,1.0,0.0,2.0,4.0,SPRF-ES,DEL02-ES,UOP01-DEL02-ES,0,moderado
2025-09-22,06:50,2025-09-22 06:50:00,2025.0,9.0,segunda,6.0,manha,ES,VIANA,True,101.0,BR-101,298.0,-20.3530172,-40.417406,Demais falhas mecânicas ou elétricas,Queda de ocupante de veículo,Com Vítimas Feridas,Pleno dia,Decrescente,Céu Claro,Dupla,Reta,Sim,0.0,0.0,2.0,2.0,0.0,0.0,1.0,2.0,SPRF-ES,DEL01-ES,UOP01-DEL01-ES,0,moderado
2025-09-22,13:40,2025-09-22 13:40:00,2025.0,9.0,segunda,13.0,tarde,ES,SERRA,True,101.0,BR-101,270.0,-20.22996,-40.273005,Condutor deixou de manter distância do veículo da frente,Colisão traseira,Com Vítimas Feridas,Pleno dia,Crescente,Céu Claro,Múltipla,Reta,Sim,0.0,0.0,1.0,1.0,3.0,0.0,2.0,4.0,SPRF-ES,DEL02-ES,UOP01-DEL02-ES,0,moderado
2025-09-22,16:50,2025-09-22 16:50:00,2025.0,9.0,segunda,16.0,tarde,ES,COLATINA,False,259.0,BR-259,49.9,-19.50527784,-40.61129809,Transitar na contramão,Colisão frontal,Com Vítimas Feridas,Pleno dia,Crescente,Ignorado,Simples,Reta,Não,0.0,1.0,0.0,1.0,1.0,0.0,2.0,2.0,SPRF-ES,DEL02-ES,UOP01-DEL02-ES,1,grave
2025-09-22,20:05,2025-09-22 20:05:00,2025.0,9.0,segunda,20.0,noite,ES,ICONHA,False,101.0,BR-101,379.9,-20.80603192,-40.8319637,Ausência de reação do condutor,Colisão transversal,Com Vítimas Feridas,Plena Noite,Crescente,Nublado,Simples,Curva,Não,0.0,0.0,2.0,2.0,0.0,0.0,2.0,2.0,SPRF-ES,DEL03-ES,UOP01-DEL03-ES,0,moderado
2025-09-22,22:00,2025-09-22 22:00:00,2025.0,9.0,segunda,22.0,noite,ES,SAO MATEUS,False,101.0,BR-101,58.0,-18.65416,-39.871907,Reação tardia ou ineficiente do condutor,Colisão traseira,Com Vítimas Feridas,Plena Noite,Decrescente,Céu Claro,Simples,Reta,Não,0.0,0.0,1.0,1.0,0.0,1.0,2.0,2.0,SPRF-ES,DEL04-ES,UOP02-DEL04-ES,0,moderado
2025-09-23,01:10,2025-09-23 01:10:00,2025.0,9.0,terca,1.0,madrugada,ES,GUARAPARI,True,101.0,BR-101,335.0,-20.6270669,-40.5281334,Acumulo de água sobre o pavimento,Saída de leito carroçável,Com Vítimas Feridas,Plena Noite,Decrescente,Chuva,Dupla,Reta,Não,0.0,1.0,0.0,1.0,0.0,0.0,1.0,1.0,SPRF-ES,DEL03-ES,UOP01-DEL03-ES,1,grave
2025-08-26,10:00,2025-08-26 10:00:00,2025.0,8.0,terca,10.0,manha,ES,SOORETAMA,False,101.0,BR-101,127.0,-19.20053991,-40.09534612,Ausência de reação do condutor,Colisão com objeto,Com Vítimas Feridas,Pleno dia,Decrescente,Céu Claro,Dupla,Curva,Sim,0.0,1.0,0.0,1.0,0.0,0.0,1.0,1.0,SPRF-ES,DEL04-ES,UOP01-DEL04-ES,1,grave
2025-09-23,07:30,2025-09-23 07:30:00,2025.0,9.0,terca,7.0,manha,ES,VENDA NOVA DO IMIGRANTE,False,262.0,BR-262,99.0,-20.35425615,-41.08938217,Ultrapassagem Indevida,Colisão transversal,Com Vítimas Feridas,Pleno dia,Crescente,Sol,Simples,Curva,Não,0.0,0.0,1.0,1.0,1.0,0.0,2.0,2.0,SPRF-ES,DEL01-ES,UOP02-DEL01-ES,0,moderado
2025-09-23,11:40,2025-09-23 11:40:00,2025.0,9.0,terca,11.0,manha,ES,SERRA,True,101.0,BR-101,266.5,-20.19568333,-40.268765,Condutor desrespeitou a iluminação vermelha do semáforo,Colisão transversal,Com Vítimas Feridas,Pleno dia,Decrescente,Nublado,Múltipla,Reta,Sim,0.0,0.0,1.0,1.0,1.0,0.0,2.0,2.0,SPRF-ES,DEL02-ES,UOP01-DEL02-ES,0,moderado
2025-08-18,20:35,2025-08-18 20:35:00,2025.0,8.0,segunda,20.0,noite,ES,CARIACICA,True,101.0,BR-101,292.0,-20.30832089,-40.39475441,Reação tardia ou ineficiente do condutor,Tombamento,Com Vítimas Feridas,Plena Noite,Decrescente,Céu Claro,Dupla,Reta,Não,0.0,0.0,2.0,2.0,0.0,0.0,1.0,2.0,SPRF-ES,DEL01-ES,UOP01-DEL01-ES,0,moderado
2025-09-24,08:30,2025-09-24 08:30:00,2025.0,9.0,quarta,8.0,manha,ES,VIANA,True,101.0,BR-101,298.0,-20.34983965,-40.41262719,Demais falhas mecânicas ou elétricas,Incêndio,Sem Vítimas,Pleno dia,Crescente,Céu Claro,Dupla,Reta,Sim,0.0,0.0,0.0,0.0,1.0,0.0,1.0,1.0,SPRF-ES,DEL01-ES,UOP01-DEL01-ES,0,baixo
2025-09-19,23:15,2025-09-19 23:15:00,2025.0,9.0,sexta,23.0,noite,ES,ANCHIETA,False,101.0,BR-101,361.3,-20.7117281,-40.72364537,Ausência de sinalização,Colisão traseira,Com Vítimas Feridas,Plena Noite,Decrescente,Nublado,Simples,Reta,Não,0.0,0.0,1.0,1.0,1.0,0.0,2.0,2.0,SPRF-ES,DEL03-ES,UOP01-DEL03-ES,0,moderado
2025-08-02,07:30,2025-08-02 07:30:00,2025.0,8.0,sabado,7.0,manha,ES,LINHARES,False,101.0,BR-101,141.0,-19.327912,-40.070822,Reação tardia ou ineficiente do condutor,Colisão com objeto,Com Vítimas Feridas,Pleno dia,Decrescente,Céu Claro,Simples,Reta,Sim,0.0,1.0,0.0,1.0,0.0,0.0,1.0,1.0,SPRF-ES,DEL04-ES,UOP01-DEL04-ES,1,grave
2025-09-25,08:00,2025-09-25 08:00:00,2025.0,9.0,quinta,8.0,manha,ES,MUNIZ FREIRE,False,101.0,BR-101,137.0,-20.23568,-41.351067,Velocidade Incompatível,Queda de ocupante de veículo,Com Vítimas Feridas,Pleno dia,Decrescente,Chuva,Simples,Curva,Não,0.0,1.0,0.0,1.0,0.0,0.0,1.0,1.0,SPRF-ES,DEL04-ES,UOP01-DEL04-ES,1,grave
2025-09-25,17:50,2025-09-25 17:50:00,2025.0,9.0,quinta,17.0,tarde,ES,LINHARES,False,101.0,BR-101,143.8,-19.35054897,-40.06320144,Condutor deixou de manter distância do veículo da frente,Colisão traseira,Com Vítimas Feridas,Plena Noite,Decrescente,Garoa/Chuvisco,Múltipla,Declive;Reta,Sim,0.0,0.0,2.0,2.0,0.0,1.0,2.0,3.0,SPRF-ES,DEL04-ES,UOP01-DEL04-ES,0,moderado
2025-09-25,19:40,2025-09-25 19:40:00,2025.0,9.0,quinta,19.0,noite,ES,ANCHIETA,False,101.0,BR-101,348.9,-20.65097988,-40.64227865,Entrada inopinada do pedestre,Atropelamento de Pedestre,Com Vítimas Feridas,Plena Noite,Crescente,Chuva,Dupla,Curva,Não,0.0,1.0,0.0,1.0,0.0,1.0,2.0,2.0,SPRF-ES,DEL03-ES,UOP01-DEL03-ES,1,grave
2025-09-26,09:00,2025-09-26 09:00:00,2025.0,9.0,sexta,9.0,manha,ES,IBATIBA,False,262.0,BR-262,166.0,-20.25231103,-41.56551565,Ausência de reação do condutor,Saída de leito carroçável,Com Vítimas Feridas,Pleno dia,Crescente,Sol,Simples,Curva,Não,0.0,1.0,0.0,1.0,0.0,0.0,1.0,1.0,SPRF-ES,DEL01-ES,UOP02-DEL01-ES,1,grave
2025-09-26,16:30,2025-09-26 16:30:00,2025.0,9.0,sexta,16.0,tarde,ES,IBIRACU,False,101.0,BR-101,212.7,-19.82021867,-40.36848307,Reação tardia ou ineficiente do condutor,Tombamento,Com Vítimas Feridas,Pleno dia,Crescente,Nublado,Simples,Reta,Sim,0.0,0.0,1.0,1.0,0.0,0.0,1.0,1.0,SPRF-ES,DEL02-ES,UOP01-DEL02-ES,0,moderado
2025-09-27,05:50,2025-09-27 05:50:00,2025.0,9.0,sabado,5.0,madrugada,ES,SERRA,True,101.0,BR-101,264.0,-20.17831568,-40.26548052,Ausência de reação do condutor,Colisão traseira,Sem Vítimas,Pleno dia,Decrescente,Céu Claro,Múltipla,Reta,Sim,0.0,0.0,0.0,0.0,0.0,1.0,1.0,1.0,SPRF-ES,DEL02-ES,UOP01-DEL02-ES,0,baixo
2025-09-27,06:50,2025-09-27 06:50:00,2025.0,9.0,sabado,6.0,manha,ES,CARIACICA,True,101.0,BR-101,293.8,-20.321424,-40.395868,Reação tardia ou ineficiente do condutor,Capotamento,Sem Vítimas,Amanhecer,Crescente,Céu Claro,Múltipla,Curva,Não,0.0,0.0,0.0,0.0,0.0,1.0,1.0,1.0,SPRF-ES,DEL01-ES,UOP01-DEL01-ES,0,baixo
2025-09-26,22:15,2025-09-26 22:15:00,2025.0,9.0,sexta,22.0,noite,ES,MARECHAL FLORIANO,False,262.0,BR-262,64.9,-20.414308,-40.82534,Reação tardia ou ineficiente do condutor,Saída de leito carroçável,Com Vítimas Feridas,Plena Noite,Decrescente,Nublado,Simples,Curva;Aclive,Não,0.0,0.0,1.0,1.0,0.0,0.0,1.0,1.0,SPRF-ES,DEL01-ES,UOP02-DEL01-ES,0,moderado
2025-09-27,12:29,2025-09-27 12:29:00,2025.0,9.0,sabado,12.0,tarde,ES,DOMINGOS MARTINS,False,262.0,BR-262,30.0,-20.37439035,-40.56467625,Retorno proibido,Colisão transversal,Com Vítimas Feridas,Pleno dia,Crescente,Céu Claro,Simples,Aclive;Curva,Não,0.0,0.0,1.0,1.0,1.0,0.0,2.0,2.0,SPRF-ES,DEL01-ES,UOP01-DEL01-ES,0,moderado
2025-09-27,15:35,2025-09-27 15:35:00,2025.0,9.0,sabado,15.0,tarde,ES,SAO MATEUS,False,101.0,BR-101,65.0,-18.71775866,-39.87254904,Ausência de reação do condutor,Atropelamento de Pedestre,Com Vítimas Feridas,Pleno dia,Crescente,Céu Claro,Simples,Reta,Sim,0.0,0.0,1.0,1.0,0.0,1.0,2.0,2.0,SPRF-ES,DEL04-ES,UOP02-DEL04-ES,0,moderado
2025-09-27,17:05,2025-09-27 17:05:00,2025.0,9.0,sabado,17.0,tarde,ES,IBIRACU,False,101.0,BR-101,210.8,-19.8042291,-40.3678401,Ultrapassagem Indevida,Colisão lateral mesmo sentido,Com Vítimas Feridas,Pleno dia,Crescente,Céu Claro,Simples,Declive;Reta,Não,0.0,2.0,0.0,2.0,0.0,1.0,3.0,3.0,SPRF-ES,DEL02-ES,UOP01-DEL02-ES,1,grave
2025-09-27,17:45,2025-09-27 17:45:00,2025.0,9.0,sabado,17.0,tarde,ES,SERRA,True,101.0,BR-101,265.0,-20.18478,-40.26714,Reação tardia ou ineficiente do condutor,Colisão com objeto,Com Vítimas Feridas,Anoitecer,Decrescente,Nublado,Dupla,Reta,Sim,0.0,1.0,0.0,1.0,0.0,0.0,1.0,1.0,SPRF-ES,DEL02-ES,UOP01-DEL02-ES,1,grave
2025-09-28,07:30,2025-09-28 07:30:00,2025.0,9.0,domingo,7.0,manha,ES,CARIACICA,True,101.0,BR-101,294.0,-20.32386263,-40.39518356,Velocidade Incompatível,Colisão com objeto,Sem Vítimas,Pleno dia,Decrescente,Sol,Dupla,Curva,Sim,0.0,0.0,0.0,0.0,1.0,0.0,1.0,1.0,SPRF-ES,DEL01-ES,UOP01-DEL01-ES,0,baixo
2025-09-28,15:54,2025-09-28 15:54:00,2025.0,9.0,domingo,15.0,tarde,ES,CARIACICA,True,101.0,BR-101,276.0,-20.22936695,-40.36693812,Conversão proibida,Colisão transversal,Com Vítimas Feridas,Pleno dia,Crescente,Céu Claro,Dupla,Reta,Sim,0.0,1.0,0.0,1.0,1.0,0.0,2.0,2.0,SPRF-ES,DEL02-ES,UOP01-DEL02-ES,1,grave
2025-09-28,17:55,2025-09-28 17:55:00,2025.0,9.0,domingo,17.0,tarde,ES,SERRA,True,101.0,BR-101,247.0,-20.05661658,-40.38008809,Reação tardia ou ineficiente do condutor,Tombamento,Com Vítimas Feridas,Anoitecer,Crescente,Céu Claro,Dupla,Curva;Declive;Em Obras,Não,0.0,0.0,1.0,1.0,0.0,0.0,1.0,1.0,SPRF-ES,DEL02-ES,UOP01-DEL02-ES,0,moderado
2025-09-29,05:44,2025-09-29 05:44:00,2025.0,9.0,segunda,5.0,madrugada,ES,CONCEICAO DO CASTELO,False,262.0,BR-262,116.0,-20.314665,-41.236263,Ingestão de álcool pelo condutor,Tombamento,Com Vítimas Feridas,Amanhecer,Crescente,Céu Claro,Simples,Declive;Curva,Não,0.0,0.0,1.0,1.0,1.0,0.0,1.0,2.0,SPRF-ES,DEL01-ES,UOP02-DEL01-ES,0,moderado