data,hora,data_hora,ano,mes,dia_semana,hora_dia,periodo_dia,uf,municipio,regiao_grande_vitoria,rodovia,rodovia_label,km,latitude,longitude,causa,tipo_acidente,classificacao,fase_dia,sentido_via,condicao_metereologica,tipo_pista,tracado_via,uso_solo,mortos,feridos_graves,feridos_leves,feridos,ilesos,ignorados,veiculos,pessoas,regional,delegacia,uop,risco_alto,nivel_risco
2025-09-29,09:10,2025-09-29 09:10:00,2025.0,9.0,segunda,9.0,manha,ES,PEDRO CANARIO,False,101.0,BR-101,7.1,-18.24019455,-39.95415257,Acessar a via sem observar a presença dos outros veículos,Colisão transversal,Com Vítimas Feridas,Pleno dia,Decrescente,Sol,Simples,Reta;Aclive,Não,0.0,0.0,1.0,1.0,1.0,0.0,2.0,2.0,SPRF-ES,DEL04-ES,UOP02-DEL04-ES,0,moderado
2025-09-29,09:10,2025-09-29 09:10:00,2025.0,9.0,segunda,9.0,manha,ES,DOMINGOS MARTINS,False,262.0,BR-262,77.9,-20.410986,-40.922877,Reação tardia ou ineficiente do condutor,Saída de leito carroçável,Com Vítimas Feridas,Pleno dia,Crescente,Céu Claro,Simples,Curva,Não,0.0,0.0,1.0,1.0,0.0,0.0,1.0,1.0,SPRF-ES,DEL01-ES,UOP02-DEL01-ES,0,moderado
2025-09-29,17:48,2025-09-29 17:48:00,2025.0,9.0,segunda,17.0,tarde,ES,SERRA,True,101.0,BR-101,255.0,-20.11771261,-40.3145078,Ausência de reação do condutor,Colisão frontal,Com Vítimas Feridas,Anoitecer,Crescente,Céu Claro,Simples,Retorno Regulamentado;Interseção de Vias,Sim,0.0,0.0,2.0,2.0,0.0,0.0,2.0,2.0,SPRF-ES,DEL02-ES,UOP01-DEL02-ES,0,moderado
2025-09-30,06:30,2025-09-30 06:30:00,2025.0,9.0,terca,6.0,manha,ES,SERRA,True,101.0,BR-101,276.0,-20.21362718,-40.32226682,Condutor deixou de manter distância do veículo da frente,Colisão traseira,Com Vítimas Feridas,Pleno dia,Crescente,Céu Claro,Dupla,Reta,Não,0.0,2.0,2.0,4.0,0.0,0.0,3.0,4.0,SPRF-ES,DEL02-ES,UOP01-DEL02-ES,1,grave
2025-09-30,08:00,2025-09-30 08:00:00,2025.0,9.0,terca,8.0,manha,ES,ATILIO VIVACQUA,False,393.0,BR-393,1.0,-20.9246929,-41.17000462,Condutor deixou de manter distância do veículo da frente,Colisão traseira,Com Vítimas Feridas,Pleno dia,Crescente,Sol,Simples,Reta,Não,0.0,1.0,0.0,1.0,0.0,0.0,1.0,1.0,SPRF-ES,DEL03-ES,UOP02-DEL03-ES,1,grave
2025-09-30,08:23,2025-09-30 08:23:00,2025.0,9.0,terca,8.0,manha,ES,ARACRUZ,False,101.0,BR-101,189.0,-19.678752,-40.26818991,Ausência de reação do condutor,Saída de leito carroçável,Com Vítimas Feridas,Pleno dia,Crescente,Nublado,Simples,Reta,Não,0.0,0.0,2.0,2.0,0.0,0.0,1.0,2.0,SPRF-ES,DEL04-ES,UOP01-DEL04-ES,0,moderado
2025-09-30,09:00,2025-09-30 09:00:00,2025.0,9.0,terca,9.0,manha,ES,DOMINGOS MARTINS,False,262.0,BR-262,39.0,-20.3802214,-40.63187599,Demais falhas mecânicas ou elétricas,Incêndio,Sem Vítimas,Pleno dia,Crescente,Céu Claro,Simples,Reta,Não,0.0,0.0,0.0,0.0,1.0,0.0,1.0,1.0,SPRF-ES,DEL01-ES,UOP01-DEL01-ES,0,baixo
2025-09-10,17:40,2025-09-10 17:40:00,2025.0,9.0,quarta,17.0,tarde,ES,LINHARES,False,101.0,BR-101,147.0,-19.38553,-40.067417,Acessar a via sem observar a presença dos outros veículos,Colisão traseira,Com Vítimas Feridas,Anoitecer,Crescente,Céu Claro,Simples,Reta,Sim,0.0,0.0,1.0,1.0,1.0,0.0,2.0,2.0,SPRF-ES,DEL04-ES,UOP01-DEL04-ES,0,moderado
2025-09-30,16:32,2025-09-30 16:32:00,2025.0,9.0,terca,16.0,tarde,ES,JAGUARE,False,101.0,BR-101,101.0,-18.99047898,-40.00025209,Declive acentuado,Colisão traseira,Com Vítimas Feridas,Anoitecer,Crescente,Céu Claro,Simples,Declive,Não,0.0,1.0,1.0,2.0,0.0,0.0,2.0,2.0,SPRF-ES,DEL04-ES,UOP02-DEL04-ES,1,grave
2025-09-30,18:15,2025-09-30 18:15:00,2025.0,9.0,terca,18.0,noite,ES,VIANA,True,101.0,BR-101,298.0,-20.353535,-40.415369,Reação tardia ou ineficiente do condutor,Colisão traseira,Com Vítimas Feridas,Plena Noite,Decrescente,Céu Claro,Simples,Aclive;Reta,Sim,0.0,0.0,1.0,1.0,2.0,0.0,2.0,3.0,SPRF-ES,DEL01-ES,UOP01-DEL01-ES,0,moderado
2025-09-30,18:45,2025-09-30 18:45:00,2025.0,9.0,terca,18.0,noite,ES,MIMOSO DO SUL,False,101.0,BR-101,443.0,-21.09825713,-41.25351012,Reação tardia ou ineficiente do condutor,Colisão lateral mesmo sentido,Com Vítimas Feridas,Plena Noite,Crescente,Céu Claro,Simples,Curva,Não,0.0,0.0,2.0,2.0,0.0,0.0,2.0,2.0,SPRF-ES,DEL03-ES,UOP02-DEL03-ES,0,moderado
2025-10-01,17:30,2025-10-01 17:30:00,2025.0,10.0,quarta,17.0,tarde,ES,BAIXO GUANDU,False,259.0,BR-259,85.0,-19.5117495,-40.8815622,Pedestre andava na pista,Colisão traseira,Com Vítimas Feridas,Anoitecer,Crescente,Céu Claro,Simples,Aclive,Não,0.0,0.0,1.0,1.0,1.0,0.0,2.0,2.0,SPRF-ES,DEL02-ES,UOP01-DEL02-ES,0,moderado
2025-10-01,18:40,2025-10-01 18:40:00,2025.0,10.0,quarta,18.0,noite,ES,CARIACICA,True,101.0,BR-101,285.1,-20.252243,-40.373105,Transitar na contramão,Atropelamento de Pedestre,Com Vítimas Feridas,Plena Noite,Decrescente,Nublado,Dupla,Reta;Interseção de Vias,Sim,0.0,1.0,0.0,1.0,0.0,1.0,2.0,2.0,SPRF-ES,DEL01-ES,UOP01-DEL01-ES,1,grave
2025-10-01,22:20,2025-10-01 22:20:00,2025.0,10.0,quarta,22.0,noite,ES,LINHARES,False,101.0,BR-101,147.6,-19.38408574,-40.06688118,Ausência de reação do condutor,Tombamento,Com Vítimas Feridas,Plena Noite,Decrescente,Céu Claro,Dupla,Reta,Sim,0.0,0.0,1.0,1.0,0.0,0.0,1.0,1.0,SPRF-ES,DEL04-ES,UOP01-DEL04-ES,0,moderado
2025-10-02,03:20,2025-10-02 03:20:00,2025.0,10.0,quinta,3.0,madrugada,ES,BAIXO GUANDU,False,259.0,BR-259,93.3,-19.5031169,-40.943762,Reação tardia ou ineficiente do condutor,Saída de leito carroçável,Com Vítimas Fatais,Plena Noite,Crescente,Nublado,Simples,Curva,Não,1.0,0.0,0.0,0.0,0.0,0.0,1.0,1.0,SPRF-ES,DEL02-ES,UOP01-DEL02-ES,1,fatal
2025-10-02,06:55,2025-10-02 06:55:00,2025.0,10.0,quinta,6.0,manha,ES,SERRA,True,101.0,BR-101,269.0,-20.21652,-40.27011,Condutor deixou de manter distância do veículo da frente,Colisão traseira,Com Vítimas Feridas,Pleno dia,Crescente,Céu Claro,Dupla,Reta,Sim,0.0,0.0,2.0,2.0,1.0,0.0,3.0,3.0,SPRF-ES,DEL02-ES,UOP01-DEL02-ES,0,moderado
2025-10-02,10:48,2025-10-02 10:48:00,2025.0,10.0,quinta,10.0,manha,ES,CARIACICA,True,101.0,BR-101,282.1,-20.2277112,-40.3653903,Ausência de reação do condutor,Colisão traseira,Com Vítimas Feridas,Pleno dia,Crescente,Sol,Dupla,Reta,Sim,0.0,1.0,0.0,1.0,1.0,0.0,2.0,2.0,SPRF-ES,DEL01-ES,UOP01-DEL01-ES,1,grave
2025-08-31,06:40,2025-08-31 06:40:00,2025.0,8.0,domingo,6.0,manha,ES,COLATINA,False,259.0,BR-259,25.0,-19.61800371,-40.48054129,Pista Escorregadia,Colisão lateral sentido oposto,Com Vítimas Feridas,Pleno dia,Crescente,Chuva,Simples,Curva,Não,0.0,0.0,1.0,1.0,1.0,0.0,2.0,2.0,SPRF-ES,DEL02-ES,UOP01-DEL02-ES,0,moderado
2025-09-16,18:30,2025-09-16 18:30:00,2025.0,9.0,terca,18.0,noite,ES,VIANA,True,101.0,BR-101,301.0,-20.3632875,-40.4422094,Pedestre cruzava a pista fora da faixa,Atropelamento de Pedestre,Com Vítimas Fatais,Plena Noite,Decrescente,Céu Claro,Dupla,Curva,Sim,1.0,0.0,0.0,0.0,1.0,0.0,2.0,2.0,SPRF-ES,DEL01-ES,UOP01-DEL01-ES,1,fatal
2025-10-03,02:10,2025-10-03 02:10:00,2025.0,10.0,sexta,2.0,madrugada,ES,LINHARES,False,101.0,BR-101,148.7,-19.39471558,-40.06518602,Condutor desrespeitou a iluminação vermelha do semáforo,Colisão transversal,Com Vítimas Feridas,Plena Noite,Decrescente,Nublado,Múltipla,Interseção de Vias;Reta,Sim,0.0,0.0,2.0,2.0,0.0,1.0,2.0,3.0,SPRF-ES,DEL04-ES,UOP01-DEL04-ES,0,moderado
2025-10-03,07:40,2025-10-03 07:40:00,2025.0,10.0,sexta,7.0,manha,ES,CONCEICAO DA BARRA,False,101.0,BR-101,37.2,-18.49039118,-39.92559603,Acessar a via sem observar a presença dos outros veículos,Colisão transversal,Com Vítimas Feridas,Pleno dia,Crescente,Céu Claro,Simples,Interseção de Vias,Sim,0.0,0.0,1.0,1.0,2.0,0.0,2.0,3.0,SPRF-ES,DEL04-ES,UOP02-DEL04-ES,0,moderado
2025-08-04,23:50,2025-08-04 23:50:00,2025.0,8.0,segunda,23.0,noite,ES,CACHOEIRO DE ITAPEMIRIM,False,393.0,BR-393,0.7,-20.9247285,-41.0806888,Ingestão de álcool pelo condutor,Colisão frontal,Com Vítimas Feridas,Plena Noite,Crescente,Céu Claro,Simples,Reta,Sim,0.0,1.0,2.0,3.0,1.0,0.0,2.0,4.0,SPRF-ES,DEL03-ES,UOP02-DEL03-ES,1,grave
2025-10-03,08:10,2025-10-03 08:10:00,2025.0,10.0,sexta,8.0,manha,ES,VENDA NOVA DO IMIGRANTE,False,262.0,BR-262,106.0,-20.3269161,-41.1450675,Manobra de mudança de faixa,Colisão lateral mesmo sentido,Com Vítimas Feridas,Pleno dia,Crescente,Nublado,Simples,Reta,Sim,0.0,1.0,0.0,1.0,1.0,0.0,2.0,2.0,SPRF-ES,DEL01-ES,UOP02-DEL01-ES,1,grave
2025-10-03,13:30,2025-10-03 13:30:00,2025.0,10.0,sexta,13.0,tarde,ES,SERRA,True,101.0,BR-101,266.0,-20.190199,-40.26828891,Manobra de mudança de faixa,Colisão lateral mesmo sentido,Com Vítimas Feridas,Pleno dia,Crescente,Sol,Dupla,Reta,Sim,0.0,0.0,1.0,1.0,1.0,0.0,2.0,2.0,SPRF-ES,DEL02-ES,UOP01-DEL02-ES,0,moderado
2025-10-03,18:30,2025-10-03 18:30:00,2025.0,10.0,sexta,18.0,noite,ES,LINHARES,False,101.0,BR-101,148.0,-19.38794741,-40.06730423,Desrespeitar a preferência no cruzamento,Colisão transversal,Com Vítimas Feridas,Plena Noite,Crescente,Chuva,Múltipla,Interseção de Vias;Reta,Sim,0.0,0.0,1.0,1.0,1.0,0.0,2.0,2.0,SPRF-ES,DEL04-ES,UOP01-DEL04-ES,0,moderado
2025-10-03,19:45,2025-10-03 19:45:00,2025.0,10.0,sexta,19.0,noite,ES,SERRA,True,101.0,BR-101,262.0,-20.15858567,-40.27607113,Acessar a via sem observar a presença dos outros veículos,Colisão frontal,Com Vítimas Feridas,Plena Noite,Decrescente,Nublado,Múltipla,Interseção de Vias,Não,0.0,1.0,0.0,1.0,1.0,0.0,2.0,2.0,SPRF-ES,DEL02-ES,UOP01-DEL02-ES,1,grave
2025-10-03,22:10,2025-10-03 22:10:00,2025.0,10.0,sexta,22.0,noite,ES,SERRA,True,101.0,BR-101,260.0,-20.14650934,-40.28729349,Velocidade Incompatível,Colisão com objeto,Com Vítimas Feridas,Plena Noite,Decrescente,Chuva,Dupla,Curva;Declive,Sim,0.0,0.0,3.0,3.0,0.0,0.0,1.0,3.0,SPRF-ES,DEL02-ES,UOP01-DEL02-ES,0,moderado
2025-10-04,02:00,2025-10-04 02:00:00,2025.0,10.0,sabado,2.0,madrugada,ES,ARACRUZ,False,101.0,BR-101,188.1,-19.67628657,-40.26474833,Velocidade Incompatível,Saída de leito carroçável,Com Vítimas Feridas,Plena Noite,Decrescente,Garoa/Chuvisco,Simples,Curva,Não,0.0,0.0,1.0,1.0,0.0,0.0,1.0,1.0,SPRF-ES,DEL04-ES,UOP01-DEL04-ES,0,moderado
2025-10-04,04:10,2025-10-04 04:10:00,2025.0,10.0,sabado,4.0,madrugada,ES,PEDRO CANARIO,False,101.0,BR-101,13.0,-18.268942,-39.959046,Reação tardia ou ineficiente do condutor,Saída de leito carroçável,Com Vítimas Feridas,Amanhecer,Decrescente,Garoa/Chuvisco,Dupla,Reta,Não,0.0,0.0,1.0,1.0,2.0,0.0,1.0,3.0,SPRF-ES,DEL04-ES,UOP02-DEL04-ES,0,moderado
2025-10-04,03:50,2025-10-04 03:50:00,2025.0,10.0,sabado,3.0,madrugada,ES,LINHARES,False,101.0,BR-101,139.8,-19.31632715,-40.07677527,Ingestão de álcool pelo condutor,Saída de leito carroçável,Com Vítimas Feridas,Plena Noite,Crescente,Céu Claro,Múltipla,Reta,Sim,0.0,0.0,1.0,1.0,0.0,0.0,1.0,1.0,SPRF-ES,DEL04-ES,UOP01-DEL04-ES,0,moderado
2025-10-04,07:25,2025-10-04 07:25:00,2025.0,10.0,sabado,7.0,manha,ES,VIANA,True,262.0,BR-262,17.0,-20.392064,-40.482477,Ultrapassagem Indevida,Queda de ocupante de veículo,Com Vítimas Feridas,Pleno dia,Crescente,Garoa/Chuvisco,Simples,Reta;Rotatória,Não,0.0,0.0,1.0,1.0,1.0,0.0,2.0,2.0,SPRF-ES,DEL01-ES,UOP01-DEL01-ES,0,moderado
2025-10-04,12:00,2025-10-04 12:00:00,2025.0,10.0,sabado,12.0,tarde,ES,ANCHIETA,False,101.0,BR-101,371.0,-20.77082081,-40.76590776,Condutor deixou de manter distância do veículo da frente,Colisão traseira,Sem Vítimas,Pleno dia,Decrescente,Nublado,Simples,Reta,Não,0.0,0.0,0.0,0.0,4.0,1.0,2.0,5.0,SPRF-ES,DEL03-ES,UOP01-DEL03-ES,0,baixo
2025-10-04,18:30,2025-10-04 18:30:00,2025.0,10.0,sabado,18.0,noite,ES,LINHARES,False,101.0,BR-101,147.0,-19.38336,-40.067229,Reação tardia ou ineficiente do condutor,Colisão com objeto,Sem Vítimas,Plena Noite,Crescente,Garoa/Chuvisco,Dupla,Reta,Sim,0.0,0.0,0.0,0.0,0.0,1.0,1.0,1.0,SPRF-ES,DEL04-ES,UOP01-DEL04-ES,0,baixo
2025-10-04,20:00,2025-10-04 20:00:00,2025.0,10.0,sabado,20.0,noite,ES,SERRA,True,101.0,BR-101,257.0,-20.12292536,-40.30531168,Manobra de mudança de faixa,Colisão lateral mesmo sentido,Com Vítimas Feridas,Plena Noite,Crescente,Céu Claro,Simples,Reta,Não,0.0,0.0,1.0,1.0,0.0,1.0,2.0,2.0,SPRF-ES,DEL02-ES,UOP01-DEL02-ES,0,moderado
2025-10-04,20:30,2025-10-04 20:30:00,2025.0,10.0,sabado,20.0,noite,ES,SERRA,True,101.0,BR-101,237.0,-20.0441856,-40.3898368,Conversão proibida,Colisão frontal,Com Vítimas Feridas,Plena Noite,Crescente,Chuva,Dupla,Reta,Não,0.0,0.0,1.0,1.0,3.0,0.0,2.0,4.0,SPRF-ES,DEL02-ES,UOP01-DEL02-ES,0,moderado
2025-10-04,20:00,2025-10-04 20:00:00,2025.0,10.0,sabado,20.0,noite,ES,SERRA,True,101.0,BR-101,5.5,-20.18950877,-40.33862753,Chuva,Colisão lateral mesmo sentido,Sem Vítimas,Plena Noite,Crescente,Chuva,Dupla,Reta,Não,0.0,0.0,0.0,0.0,2.0,0.0,2.0,2.0,SPRF-ES,DEL02-ES,UOP01-DEL02-ES,0,baixo
2025-10-04,21:50,2025-10-04 21:50:00,2025.0,10.0,sabado,21.0,noite,ES,LINHARES,False,101.0,BR-101,139.0,-19.31863,-40.07529,Ingestão de álcool pelo condutor,Queda de ocupante de veículo,Com Vítimas Feridas,Plena Noite,Decrescente,Céu Claro,Simples,Reta,Não,0.0,0.0,2.0,2.0,0.0,0.0,1.0,2.0,SPRF-ES,DEL04-ES,UOP01-DEL04-ES,0,moderado
2025-06-09,18:30,2025-06-09 18:30:00,2025.0,6.0,segunda,18.0,noite,ES,CARIACICA,True,101.0,BR-101,296.0,-20.34350734,-40.40700523,Acessar a via sem observar a presença dos outros veículos,Colisão lateral mesmo sentido,Com Vítimas Feridas,Plena Noite,Crescente,Chuva,Múltipla,Interseção de Vias;Declive;Viaduto,Sim,0.0,1.0,0.0,1.0,1.0,0.0,2.0,2.0,SPRF-ES,DEL01-ES,UOP01-DEL01-ES,1,grave
2025-10-04,20:30,2025-10-04 20:30:00,2025.0,10.0,sabado,20.0,noite,ES,CARIACICA,True,262.0,BR-262,1.0,-20.33093984,-40.35488455,Ingestão de álcool pelo condutor,Colisão com objeto,Sem Vítimas,Plena Noite,Crescente,Céu Claro,Dupla,Declive;Reta;Ponte,Sim,0.0,0.0,0.0,0.0,1.0,0.0,1.0,1.0,SPRF-ES,DEL01-ES,UOP01-DEL01-ES,0,baixo
2025-10-05,06:15,2025-10-05 06:15:00,2025.0,10.0,domingo,6.0,manha,ES,COLATINA,False,259.0,BR-259,47.0,-19.52507,-40.59016,Reação tardia ou ineficiente do condutor,Colisão transversal,Com Vítimas Feridas,Amanhecer,Crescente,Ignorado,Simples,Declive;Curva,Não,0.0,1.0,0.0,1.0,2.0,0.0,2.0,3.0,SPRF-ES,DEL02-ES,UOP01-DEL02-ES,1,grave
2025-10-05,09:20,2025-10-05 09:20:00,2025.0,10.0,domingo,9.0,manha,ES,DOMINGOS MARTINS,False,262.0,BR-262,32.9,-20.37582303,-40.58374135,Manobra de mudança de faixa,Colisão lateral mesmo sentido,Com Vítimas Feridas,Pleno dia,Decrescente,Céu Claro,Simples,Declive;Reta,Não,0.0,0.0,1.0,1.0,3.0,0.0,2.0,4.0,SPRF-ES,DEL01-ES,UOP01-DEL01-ES,0,moderado
2025-10-05,16:30,2025-10-05 16:30:00,2025.0,10.0,domingo,16.0,tarde,ES,RIO NOVO DO SUL,False,101.0,BR-101,399.0,-20.87573522,-40.96318871,Condutor deixou de manter distância do veículo da frente,Colisão traseira,Com Vítimas Feridas,Pleno dia,Crescente,Céu Claro,Simples,Reta,Não,0.0,0.0,2.0,2.0,1.0,0.0,2.0,3.0,SPRF-ES,DEL03-ES,UOP02-DEL03-ES,0,moderado
2025-10-05,19:00,2025-10-05 19:00:00,2025.0,10.0,domingo,19.0,noite,ES,MARECHAL FLORIANO,False,262.0,BR-262,66.1,-20.4125,-40.83426,Ingestão de álcool pelo condutor,Colisão lateral sentido oposto,Sem Vítimas,Plena Noite,Decrescente,Nublado,Simples,Reta,Não,0.0,0.0,0.0,0.0,6.0,0.0,3.0,6.0,SPRF-ES,DEL01-ES,UOP02-DEL01-ES,0,baixo
2025-10-05,21:15,2025-10-05 21:15:00,2025.0,10.0,domingo,21.0,noite,ES,CARIACICA,True,101.0,BR-101,287.8,-20.25243581,-40.37305773,Ausência de reação do condutor,Colisão com objeto,Sem Vítimas,Plena Noite,Crescente,Nublado,Dupla,Reta;Declive,Não,0.0,0.0,0.0,0.0,1.0,0.0,1.0,1.0,SPRF-ES,DEL01-ES,UOP01-DEL01-ES,0,baixo
2025-10-05,22:00,2025-10-05 22:00:00,2025.0,10.0,domingo,22.0,noite,ES,LINHARES,False,101.0,BR-101,159.4,-19.47522719,-40.11333704,Ausência de reação do condutor,Colisão transversal,Com Vítimas Feridas,Plena Noite,Decrescente,Céu Claro,Simples,Reta,Sim,0.0,0.0,2.0,2.0,1.0,0.0,2.0,3.0,SPRF-ES,DEL04-ES,UOP01-DEL04-ES,0,moderado
2025-10-06,01:10,2025-10-06 01:10:00,2025.0,10.0,segunda,1.0,madrugada,ES,LINHARES,False,101.0,BR-101,147.0,-19.38704696,-40.06772058,Ingestão de álcool pelo condutor,Colisão com objeto,Sem Vítimas,Plena Noite,Crescente,Nublado,Dupla,Reta,Não,0.0,0.0,0.0,0.0,0.0,1.0,1.0,1.0,SPRF-ES,DEL04-ES,UOP01-DEL04-ES,0,baixo
2025-09-07,09:00,2025-09-07 09:00:00,2025.0,9.0,domingo,9.0,manha,ES,FUNDAO,True,101.0,BR-101,239.8,-20.0154185,-40.4041978,Reação tardia ou ineficiente do condutor,Colisão traseira,Com Vítimas Feridas,Pleno dia,Crescente,Nublado,Simples,Reta,Não,0.0,1.0,0.0,1.0,1.0,0.0,2.0,2.0,SPRF-ES,DEL02-ES,UOP01-DEL02-ES,1,grave
2025-10-06,11:10,2025-10-06 11:10:00,2025.0,10.0,segunda,11.0,manha,ES,SERRA,True,101.0,BR-101,268.2,-20.212007,-40.269852,Ausência de reação do condutor,Queda de ocupante de veículo,Com Vítimas Feridas,Pleno dia,Crescente,Sol,Simples,Reta,Sim,0.0,0.0,1.0,1.0,0.0,1.0,1.0,2.0,SPRF-ES,DEL02-ES,UOP01-DEL02-ES,0,moderado
2025-10-06,19:00,2025-10-06 19:00:00,2025.0,10.0,segunda,19.0,noite,ES,SAO MATEUS,False,101.0,BR-101,62.7,-18.69533132,-39.86436065,Manobra de mudança de faixa,Colisão lateral sentido oposto,Com Vítimas Feridas,Plena Noite,Decrescente,Céu Claro,Simples,Reta;Aclive,Não,0.0,0.0,3.0,3.0,0.0,1.0,3.0,4.0,SPRF-ES,DEL04-ES,UOP02-DEL04-ES,0,moderado
2025-10-07,10:20,2025-10-07 10:20:00,2025.0,10.0,terca,10.0,manha,ES,SERRA,True,101.0,BR-101,13.0,-20.14814211,-40.34507811,Demais falhas mecânicas ou elétricas,Queda de ocupante de veículo,Com Vítimas Feridas,Pleno dia,Decrescente,Nublado,Dupla,Reta,Não,0.0,0.0,1.0,1.0,0.0,0.0,1.0,1.0,SPRF-ES,DEL02-ES,UOP01-DEL02-ES,0,moderado
2025-10-07,20:15,2025-10-07 20:15:00,2025.0,10.0,terca,20.0,noite,ES,JOAO NEIVA,False,259.0,BR-259,5.0,-19.7031989,-40.3821232,Avarias e/ou desgaste excessivo no pneu,Tombamento,Com Vítimas Feridas,Plena Noite,Crescente,Céu Claro,Simples,Reta,Não,0.0,0.0,1.0,1.0,0.0,0.0,1.0,1.0,SPRF-ES,DEL02-ES,UOP01-DEL02-ES,0,moderado
2025-10-08,06:20,2025-10-08 06:20:00,2025.0,10.0,quarta,6.0,manha,ES,CARIACICA,True,101.0,BR-101,286.0,-20.259358,-40.377558,Condutor deixou de manter distância do veículo da frente,Colisão traseira,Com Vítimas Feridas,Pleno dia,Decrescente,Céu Claro,Dupla,Reta,Sim,0.0,0.0,1.0,1.0,1.0,0.0,2.0,2.0,SPRF-ES,DEL01-ES,UOP01-DEL01-ES,0,moderado
2025-10-08,07:35,2025-10-08 07:35:00,2025.0,10.0,quarta,7.0,manha,ES,LINHARES,False,101.0,BR-101,148.9,-19.39711198,-40.06360579,Ingestão de álcool pelo condutor,Colisão transversal,Com Vítimas Feridas,Pleno dia,Decrescente,Céu Claro,Múltipla,Reta,Sim,0.0,0.0,2.0,2.0,1.0,0.0,2.0,3.0,SPRF-ES,DEL04-ES,UOP01-DEL04-ES,0,moderado
2025-10-08,08:20,2025-10-08 08:20:00,2025.0,10.0,quarta,8.0,manha,ES,VIANA,True,101.0,BR-101,298.2,-20.35507904,-40.41671991,Acessar a via sem observar a presença dos outros veículos,Colisão transversal,Com Vítimas Feridas,Pleno dia,Decrescente,Céu Claro,Múltipla,Reta,Sim,0.0,2.0,0.0,2.0,1.0,0.0,2.0,3.0,SPRF-ES,DEL01-ES,UOP01-DEL01-ES,1,grave
2025-10-08,21:20,2025-10-08 21:20:00,2025.0,10.0,quarta,21.0,noite,ES,SAO MATEUS,False,101.0,BR-101,76.0,-18.76221859,-39.86344814,Ingestão de álcool pelo condutor,Tombamento,Com Vítimas Feridas,Plena Noite,Decrescente,Céu Claro,Simples,Reta;Aclive,Não,0.0,1.0,0.0,1.0,0.0,0.0,1.0,1.0,SPRF-ES,DEL04-ES,UOP02-DEL04-ES,1,grave
2025-09-26,14:50,2025-09-26 14:50:00,2025.0,9.0,sexta,14.0,tarde,ES,DOMINGOS MARTINS,False,262.0,BR-262,36.0,-20.37384626,-40.56364274,Manobra de mudança de faixa,Engavetamento,Com Vítimas Feridas,Plena Noite,Crescente,Céu Claro,Simples,Curva,Não,0.0,0.0,4.0,4.0,2.0,2.0,6.0,8.0,SPRF-ES,DEL01-ES,UOP01-DEL01-ES,0,moderado
2025-10-09,09:38,2025-10-09 09:38:00,2025.0,10.0,quinta,9.0,manha,ES,DOMINGOS MARTINS,False,262.0,BR-262,78.5,-20.408008,-40.929675,Reação tardia ou ineficiente do condutor,Colisão transversal,Com Vítimas Feridas,Pleno dia,Crescente,Sol,Simples,Reta,Não,0.0,0.0,3.0,3.0,0.0,0.0,2.0,3.0,SPRF-ES,DEL01-ES,UOP02-DEL01-ES,0,moderado
2025-10-10,07:15,2025-10-10 07:15:00,2025.0,10.0,sexta,7.0,manha,ES,SERRA,True,101.0,BR-101,265.0,-20.189469,-40.2681096,Transitar na contramão,Colisão lateral mesmo sentido,Com Vítimas Feridas,Pleno dia,Decrescente,Nublado,Dupla,Interseção de Vias;Reta,Sim,0.0,0.0,1.0,1.0,2.0,0.0,2.0,3.0,SPRF-ES,DEL02-ES,UOP01-DEL02-ES,0,moderado
2025-10-10,07:50,2025-10-10 07:50:00,2025.0,10.0,sexta,7.0,manha,ES,VIANA,True,101.0,BR-101,298.0,-20.35313159,-40.41496603,Trafegar com motocicleta (ou similar) entre as faixas,Colisão traseira,Com Vítimas Feridas,Pleno dia,Crescente,Nublado,Múltipla,Reta,Sim,0.0,1.0,0.0,1.0,0.0,1.0,2.0,2.0,SPRF-ES,DEL01-ES,UOP01-DEL01-ES,1,grave
2025-10-10,12:30,2025-10-10 12:30:00,2025.0,10.0,sexta,12.0,tarde,ES,ANCHIETA,False,101.0,BR-101,348.0,-20.650973,-40.641882,Chuva,Colisão com objeto,Com Vítimas Feridas,Pleno dia,Crescente,Chuva,Dupla,Curva,Não,0.0,0.0,2.0,2.0,2.0,0.0,1.0,4.0,SPRF-ES,DEL03-ES,UOP01-DEL03-ES,0,moderado
2025-10-10,14:40,2025-10-10 14:40:00,2025.0,10.0,sexta,14.0,tarde,ES,LINHARES,False,101.0,BR-101,113.5,-19.0917932,-40.04932554,Condutor usando celular,Colisão traseira,Com Vítimas Feridas,Pleno dia,Decrescente,Nublado,Simples,Reta,Não,0.0,0.0,2.0,2.0,1.0,0.0,2.0,3.0,SPRF-ES,DEL04-ES,UOP01-DEL04-ES,0,moderado