data,hora,data_hora,ano,mes,dia_semana,hora_dia,periodo_dia,uf,municipio,regiao_grande_vitoria,rodovia,rodovia_label,km,latitude,longitude,causa,tipo_acidente,classificacao,fase_dia,sentido_via,condicao_metereologica,tipo_pista,tracado_via,uso_solo,mortos,feridos_graves,feridos_leves,feridos,ilesos,ignorados,veiculos,pessoas,regional,delegacia,uop,risco_alto,nivel_risco
2025-10-10,15:35,2025-10-10 15:35:00,2025.0,10.0,sexta,15.0,tarde,ES,SERRA,True,101.0,BR-101,266.9,-20.19763819,-40.26897187,Manobra de mudança de faixa,Tombamento,Com Vítimas Feridas,Pleno dia,Crescente,Sol,Múltipla,Reta,Sim,0.0,0.0,1.0,1.0,0.0,0.0,1.0,1.0,SPRF-ES,DEL02-ES,UOP01-DEL02-ES,0,moderado
2025-10-10,18:10,2025-10-10 18:10:00,2025.0,10.0,sexta,18.0,noite,ES,VENDA NOVA DO IMIGRANTE,False,262.0,BR-262,110.0,-20.33685071,-41.18761539,Iluminação deficiente,Atropelamento de Pedestre,Com Vítimas Feridas,Amanhecer,Crescente,Nublado,Simples,Reta,Sim,0.0,1.0,1.0,2.0,0.0,0.0,2.0,2.0,SPRF-ES,DEL01-ES,UOP02-DEL01-ES,1,grave
2025-10-10,18:00,2025-10-10 18:00:00,2025.0,10.0,sexta,18.0,noite,ES,VENDA NOVA DO IMIGRANTE,False,262.0,BR-262,104.0,-20.332847,-41.129468,Transitar na contramão,Colisão transversal,Com Vítimas Feridas,Plena Noite,Decrescente,Céu Claro,Simples,Rotatória,Não,0.0,0.0,1.0,1.0,2.0,0.0,2.0,3.0,SPRF-ES,DEL01-ES,UOP02-DEL01-ES,0,moderado
2025-10-10,18:40,2025-10-10 18:40:00,2025.0,10.0,sexta,18.0,noite,ES,SERRA,True,101.0,BR-101,260.1,-20.14629677,-40.28792739,Ausência de reação do condutor,Colisão traseira,Com Vítimas Feridas,Plena Noite,Decrescente,Ignorado,Dupla,Aclive,Sim,0.0,0.0,1.0,1.0,0.0,1.0,2.0,2.0,SPRF-ES,DEL02-ES,UOP01-DEL02-ES,0,moderado
2025-10-10,19:20,2025-10-10 19:20:00,2025.0,10.0,sexta,19.0,noite,ES,SERRA,True,101.0,BR-101,270.0,-20.22850733,-40.27176509,Manobra de mudança de faixa,Colisão lateral sentido oposto,Com Vítimas Feridas,Plena Noite,Decrescente,Céu Claro,Dupla,Reta,Sim,0.0,0.0,1.0,1.0,1.0,0.0,2.0,2.0,SPRF-ES,DEL02-ES,UOP01-DEL02-ES,0,moderado
2025-10-10,18:00,2025-10-10 18:00:00,2025.0,10.0,sexta,18.0,noite,ES,MARECHAL FLORIANO,False,262.0,BR-262,45.0,-20.4005834,-40.67219,Reação tardia ou ineficiente do condutor,Colisão traseira,Sem Vítimas,Plena Noite,Decrescente,Ignorado,Simples,Reta,Sim,0.0,0.0,0.0,0.0,3.0,0.0,3.0,3.0,SPRF-ES,DEL01-ES,UOP01-DEL01-ES,0,baixo
2025-10-11,06:14,2025-10-11 06:14:00,2025.0,10.0,sabado,6.0,manha,ES,SERRA,True,101.0,BR-101,265.0,-20.18065437,-40.26523501,Transitar na contramão,Colisão frontal,Com Vítimas Feridas,Pleno dia,Crescente,Céu Claro,Múltipla,Curva,Sim,0.0,2.0,1.0,3.0,0.0,0.0,2.0,3.0,SPRF-ES,DEL02-ES,UOP01-DEL02-ES,1,grave
2025-10-11,09:30,2025-10-11 09:30:00,2025.0,10.0,sabado,9.0,manha,ES,CACHOEIRO DE ITAPEMIRIM,False,393.0,BR-393,0.5,-20.8388083,-41.163215,Ultrapassagem Indevida,Colisão frontal,Com Vítimas Feridas,Pleno dia,Crescente,Nublado,Simples,Reta,Sim,0.0,0.0,1.0,1.0,1.0,0.0,2.0,2.0,SPRF-ES,DEL03-ES,UOP02-DEL03-ES,0,moderado
2025-10-11,12:30,2025-10-11 12:30:00,2025.0,10.0,sabado,12.0,tarde,ES,DOMINGOS MARTINS,False,262.0,BR-262,78.8,-20.409761,-40.928312,Ultrapassagem Indevida,Colisão frontal,Com Vítimas Feridas,Pleno dia,Crescente,Sol,Simples,Curva,Não,0.0,1.0,1.0,2.0,3.0,0.0,3.0,5.0,SPRF-ES,DEL01-ES,UOP02-DEL01-ES,1,grave
2025-10-11,13:30,2025-10-11 13:30:00,2025.0,10.0,sabado,13.0,tarde,ES,COLATINA,False,259.0,BR-259,52.6,-19.500716,-40.629415,Reação tardia ou ineficiente do condutor,Saída de leito carroçável,Sem Vítimas,Pleno dia,Crescente,Céu Claro,Simples,Curva,Não,0.0,0.0,0.0,0.0,0.0,1.0,1.0,1.0,SPRF-ES,DEL02-ES,UOP01-DEL02-ES,0,baixo
2025-10-11,18:30,2025-10-11 18:30:00,2025.0,10.0,sabado,18.0,noite,ES,SERRA,True,101.0,BR-101,270.0,-20.23085183,-40.27316451,Manobra de mudança de faixa,Colisão lateral sentido oposto,Com Vítimas Feridas,Plena Noite,Crescente,Nublado,Dupla,Reta,Sim,0.0,0.0,1.0,1.0,1.0,0.0,2.0,2.0,SPRF-ES,DEL02-ES,UOP01-DEL02-ES,0,moderado
2025-10-11,19:40,2025-10-11 19:40:00,2025.0,10.0,sabado,19.0,noite,ES,SERRA,True,101.0,BR-101,266.0,-20.19490975,-40.26862532,Velocidade Incompatível,Engavetamento,Com Vítimas Feridas,Plena Noite,Decrescente,Céu Claro,Múltipla,Reta,Sim,0.0,0.0,2.0,2.0,2.0,0.0,3.0,4.0,SPRF-ES,DEL02-ES,UOP01-DEL02-ES,0,moderado
2025-10-11,22:00,2025-10-11 22:00:00,2025.0,10.0,sabado,22.0,noite,ES,CONCEICAO DA BARRA,False,101.0,BR-101,41.5,-18.510195,-39.9154433,Demais falhas mecânicas ou elétricas,Incêndio,Sem Vítimas,Plena Noite,Crescente,Céu Claro,Simples,Reta,Não,0.0,0.0,0.0,0.0,1.0,0.0,1.0,1.0,SPRF-ES,DEL04-ES,UOP02-DEL04-ES,0,baixo
2025-10-11,23:30,2025-10-11 23:30:00,2025.0,10.0,sabado,23.0,noite,ES,SERRA,True,101.0,BR-101,268.6,-20.214889,-40.2696864,Ausência de reação do condutor,Colisão com objeto,Com Vítimas Feridas,Plena Noite,Decrescente,Céu Claro,Múltipla,Reta,Não,0.0,0.0,2.0,2.0,0.0,0.0,1.0,2.0,SPRF-ES,DEL02-ES,UOP01-DEL02-ES,0,moderado
2025-10-12,02:15,2025-10-12 02:15:00,2025.0,10.0,domingo,2.0,madrugada,ES,SERRA,True,101.0,BR-101,260.9,-20.14650934,-40.28729349,Ausência de reação do condutor,Capotamento,Com Vítimas Fatais,Plena Noite,Decrescente,Nublado,Dupla,Reta,Não,1.0,1.0,1.0,2.0,0.0,0.0,1.0,3.0,SPRF-ES,DEL02-ES,UOP01-DEL02-ES,1,fatal
2025-10-12,15:57,2025-10-12 15:57:00,2025.0,10.0,domingo,15.0,tarde,ES,VIANA,True,262.0,BR-262,20.0,-20.37869945,-40.5081567,Reação tardia ou ineficiente do condutor,Engavetamento,Com Vítimas Feridas,Pleno dia,Crescente,Céu Claro,Simples,Reta,Não,0.0,0.0,1.0,1.0,3.0,0.0,3.0,4.0,SPRF-ES,DEL01-ES,UOP01-DEL01-ES,0,moderado
2025-10-12,17:34,2025-10-12 17:34:00,2025.0,10.0,domingo,17.0,tarde,ES,ARACRUZ,False,101.0,BR-101,190.0,-19.68766,-40.285613,Acessar a via sem observar a presença dos outros veículos,Queda de ocupante de veículo,Com Vítimas Feridas,Anoitecer,Crescente,Céu Claro,Simples,Curva,Não,0.0,0.0,1.0,1.0,0.0,0.0,1.0,1.0,SPRF-ES,DEL04-ES,UOP01-DEL04-ES,0,moderado
2025-10-12,17:49,2025-10-12 17:49:00,2025.0,10.0,domingo,17.0,tarde,ES,VIANA,True,262.0,BR-262,20.0,-20.386318,-40.496128,Acessar a via sem observar a presença dos outros veículos,Colisão transversal,Com Vítimas Feridas,Anoitecer,Decrescente,Céu Claro,Simples,Curva,Sim,0.0,1.0,0.0,1.0,2.0,0.0,2.0,3.0,SPRF-ES,DEL01-ES,UOP01-DEL01-ES,1,grave
2025-10-12,19:15,2025-10-12 19:15:00,2025.0,10.0,domingo,19.0,noite,ES,SAO MATEUS,False,101.0,BR-101,66.0,-18.71945,-39.86779,Reação tardia ou ineficiente do condutor,Saída de leito carroçável,Com Vítimas Feridas,Plena Noite,Decrescente,Céu Claro,Simples,Reta,Sim,0.0,0.0,1.0,1.0,0.0,0.0,1.0,1.0,SPRF-ES,DEL04-ES,UOP02-DEL04-ES,0,moderado
2025-10-13,07:40,2025-10-13 07:40:00,2025.0,10.0,segunda,7.0,manha,ES,FUNDAO,True,101.0,BR-101,230.9,-19.944287,-40.40667,Condutor deixou de manter distância do veículo da frente,Colisão traseira,Com Vítimas Feridas,Pleno dia,Decrescente,Céu Claro,Simples,Reta,Não,0.0,0.0,1.0,1.0,2.0,0.0,2.0,3.0,SPRF-ES,DEL02-ES,UOP01-DEL02-ES,0,moderado
2025-10-13,08:15,2025-10-13 08:15:00,2025.0,10.0,segunda,8.0,manha,ES,JOAO NEIVA,False,101.0,BR-101,204.8,-19.75602,-40.37992,Acessar a via sem observar a presença dos outros veículos,Colisão transversal,Com Vítimas Feridas,Pleno dia,Decrescente,Nublado,Simples,Reta;Rotatória,Sim,0.0,0.0,3.0,3.0,15.0,0.0,2.0,18.0,SPRF-ES,DEL02-ES,UOP01-DEL02-ES,0,moderado
2025-10-13,12:20,2025-10-13 12:20:00,2025.0,10.0,segunda,12.0,tarde,ES,CONCEICAO DO CASTELO,False,262.0,BR-262,126.4,-20.26774,-41.269357,Condutor Dormindo,Capotamento,Com Vítimas Feridas,Pleno dia,Decrescente,Céu Claro,Simples,Curva,Não,0.0,0.0,1.0,1.0,2.0,0.0,1.0,3.0,SPRF-ES,DEL01-ES,UOP02-DEL01-ES,0,moderado
2025-10-13,14:21,2025-10-13 14:21:00,2025.0,10.0,segunda,14.0,tarde,ES,MARECHAL FLORIANO,False,262.0,BR-262,47.5,-20.41235,-40.685858,Transitar na contramão,Colisão lateral sentido oposto,Com Vítimas Feridas,Pleno dia,Decrescente,Nublado,Simples,Reta,Não,0.0,2.0,0.0,2.0,0.0,0.0,2.0,2.0,SPRF-ES,DEL01-ES,UOP01-DEL01-ES,1,grave
2025-10-13,15:30,2025-10-13 15:30:00,2025.0,10.0,segunda,15.0,tarde,ES,VIANA,True,101.0,BR-101,304.5,-20.38254454,-40.45919411,Pista esburacada,Eventos atípicos,Com Vítimas Feridas,Pleno dia,Crescente,Céu Claro,Dupla,Reta,Não,0.0,1.0,0.0,1.0,0.0,3.0,2.0,4.0,SPRF-ES,DEL01-ES,UOP01-DEL01-ES,1,grave
2025-10-13,16:30,2025-10-13 16:30:00,2025.0,10.0,segunda,16.0,tarde,ES,SERRA,True,101.0,BR-101,275.0,-20.2081011,-40.3045303,Reação tardia ou ineficiente do condutor,Tombamento,Com Vítimas Feridas,Pleno dia,Crescente,Vento,Múltipla,Reta,Sim,0.0,0.0,1.0,1.0,0.0,0.0,1.0,1.0,SPRF-ES,DEL02-ES,UOP01-DEL02-ES,0,moderado
2025-10-13,20:15,2025-10-13 20:15:00,2025.0,10.0,segunda,20.0,noite,ES,RIO NOVO DO SUL,False,101.0,BR-101,395.0,-20.86608127,-40.93246132,Transitar no Acostamento,Atropelamento de Pedestre,Com Vítimas Feridas,Plena Noite,Crescente,Nublado,Simples,Reta,Sim,0.0,1.0,0.0,1.0,1.0,0.0,2.0,2.0,SPRF-ES,DEL03-ES,UOP02-DEL03-ES,1,grave
2025-10-14,07:40,2025-10-14 07:40:00,2025.0,10.0,terca,7.0,manha,ES,CARIACICA,True,101.0,BR-101,283.1,-20.23536632,-40.36964742,Pedestre cruzava a pista fora da faixa,Atropelamento de Pedestre,Com Vítimas Feridas,Pleno dia,Crescente,Nublado,Múltipla,Reta;Aclive,Não,0.0,0.0,1.0,1.0,0.0,1.0,2.0,2.0,SPRF-ES,DEL01-ES,UOP01-DEL01-ES,0,moderado
2025-10-14,11:00,2025-10-14 11:00:00,2025.0,10.0,terca,11.0,manha,ES,DOMINGOS MARTINS,False,262.0,BR-262,77.6,-20.411044,-40.920481,Ultrapassagem Indevida,Capotamento,Com Vítimas Feridas,Pleno dia,Decrescente,Nublado,Simples,Declive;Curva,Não,0.0,0.0,1.0,1.0,0.0,0.0,1.0,1.0,SPRF-ES,DEL01-ES,UOP02-DEL01-ES,0,moderado
2025-10-14,20:15,2025-10-14 20:15:00,2025.0,10.0,terca,20.0,noite,ES,VIANA,True,262.0,BR-262,26.8,-20.3823001,-40.5471223,Acumulo de água sobre o pavimento,Saída de leito carroçável,Com Vítimas Feridas,Plena Noite,Crescente,Chuva,Simples,Curva,Não,0.0,0.0,1.0,1.0,0.0,0.0,1.0,1.0,SPRF-ES,DEL01-ES,UOP01-DEL01-ES,0,moderado
2025-10-15,08:09,2025-10-15 08:09:00,2025.0,10.0,quarta,8.0,manha,ES,CARIACICA,True,101.0,BR-101,289.4,-20.28358962,-40.39295959,Manobra de mudança de faixa,Queda de ocupante de veículo,Com Vítimas Feridas,Pleno dia,Decrescente,Nublado,Dupla,Declive;Reta,Não,0.0,0.0,1.0,1.0,0.0,0.0,1.0,1.0,SPRF-ES,DEL01-ES,UOP01-DEL01-ES,0,moderado
2025-10-15,09:10,2025-10-15 09:10:00,2025.0,10.0,quarta,9.0,manha,ES,IUNA,False,262.0,BR-262,191.2,-20.3014441,-41.7463549,Reação tardia ou ineficiente do condutor,Colisão transversal,Com Vítimas Feridas,Pleno dia,Crescente,Sol,Simples,Declive;Reta,Não,0.0,1.0,1.0,2.0,0.0,0.0,2.0,2.0,SPRF-ES,DEL01-ES,UOP02-DEL01-ES,1,grave
2025-10-15,14:30,2025-10-15 14:30:00,2025.0,10.0,quarta,14.0,tarde,ES,LINHARES,False,101.0,BR-101,149.3,-19.400138,-40.061958,Velocidade Incompatível,Colisão traseira,Com Vítimas Feridas,Pleno dia,Crescente,Nublado,Dupla,Reta,Sim,0.0,1.0,0.0,1.0,4.0,0.0,2.0,5.0,SPRF-ES,DEL04-ES,UOP01-DEL04-ES,1,grave
2025-10-16,05:10,2025-10-16 05:10:00,2025.0,10.0,quinta,5.0,madrugada,ES,RIO NOVO DO SUL,False,101.0,BR-101,386.0,-20.84291023,-40.87323189,Ausência de reação do condutor,Saída de leito carroçável,Com Vítimas Feridas,Amanhecer,Crescente,Céu Claro,Simples,Reta,Não,0.0,0.0,1.0,1.0,0.0,0.0,1.0,1.0,SPRF-ES,DEL03-ES,UOP01-DEL03-ES,0,moderado
2025-10-16,08:11,2025-10-16 08:11:00,2025.0,10.0,quinta,8.0,manha,ES,ANCHIETA,False,101.0,BR-101,369.7,-20.76514704,-40.76073289,Velocidade Incompatível,Tombamento,Com Vítimas Feridas,Pleno dia,Crescente,Céu Claro,Simples,Curva,Não,0.0,0.0,1.0,1.0,0.0,0.0,1.0,1.0,SPRF-ES,DEL03-ES,UOP01-DEL03-ES,0,moderado
2025-10-16,11:55,2025-10-16 11:55:00,2025.0,10.0,quinta,11.0,manha,ES,LINHARES,False,101.0,BR-101,159.0,-19.470252,-40.111259,Transitar no Acostamento,Colisão transversal,Com Vítimas Feridas,Pleno dia,Decrescente,Nublado,Simples,Interseção de Vias,Não,0.0,1.0,0.0,1.0,1.0,0.0,2.0,2.0,SPRF-ES,DEL04-ES,UOP01-DEL04-ES,1,grave
2025-10-16,10:56,2025-10-16 10:56:00,2025.0,10.0,quinta,10.0,manha,ES,BAIXO GUANDU,False,259.0,BR-259,105.0,-19.52241495,-41.01220513,Ausência de reação do condutor,Tombamento,Com Vítimas Feridas,Pleno dia,Crescente,Sol,Simples,Reta,Não,0.0,0.0,1.0,1.0,0.0,0.0,1.0,1.0,SPRF-ES,DEL02-ES,UOP01-DEL02-ES,0,moderado
2025-10-16,17:20,2025-10-16 17:20:00,2025.0,10.0,quinta,17.0,tarde,ES,LINHARES,False,101.0,BR-101,144.2,-19.354274,-40.063756,Acessar a via sem observar a presença dos outros veículos,Colisão transversal,Com Vítimas Feridas,Pleno dia,Crescente,Céu Claro,Simples,Reta,Sim,0.0,0.0,1.0,1.0,0.0,1.0,2.0,2.0,SPRF-ES,DEL04-ES,UOP01-DEL04-ES,0,moderado
2025-10-16,20:00,2025-10-16 20:00:00,2025.0,10.0,quinta,20.0,noite,ES,MUNIZ FREIRE,False,262.0,BR-262,144.0,-20.2387985,-41.4038051,Acessar a via sem observar a presença dos outros veículos,Colisão transversal,Com Vítimas Feridas,Plena Noite,Decrescente,Céu Claro,Simples,Aclive;Reta,Não,0.0,0.0,1.0,1.0,2.0,1.0,2.0,4.0,SPRF-ES,DEL01-ES,UOP02-DEL01-ES,0,moderado
2025-10-17,02:00,2025-10-17 02:00:00,2025.0,10.0,sexta,2.0,madrugada,ES,CARIACICA,True,101.0,BR-101,294.6,-20.3292284,-40.398508,Velocidade Incompatível,Tombamento,Com Vítimas Feridas,Plena Noite,Crescente,Nublado,Dupla,Reta,Não,0.0,1.0,0.0,1.0,0.0,0.0,1.0,1.0,SPRF-ES,DEL01-ES,UOP01-DEL01-ES,1,grave
2025-10-17,06:13,2025-10-17 06:13:00,2025.0,10.0,sexta,6.0,manha,ES,GUARAPARI,True,101.0,BR-101,330.0,-20.59468327,-40.50275338,Acessar a via sem observar a presença dos outros veículos,Colisão transversal,Com Vítimas Fatais,Amanhecer,Crescente,Sol,Dupla,Curva,Sim,1.0,0.0,0.0,0.0,25.0,0.0,2.0,26.0,SPRF-ES,DEL03-ES,UOP01-DEL03-ES,1,fatal
2025-09-14,17:15,2025-09-14 17:15:00,2025.0,9.0,domingo,17.0,tarde,ES,SAO MATEUS,False,101.0,BR-101,68.3,-18.7187,-39.8549,Acessar a via sem observar a presença dos outros veículos,Queda de ocupante de veículo,Com Vítimas Feridas,Plena Noite,Crescente,Céu Claro,Simples,Aclive;Curva,Não,0.0,1.0,0.0,1.0,0.0,0.0,1.0,1.0,SPRF-ES,DEL04-ES,UOP02-DEL04-ES,1,grave
2025-10-17,13:55,2025-10-17 13:55:00,2025.0,10.0,sexta,13.0,tarde,ES,JAGUARE,False,101.0,BR-101,94.2,-18.93310734,-39.97285366,Acessar a via sem observar a presença dos outros veículos,Colisão transversal,Com Vítimas Feridas,Pleno dia,Decrescente,Céu Claro,Simples,Retorno Regulamentado;Declive,Sim,0.0,1.0,0.0,1.0,1.0,0.0,2.0,2.0,SPRF-ES,DEL04-ES,UOP02-DEL04-ES,1,grave
2025-10-01,10:27,2025-10-01 10:27:00,2025.0,10.0,quarta,10.0,manha,ES,SOORETAMA,False,101.0,BR-101,119.6,-19.17249308,-40.08912152,Condutor deixou de manter distância do veículo da frente,Colisão traseira,Com Vítimas Feridas,Pleno dia,Decrescente,Céu Claro,Simples,Reta,Não,0.0,1.0,1.0,2.0,1.0,0.0,2.0,3.0,SPRF-ES,DEL04-ES,UOP01-DEL04-ES,1,grave
2025-10-17,16:10,2025-10-17 16:10:00,2025.0,10.0,sexta,16.0,tarde,ES,SAO MATEUS,False,101.0,BR-101,68.0,-18.72191846,-39.86355398,Ausência de reação do condutor,Queda de ocupante de veículo,Com Vítimas Feridas,Pleno dia,Crescente,Céu Claro,Dupla,Reta,Sim,0.0,0.0,2.0,2.0,0.0,0.0,1.0,2.0,SPRF-ES,DEL04-ES,UOP02-DEL04-ES,0,moderado
2025-10-17,17:20,2025-10-17 17:20:00,2025.0,10.0,sexta,17.0,tarde,ES,SERRA,True,101.0,BR-101,270.2,-20.22856,-40.27161,Reação tardia ou ineficiente do condutor,Colisão lateral mesmo sentido,Com Vítimas Feridas,Anoitecer,Decrescente,Céu Claro,Múltipla,Interseção de Vias;Reta,Sim,0.0,0.0,1.0,1.0,1.0,0.0,2.0,2.0,SPRF-ES,DEL02-ES,UOP01-DEL02-ES,0,moderado
2025-10-17,18:00,2025-10-17 18:00:00,2025.0,10.0,sexta,18.0,noite,ES,LINHARES,False,101.0,BR-101,135.0,-19.31166607,-40.07897124,Condutor deixou de manter distância do veículo da frente,Colisão traseira,Com Vítimas Feridas,Plena Noite,Decrescente,Céu Claro,Dupla,Retorno Regulamentado;Reta,Sim,0.0,2.0,0.0,2.0,0.0,0.0,2.0,2.0,SPRF-ES,DEL04-ES,UOP01-DEL04-ES,1,grave
2025-10-17,19:35,2025-10-17 19:35:00,2025.0,10.0,sexta,19.0,noite,ES,IUNA,False,262.0,BR-262,186.8,-20.312895,-41.718533,Transitar no Acostamento,Atropelamento de Pedestre,Com Vítimas Feridas,Plena Noite,Decrescente,Céu Claro,Simples,Reta,Não,0.0,2.0,0.0,2.0,0.0,0.0,2.0,2.0,SPRF-ES,DEL01-ES,UOP02-DEL01-ES,1,grave
2025-10-17,19:30,2025-10-17 19:30:00,2025.0,10.0,sexta,19.0,noite,ES,SAO MATEUS,False,101.0,BR-101,57.0,-18.64257847,-39.87528563,Reação tardia ou ineficiente do condutor,Colisão com objeto,Sem Vítimas,Plena Noite,Crescente,Céu Claro,Simples,Reta,Não,0.0,0.0,0.0,0.0,0.0,1.0,1.0,1.0,SPRF-ES,DEL04-ES,UOP02-DEL04-ES,0,baixo
2025-10-18,05:50,2025-10-18 05:50:00,2025.0,10.0,sabado,5.0,madrugada,ES,SERRA,True,101.0,BR-101,266.4,-20.193505,-40.268465,Deficiência do Sistema de Iluminação/Sinalização,Colisão transversal,Com Vítimas Feridas,Amanhecer,Decrescente,Céu Claro,Múltipla,Reta,Sim,0.0,0.0,4.0,4.0,0.0,1.0,3.0,5.0,SPRF-ES,DEL02-ES,UOP01-DEL02-ES,0,moderado
2025-10-18,13:30,2025-10-18 13:30:00,2025.0,10.0,sabado,13.0,tarde,ES,LINHARES,False,101.0,BR-101,141.8,-19.33301231,-40.06849704,Condutor desrespeitou a iluminação vermelha do semáforo,Colisão transversal,Com Vítimas Feridas,Pleno dia,Crescente,Céu Claro,Múltipla,Interseção de Vias;Reta,Sim,0.0,0.0,1.0,1.0,0.0,1.0,2.0,2.0,SPRF-ES,DEL04-ES,UOP01-DEL04-ES,0,moderado
2025-10-18,16:00,2025-10-18 16:00:00,2025.0,10.0,sabado,16.0,tarde,ES,CARIACICA,True,101.0,BR-101,288.0,-20.273526,-40.39191,Acessar a via sem observar a presença dos outros veículos,Colisão transversal,Com Vítimas Feridas,Pleno dia,Crescente,Céu Claro,Dupla,Retorno Regulamentado;Curva,Sim,0.0,0.0,1.0,1.0,0.0,1.0,2.0,2.0,SPRF-ES,DEL01-ES,UOP01-DEL01-ES,0,moderado
2025-10-18,15:35,2025-10-18 15:35:00,2025.0,10.0,sabado,15.0,tarde,ES,SERRA,True,101.0,BR-101,251.0,-20.09135221,-40.34191489,Transitar no Acostamento,Tombamento,Com Vítimas Feridas,Pleno dia,Decrescente,Céu Claro,Simples,Interseção de Vias;Reta,Sim,0.0,0.0,2.0,2.0,0.0,0.0,1.0,2.0,SPRF-ES,DEL02-ES,UOP01-DEL02-ES,0,moderado
2025-10-18,20:00,2025-10-18 20:00:00,2025.0,10.0,sabado,20.0,noite,ES,SERRA,True,101.0,BR-101,274.5,-20.0488505,-40.3866982,Reação tardia ou ineficiente do condutor,Saída de leito carroçável,Com Vítimas Feridas,Plena Noite,Crescente,Céu Claro,Dupla,Reta,Não,0.0,1.0,0.0,1.0,0.0,0.0,1.0,1.0,SPRF-ES,DEL02-ES,UOP01-DEL02-ES,1,grave
2025-10-18,20:30,2025-10-18 20:30:00,2025.0,10.0,sabado,20.0,noite,ES,LINHARES,False,101.0,BR-101,136.6,-19.28982667,-40.086265,Reação tardia ou ineficiente do condutor,Colisão traseira,Sem Vítimas,Plena Noite,Crescente,Céu Claro,Simples,Reta,Não,0.0,0.0,0.0,0.0,1.0,1.0,2.0,2.0,SPRF-ES,DEL04-ES,UOP01-DEL04-ES,0,baixo
2025-10-19,02:20,2025-10-19 02:20:00,2025.0,10.0,domingo,2.0,madrugada,ES,LINHARES,False,101.0,BR-101,151.0,-19.41197171,-40.06611963,Ingestão de álcool pelo condutor,Colisão traseira,Com Vítimas Feridas,Plena Noite,Decrescente,Nublado,Simples,Reta;Ponte,Sim,0.0,0.0,1.0,1.0,0.0,1.0,2.0,2.0,SPRF-ES,DEL04-ES,UOP01-DEL04-ES,0,moderado
2025-10-19,07:50,2025-10-19 07:50:00,2025.0,10.0,domingo,7.0,manha,ES,RIO NOVO DO SUL,False,101.0,BR-101,396.6,-20.8706,-40.944,Velocidade Incompatível,Saída de leito carroçável,Com Vítimas Feridas,Pleno dia,Decrescente,Chuva,Simples,Reta,Não,0.0,0.0,2.0,2.0,0.0,0.0,1.0,2.0,SPRF-ES,DEL03-ES,UOP02-DEL03-ES,0,moderado
2025-10-19,07:00,2025-10-19 07:00:00,2025.0,10.0,domingo,7.0,manha,ES,CONCEICAO DA BARRA,False,101.0,BR-101,30.0,-18.45152205,-39.93126869,Ausência de reação do condutor,Tombamento,Com Vítimas Feridas,Pleno dia,Decrescente,Céu Claro,Simples,Reta,Não,0.0,0.0,1.0,1.0,1.0,0.0,1.0,2.0,SPRF-ES,DEL04-ES,UOP02-DEL04-ES,0,moderado
2025-10-19,14:45,2025-10-19 14:45:00,2025.0,10.0,domingo,14.0,tarde,ES,DOMINGOS MARTINS,False,262.0,BR-262,83.0,-20.34763807,-41.07270241,Chuva,Tombamento,Com Vítimas Feridas,Pleno dia,Crescente,Chuva,Simples,Curva,Não,0.0,1.0,1.0,2.0,0.0,0.0,1.0,2.0,SPRF-ES,DEL01-ES,UOP02-DEL01-ES,1,grave
2025-10-19,18:40,2025-10-19 18:40:00,2025.0,10.0,domingo,18.0,noite,ES,SERRA,True,101.0,BR-101,269.5,-20.2213618,-40.2705348,Ingestão de álcool pelo condutor,Colisão traseira,Com Vítimas Feridas,Plena Noite,Crescente,Nublado,Múltipla,Reta,Sim,0.0,0.0,3.0,3.0,1.0,0.0,3.0,4.0,SPRF-ES,DEL02-ES,UOP01-DEL02-ES,0,moderado
2025-10-20,04:30,2025-10-20 04:30:00,2025.0,10.0,segunda,4.0,madrugada,ES,GUARAPARI,True,101.0,BR-101,340.2,-20.64740276,-40.56667328,Chuva,Queda de ocupante de veículo,Com Vítimas Feridas,Amanhecer,Crescente,Chuva,Dupla,Aclive;Reta,Não,0.0,0.0,1.0,1.0,0.0,0.0,1.0,1.0,SPRF-ES,DEL03-ES,UOP01-DEL03-ES,0,moderado
2025-10-20,12:20,2025-10-20 12:20:00,2025.0,10.0,segunda,12.0,tarde,ES,IBIRACU,False,101.0,BR-101,215.9,-19.78760768,-40.36996562,Ausência de reação do condutor,Tombamento,Com Vítimas Feridas,Pleno dia,Decrescente,Garoa/Chuvisco,Simples,Reta,Não,0.0,0.0,1.0,1.0,0.0,0.0,1.0,1.0,SPRF-ES,DEL02-ES,UOP01-DEL02-ES,0,moderado