data,hora,data_hora,ano,mes,dia_semana,hora_dia,periodo_dia,uf,municipio,regiao_grande_vitoria,rodovia,rodovia_label,km,latitude,longitude,causa,tipo_acidente,classificacao,fase_dia,sentido_via,condicao_metereologica,tipo_pista,tracado_via,uso_solo,mortos,feridos_graves,feridos_leves,feridos,ilesos,ignorados,veiculos,pessoas,regional,delegacia,uop,risco_alto,nivel_risco
2025-10-20,14:20,2025-10-20 14:20:00,2025.0,10.0,segunda,14.0,tarde,ES,SOORETAMA,False,101.0,BR-101,125.8,-19.19171366,-40.09509802,Transitar na contramão,Colisão transversal,Com Vítimas Feridas,Pleno dia,Crescente,Nublado,Simples,Reta,Não,0.0,0.0,2.0,2.0,3.0,0.0,2.0,5.0,SPRF-ES,DEL04-ES,UOP01-DEL04-ES,0,moderado
2025-10-20,18:30,2025-10-20 18:30:00,2025.0,10.0,segunda,18.0,noite,ES,IRUPI,False,262.0,BR-262,183.4,-20.29636972,-41.7021857,Ultrapassagem Indevida,Colisão frontal,Com Vítimas Feridas,Plena Noite,Crescente,Chuva,Simples,Reta,Não,0.0,2.0,1.0,3.0,0.0,0.0,2.0,3.0,SPRF-ES,DEL01-ES,UOP02-DEL01-ES,1,grave
2025-10-20,18:20,2025-10-20 18:20:00,2025.0,10.0,segunda,18.0,noite,ES,SERRA,True,101.0,BR-101,255.9,-20.119687,-40.31002,Transitar na contramão,Colisão transversal,Com Vítimas Feridas,Plena Noite,Crescente,Nublado,Simples,Reta,Sim,0.0,1.0,0.0,1.0,3.0,0.0,3.0,4.0,SPRF-ES,DEL02-ES,UOP01-DEL02-ES,1,grave
2025-10-20,20:10,2025-10-20 20:10:00,2025.0,10.0,segunda,20.0,noite,ES,VIANA,True,262.0,BR-262,19.0,-20.39220586,-40.48957435,Desrespeitar a preferência no cruzamento,Colisão transversal,Com Vítimas Feridas,Plena Noite,Crescente,Nublado,Simples,Reta,Não,0.0,2.0,0.0,2.0,1.0,0.0,2.0,3.0,SPRF-ES,DEL01-ES,UOP01-DEL01-ES,1,grave
2025-10-21,10:50,2025-10-21 10:50:00,2025.0,10.0,terca,10.0,manha,ES,IRUPI,False,262.0,BR-262,185.7,-20.307208,-41.710345,Retorno proibido,Colisão transversal,Com Vítimas Feridas,Pleno dia,Crescente,Céu Claro,Simples,Reta,Não,0.0,2.0,0.0,2.0,2.0,0.0,2.0,4.0,SPRF-ES,DEL01-ES,UOP02-DEL01-ES,1,grave
2025-10-21,09:40,2025-10-21 09:40:00,2025.0,10.0,terca,9.0,manha,ES,SAO MATEUS,False,101.0,BR-101,61.0,-18.67786209,-39.86476986,Acessar a via sem observar a presença dos outros veículos,Colisão transversal,Com Vítimas Feridas,Pleno dia,Decrescente,Nublado,Simples,Interseção de Vias;Retorno Regulamentado;Reta,Sim,0.0,1.0,0.0,1.0,1.0,0.0,2.0,2.0,SPRF-ES,DEL04-ES,UOP02-DEL04-ES,1,grave
2025-10-21,10:10,2025-10-21 10:10:00,2025.0,10.0,terca,10.0,manha,ES,ANCHIETA,False,101.0,BR-101,366.8,-20.7415277,-40.7602704,Condutor Dormindo,Saída de leito carroçável,Com Vítimas Feridas,Pleno dia,Decrescente,Nublado,Simples,Em Obras;Reta,Não,0.0,1.0,0.0,1.0,0.0,0.0,1.0,1.0,SPRF-ES,DEL03-ES,UOP01-DEL03-ES,1,grave
2025-10-21,17:05,2025-10-21 17:05:00,2025.0,10.0,terca,17.0,tarde,ES,VILA VELHA,True,447.0,BR-447,15.3,-20.34258484,-40.32871842,Reação tardia ou ineficiente do condutor,Colisão lateral mesmo sentido,Com Vítimas Feridas,Anoitecer,Decrescente,Céu Claro,Dupla,Reta,Sim,0.0,0.0,1.0,1.0,1.0,0.0,2.0,2.0,SPRF-ES,DEL01-ES,UOP01-DEL01-ES,0,moderado
2025-10-21,18:45,2025-10-21 18:45:00,2025.0,10.0,terca,18.0,noite,ES,SERRA,True,101.0,BR-101,266.0,-20.19190908,-40.26824266,Ausência de reação do condutor,Tombamento,Com Vítimas Feridas,Plena Noite,Decrescente,Chuva,Dupla,Reta,Sim,0.0,0.0,1.0,1.0,0.0,0.0,1.0,1.0,SPRF-ES,DEL02-ES,UOP01-DEL02-ES,0,moderado
2025-10-22,07:02,2025-10-22 07:02:00,2025.0,10.0,quarta,7.0,manha,ES,SERRA,True,101.0,BR-101,268.0,-20.18959623,-40.26832223,Pedestre cruzava a pista fora da faixa,Atropelamento de Pedestre,Com Vítimas Feridas,Pleno dia,Crescente,Chuva,Dupla,Reta,Sim,0.0,0.0,3.0,3.0,0.0,0.0,2.0,3.0,SPRF-ES,DEL02-ES,UOP01-DEL02-ES,0,moderado
2025-10-22,08:43,2025-10-22 08:43:00,2025.0,10.0,quarta,8.0,manha,ES,SERRA,True,101.0,BR-101,269.0,-20.222233,-40.27047,Ausência de reação do condutor,Colisão traseira,Com Vítimas Feridas,Pleno dia,Crescente,Nublado,Dupla,Reta,Sim,0.0,2.0,0.0,2.0,0.0,1.0,2.0,3.0,SPRF-ES,DEL02-ES,UOP01-DEL02-ES,1,grave
2025-10-17,22:37,2025-10-17 22:37:00,2025.0,10.0,sexta,22.0,noite,ES,JAGUARE,False,101.0,BR-101,94.0,-18.9361585,-39.9744144,Condutor deixou de manter distância do veículo da frente,Colisão traseira,Sem Vítimas,Plena Noite,Crescente,Céu Claro,Simples,Reta,Sim,0.0,0.0,0.0,0.0,1.0,1.0,2.0,2.0,SPRF-ES,DEL04-ES,UOP02-DEL04-ES,0,baixo
2025-10-22,14:24,2025-10-22 14:24:00,2025.0,10.0,quarta,14.0,tarde,ES,IBIRACU,False,101.0,BR-101,224.0,-19.83841412,-40.38162231,Ultrapassagem Indevida,Colisão traseira,Com Vítimas Feridas,Pleno dia,Crescente,Garoa/Chuvisco,Simples,Reta,Não,0.0,0.0,1.0,1.0,4.0,0.0,4.0,5.0,SPRF-ES,DEL02-ES,UOP01-DEL02-ES,0,moderado
2025-10-22,16:45,2025-10-22 16:45:00,2025.0,10.0,quarta,16.0,tarde,ES,IBATIBA,False,262.0,BR-262,163.0,-20.2381,-41.54293,Acessar a via sem observar a presença dos outros veículos,Colisão transversal,Com Vítimas Feridas,Pleno dia,Decrescente,Céu Claro,Simples,Aclive;Reta,Não,0.0,0.0,2.0,2.0,1.0,0.0,2.0,3.0,SPRF-ES,DEL01-ES,UOP02-DEL01-ES,0,moderado
2025-10-22,17:30,2025-10-22 17:30:00,2025.0,10.0,quarta,17.0,tarde,ES,SERRA,True,101.0,BR-101,258.0,-20.1228943,-40.30535817,Acessar a via sem observar a presença dos outros veículos,Colisão transversal,Com Vítimas Feridas,Plena Noite,Crescente,Céu Claro,Dupla,Curva,Sim,0.0,0.0,1.0,1.0,1.0,0.0,2.0,2.0,SPRF-ES,DEL02-ES,UOP01-DEL02-ES,0,moderado
2025-10-22,18:50,2025-10-22 18:50:00,2025.0,10.0,quarta,18.0,noite,ES,SERRA,True,101.0,BR-101,265.0,-20.18985084,-40.26824506,Condutor desrespeitou a iluminação vermelha do semáforo,Colisão transversal,Com Vítimas Feridas,Plena Noite,Crescente,Céu Claro,Dupla,Interseção de Vias;Reta,Sim,0.0,0.0,3.0,3.0,0.0,0.0,2.0,3.0,SPRF-ES,DEL02-ES,UOP01-DEL02-ES,0,moderado
2025-10-22,20:12,2025-10-22 20:12:00,2025.0,10.0,quarta,20.0,noite,ES,PEDRO CANARIO,False,101.0,BR-101,15.0,-18.29048953,-39.95457172,Ausência de reação do condutor,Queda de ocupante de veículo,Com Vítimas Feridas,Plena Noite,Crescente,Nublado,Dupla,Reta,Sim,0.0,0.0,1.0,1.0,0.0,0.0,1.0,1.0,SPRF-ES,DEL04-ES,UOP02-DEL04-ES,0,moderado
2025-10-23,06:16,2025-10-23 06:16:00,2025.0,10.0,quinta,6.0,manha,ES,COLATINA,False,259.0,BR-259,62.0,-19.527663,-40.698471,Ausência de reação do condutor,Queda de ocupante de veículo,Com Vítimas Feridas,Pleno dia,Crescente,Chuva,Simples,Reta,Sim,0.0,0.0,1.0,1.0,0.0,0.0,1.0,1.0,SPRF-ES,DEL02-ES,UOP01-DEL02-ES,0,moderado
2025-09-21,16:30,2025-09-21 16:30:00,2025.0,9.0,domingo,16.0,tarde,ES,VITORIA,True,0.0,BR-0,0.0,-20.31855494,-40.30606834,Demais falhas mecânicas ou elétricas,Colisão com objeto,Sem Vítimas,Pleno dia,Não Informado,Céu Claro,Simples,Reta,Sim,0.0,0.0,0.0,0.0,1.0,3.0,3.0,4.0,SPRF-ES,,,0,baixo
2025-10-23,11:00,2025-10-23 11:00:00,2025.0,10.0,quinta,11.0,manha,ES,DOMINGOS MARTINS,False,262.0,BR-262,44.0,-20.38788703,-40.66829681,Desrespeitar a preferência no cruzamento,Colisão transversal,Com Vítimas Feridas,Pleno dia,Crescente,Nublado,Simples,Reta,Não,0.0,0.0,1.0,1.0,1.0,0.0,2.0,2.0,SPRF-ES,DEL01-ES,UOP01-DEL01-ES,0,moderado
2025-10-23,18:45,2025-10-23 18:45:00,2025.0,10.0,quinta,18.0,noite,ES,SERRA,True,101.0,BR-101,255.0,-20.11849082,-40.31272548,Transitar na contramão,Colisão frontal,Com Vítimas Feridas,Plena Noite,Crescente,Nublado,Simples,Reta,Sim,0.0,0.0,3.0,3.0,0.0,0.0,2.0,3.0,SPRF-ES,DEL02-ES,UOP01-DEL02-ES,0,moderado
2025-10-24,06:45,2025-10-24 06:45:00,2025.0,10.0,sexta,6.0,manha,ES,LINHARES,False,101.0,BR-101,152.0,-19.4199622,-40.0731277,Condutor deixou de manter distância do veículo da frente,Colisão traseira,Com Vítimas Feridas,Pleno dia,Crescente,Céu Claro,Simples,Reta,Não,0.0,0.0,1.0,1.0,1.0,0.0,2.0,2.0,SPRF-ES,DEL04-ES,UOP01-DEL04-ES,0,moderado
2025-10-24,07:20,2025-10-24 07:20:00,2025.0,10.0,sexta,7.0,manha,ES,LINHARES,False,101.0,BR-101,143.0,-19.33094074,-40.06996537,Manobra de mudança de faixa,Colisão lateral mesmo sentido,Com Vítimas Feridas,Pleno dia,Decrescente,Céu Claro,Múltipla,Reta,Sim,0.0,0.0,1.0,1.0,1.0,0.0,2.0,2.0,SPRF-ES,DEL04-ES,UOP01-DEL04-ES,0,moderado
2025-10-24,08:30,2025-10-24 08:30:00,2025.0,10.0,sexta,8.0,manha,ES,CARIACICA,True,101.0,BR-101,288.0,-20.27912784,-40.39274502,Acessar a via sem observar a presença dos outros veículos,Colisão transversal,Com Vítimas Feridas,Pleno dia,Decrescente,Céu Claro,Dupla,Retorno Regulamentado,Não,0.0,1.0,0.0,1.0,0.0,1.0,2.0,2.0,SPRF-ES,DEL01-ES,UOP01-DEL01-ES,1,grave
2025-10-18,20:12,2025-10-18 20:12:00,2025.0,10.0,sabado,20.0,noite,ES,VENDA NOVA DO IMIGRANTE,False,262.0,BR-262,112.0,-20.328458,-41.206355,Reação tardia ou ineficiente do condutor,Colisão traseira,Com Vítimas Feridas,Plena Noite,Crescente,Nublado,Simples,Reta,Não,0.0,2.0,0.0,2.0,0.0,0.0,2.0,2.0,SPRF-ES,DEL01-ES,UOP02-DEL01-ES,1,grave
2025-10-24,18:20,2025-10-24 18:20:00,2025.0,10.0,sexta,18.0,noite,ES,LINHARES,False,101.0,BR-101,146.0,-19.377415,-40.066177,Trafegar com motocicleta (ou similar) entre as faixas,Colisão lateral mesmo sentido,Com Vítimas Feridas,Plena Noite,Decrescente,Céu Claro,Simples,Reta,Sim,0.0,1.0,0.0,1.0,2.0,0.0,2.0,3.0,SPRF-ES,DEL04-ES,UOP01-DEL04-ES,1,grave
2025-10-24,23:45,2025-10-24 23:45:00,2025.0,10.0,sexta,23.0,noite,ES,VIANA,True,262.0,BR-262,17.0,-20.3882908,-40.4769436,Ausência de reação do condutor,Colisão traseira,Com Vítimas Feridas,Plena Noite,Crescente,Céu Claro,Simples,Reta,Sim,0.0,0.0,1.0,1.0,1.0,0.0,2.0,2.0,SPRF-ES,DEL01-ES,UOP01-DEL01-ES,0,moderado
2025-10-25,09:35,2025-10-25 09:35:00,2025.0,10.0,sabado,9.0,manha,ES,ITAPEMIRIM,False,101.0,BR-101,416.3,-20.95134031,-41.09049797,Ultrapassagem Indevida,Colisão frontal,Com Vítimas Feridas,Pleno dia,Crescente,Nublado,Simples,Reta,Não,0.0,0.0,2.0,2.0,1.0,0.0,2.0,3.0,SPRF-ES,DEL03-ES,UOP02-DEL03-ES,0,moderado
2025-10-25,11:50,2025-10-25 11:50:00,2025.0,10.0,sabado,11.0,manha,ES,SAO MATEUS,False,101.0,BR-101,64.0,-18.704061,-39.869205,Ultrapassagem Indevida,Colisão frontal,Com Vítimas Feridas,Pleno dia,Crescente,Chuva,Simples,Curva,Não,0.0,1.0,1.0,2.0,2.0,0.0,3.0,4.0,SPRF-ES,DEL04-ES,UOP02-DEL04-ES,1,grave
2025-10-25,14:30,2025-10-25 14:30:00,2025.0,10.0,sabado,14.0,tarde,ES,SERRA,True,101.0,BR-101,266.0,-20.19546,-40.268828,Ingestão de álcool pelo condutor,Colisão traseira,Com Vítimas Feridas,Pleno dia,Crescente,Chuva,Múltipla,Reta;Retorno Regulamentado,Sim,0.0,0.0,1.0,1.0,1.0,1.0,3.0,3.0,SPRF-ES,DEL02-ES,UOP01-DEL02-ES,0,moderado
2025-10-25,16:30,2025-10-25 16:30:00,2025.0,10.0,sabado,16.0,tarde,ES,LINHARES,False,101.0,BR-101,148.0,-19.40024101,-40.06226671,Condutor deixou de manter distância do veículo da frente,Colisão traseira,Com Vítimas Feridas,Pleno dia,Crescente,Céu Claro,Dupla,Reta,Sim,0.0,0.0,1.0,1.0,2.0,0.0,2.0,3.0,SPRF-ES,DEL04-ES,UOP01-DEL04-ES,0,moderado
2025-10-25,17:30,2025-10-25 17:30:00,2025.0,10.0,sabado,17.0,tarde,ES,LINHARES,False,101.0,BR-101,145.8,-19.36853149,-40.06515639,Condutor deixou de manter distância do veículo da frente,Colisão traseira,Com Vítimas Feridas,Plena Noite,Decrescente,Chuva,Dupla,Reta,Não,0.0,0.0,1.0,1.0,2.0,0.0,2.0,3.0,SPRF-ES,DEL04-ES,UOP01-DEL04-ES,0,moderado
2025-10-25,20:10,2025-10-25 20:10:00,2025.0,10.0,sabado,20.0,noite,ES,SERRA,True,101.0,BR-101,281.8,-20.22630151,-40.36355495,Reação tardia ou ineficiente do condutor,Colisão com objeto,Com Vítimas Feridas,Plena Noite,Crescente,Garoa/Chuvisco,Múltipla,Reta;Ponte,Não,0.0,0.0,2.0,2.0,0.0,0.0,1.0,2.0,SPRF-ES,DEL02-ES,UOP01-DEL02-ES,0,moderado
2025-10-25,18:10,2025-10-25 18:10:00,2025.0,10.0,sabado,18.0,noite,ES,CACHOEIRO DE ITAPEMIRIM,False,393.0,BR-393,4.0,-20.8233876,-41.1833731,Reação tardia ou ineficiente do condutor,Saída de leito carroçável,Com Vítimas Feridas,Plena Noite,Crescente,Nublado,Simples,Curva,Não,0.0,1.0,0.0,1.0,0.0,0.0,1.0,1.0,SPRF-ES,DEL03-ES,UOP02-DEL03-ES,1,grave
2025-10-26,03:30,2025-10-26 03:30:00,2025.0,10.0,domingo,3.0,madrugada,ES,IBATIBA,False,262.0,BR-262,157.5,-20.231458,-41.495458,Reação tardia ou ineficiente do condutor,Colisão lateral sentido oposto,Sem Vítimas,Plena Noite,Crescente,Nublado,Simples,Curva,Sim,0.0,0.0,0.0,0.0,2.0,0.0,2.0,2.0,SPRF-ES,DEL01-ES,UOP02-DEL01-ES,0,baixo
2025-10-26,07:50,2025-10-26 07:50:00,2025.0,10.0,domingo,7.0,manha,ES,MARECHAL FLORIANO,False,262.0,BR-262,64.0,-20.418009,-40.815931,Reação tardia ou ineficiente do condutor,Saída de leito carroçável,Com Vítimas Feridas,Pleno dia,Crescente,Céu Claro,Simples,Curva,Não,0.0,0.0,1.0,1.0,0.0,0.0,1.0,1.0,SPRF-ES,DEL01-ES,UOP02-DEL01-ES,0,moderado
2025-10-26,15:13,2025-10-26 15:13:00,2025.0,10.0,domingo,15.0,tarde,ES,COLATINA,False,259.0,BR-259,34.0,-19.5193853,-40.59597748,Transitar na contramão,Colisão frontal,Com Vítimas Feridas,Pleno dia,Crescente,Céu Claro,Simples,Reta,Não,0.0,0.0,1.0,1.0,1.0,0.0,2.0,2.0,SPRF-ES,DEL02-ES,UOP01-DEL02-ES,0,moderado
2025-10-26,17:55,2025-10-26 17:55:00,2025.0,10.0,domingo,17.0,tarde,ES,VITORIA,True,101.0,BR-101,268.5,-20.213741,-40.2697,Condutor deixou de manter distância do veículo da frente,Colisão traseira,Com Vítimas Feridas,Plena Noite,Decrescente,Nublado,Múltipla,Reta,Sim,0.0,0.0,1.0,1.0,1.0,0.0,2.0,2.0,SPRF-ES,DEL02-ES,UOP01-DEL02-ES,0,moderado
2025-10-26,19:20,2025-10-26 19:20:00,2025.0,10.0,domingo,19.0,noite,ES,ITAPEMIRIM,False,101.0,BR-101,401.0,-20.88135236,-40.97499702,Reação tardia ou ineficiente do condutor,Colisão lateral mesmo sentido,Com Vítimas Feridas,Plena Noite,Crescente,Céu Claro,Simples,Reta,Não,0.0,0.0,1.0,1.0,0.0,0.0,1.0,1.0,SPRF-ES,DEL03-ES,UOP02-DEL03-ES,0,moderado
2025-10-26,19:45,2025-10-26 19:45:00,2025.0,10.0,domingo,19.0,noite,ES,JOAO NEIVA,False,259.0,BR-259,24.0,-19.68267719,-40.39260864,Acessar a via sem observar a presença dos outros veículos,Colisão frontal,Com Vítimas Feridas,Pleno dia,Crescente,Céu Claro,Simples,Reta,Não,0.0,2.0,0.0,2.0,1.0,0.0,2.0,3.0,SPRF-ES,DEL02-ES,UOP01-DEL02-ES,1,grave
2025-10-26,20:58,2025-10-26 20:58:00,2025.0,10.0,domingo,20.0,noite,ES,SERRA,True,101.0,BR-101,276.0,-20.20759142,-40.30764773,Afundamento ou ondulação no pavimento,Tombamento,Com Vítimas Feridas,Plena Noite,Decrescente,Céu Claro,Dupla,Reta,Não,0.0,0.0,1.0,1.0,1.0,0.0,1.0,2.0,SPRF-ES,DEL02-ES,UOP01-DEL02-ES,0,moderado
2025-10-26,22:20,2025-10-26 22:20:00,2025.0,10.0,domingo,22.0,noite,ES,IBIRACU,False,101.0,BR-101,217.0,-19.85418282,-40.38219521,Animais na Pista,Atropelamento de Animal,Com Vítimas Feridas,Plena Noite,Crescente,Céu Claro,Dupla,Aclive;Curva,Não,0.0,0.0,1.0,1.0,1.0,0.0,1.0,2.0,SPRF-ES,DEL02-ES,UOP01-DEL02-ES,0,moderado
2025-10-12,19:00,2025-10-12 19:00:00,2025.0,10.0,domingo,19.0,noite,ES,LINHARES,False,101.0,BR-101,146.0,-19.373014,-40.065606,Manobra de mudança de faixa,Colisão traseira,Com Vítimas Feridas,Plena Noite,Crescente,Céu Claro,Dupla,Reta,Sim,0.0,0.0,2.0,2.0,0.0,2.0,3.0,4.0,SPRF-ES,DEL04-ES,UOP01-DEL04-ES,0,moderado
2025-10-27,10:55,2025-10-27 10:55:00,2025.0,10.0,segunda,10.0,manha,ES,SOORETAMA,False,101.0,BR-101,129.3,-19.2243819,-40.09323615,Ingestão de álcool pelo condutor,Colisão traseira,Com Vítimas Feridas,Pleno dia,Crescente,Céu Claro,Simples,Reta,Não,0.0,0.0,1.0,1.0,1.0,0.0,2.0,2.0,SPRF-ES,DEL04-ES,UOP01-DEL04-ES,0,moderado
2025-10-27,22:10,2025-10-27 22:10:00,2025.0,10.0,segunda,22.0,noite,ES,SOORETAMA,False,101.0,BR-101,127.0,-19.20841602,-40.09491253,Velocidade Incompatível,Tombamento,Com Vítimas Feridas,Plena Noite,Crescente,Céu Claro,Múltipla,Reta;Aclive,Não,0.0,1.0,0.0,1.0,1.0,0.0,2.0,2.0,SPRF-ES,DEL04-ES,UOP01-DEL04-ES,1,grave
2025-10-28,08:24,2025-10-28 08:24:00,2025.0,10.0,terca,8.0,manha,ES,VIANA,True,101.0,BR-101,299.7,-20.35799609,-40.43161511,Reação tardia ou ineficiente do condutor,Tombamento,Com Vítimas Feridas,Pleno dia,Crescente,Céu Claro,Múltipla,Curva,Sim,0.0,0.0,1.0,1.0,0.0,0.0,1.0,1.0,SPRF-ES,DEL01-ES,UOP01-DEL01-ES,0,moderado
2025-10-28,08:30,2025-10-28 08:30:00,2025.0,10.0,terca,8.0,manha,ES,LINHARES,False,101.0,BR-101,162.0,-19.49787547,-40.13057573,Acessar a via sem observar a presença dos outros veículos,Colisão transversal,Com Vítimas Feridas,Pleno dia,Crescente,Céu Claro,Simples,Interseção de Vias;Reta,Não,0.0,0.0,1.0,1.0,1.0,0.0,2.0,2.0,SPRF-ES,DEL04-ES,UOP01-DEL04-ES,0,moderado
2025-10-29,08:33,2025-10-29 08:33:00,2025.0,10.0,quarta,8.0,manha,ES,VIANA,True,101.0,BR-101,297.7,-20.350743,-40.412927,Ausência de reação do condutor,Tombamento,Com Vítimas Feridas,Pleno dia,Decrescente,Céu Claro,Dupla,Reta,Sim,0.0,0.0,1.0,1.0,2.0,0.0,2.0,3.0,SPRF-ES,DEL01-ES,UOP01-DEL01-ES,0,moderado
2025-10-29,13:50,2025-10-29 13:50:00,2025.0,10.0,quarta,13.0,tarde,ES,SERRA,True,101.0,BR-101,273.9,-20.2128064,-40.2960451,Acessar a via sem observar a presença dos outros veículos,Tombamento,Com Vítimas Feridas,Pleno dia,Crescente,Sol,Dupla,Interseção de Vias;Reta;Declive,Sim,0.0,0.0,2.0,2.0,0.0,0.0,1.0,2.0,SPRF-ES,DEL02-ES,UOP01-DEL02-ES,0,moderado
2025-10-29,19:35,2025-10-29 19:35:00,2025.0,10.0,quarta,19.0,noite,ES,SOORETAMA,False,101.0,BR-101,127.2,-19.2018855,-40.0958031,Reação tardia ou ineficiente do condutor,Tombamento,Com Vítimas Feridas,Plena Noite,Crescente,Céu Claro,Dupla,Declive,Não,0.0,0.0,1.0,1.0,0.0,0.0,1.0,1.0,SPRF-ES,DEL04-ES,UOP01-DEL04-ES,0,moderado
2025-10-30,04:50,2025-10-30 04:50:00,2025.0,10.0,quinta,4.0,madrugada,ES,SERRA,True,101.0,BR-101,270.0,-20.2299848,-40.2726369,Ausência de reação do condutor,Colisão com objeto,Com Vítimas Feridas,Amanhecer,Decrescente,Céu Claro,Dupla,Interseção de Vias;Reta,Sim,0.0,0.0,2.0,2.0,0.0,0.0,1.0,2.0,SPRF-ES,DEL02-ES,UOP01-DEL02-ES,0,moderado
2025-10-30,13:00,2025-10-30 13:00:00,2025.0,10.0,quinta,13.0,tarde,ES,IBIRACU,False,101.0,BR-101,213.0,-19.83004487,-40.37300649,Acessar a via sem observar a presença dos outros veículos,Colisão transversal,Com Vítimas Feridas,Pleno dia,Decrescente,Céu Claro,Dupla,Interseção de Vias,Não,0.0,0.0,2.0,2.0,1.0,0.0,2.0,3.0,SPRF-ES,DEL02-ES,UOP01-DEL02-ES,0,moderado
2025-10-30,13:40,2025-10-30 13:40:00,2025.0,10.0,quinta,13.0,tarde,ES,CARIACICA,True,101.0,BR-101,289.0,-20.23841821,-40.44598326,Reação tardia ou ineficiente do condutor,Incêndio,Com Vítimas Feridas,Pleno dia,Crescente,Céu Claro,Dupla,Reta,Não,0.0,0.0,1.0,1.0,2.0,0.0,3.0,3.0,SPRF-ES,DEL01-ES,UOP01-DEL01-ES,0,moderado
2025-10-30,16:50,2025-10-30 16:50:00,2025.0,10.0,quinta,16.0,tarde,ES,SAO MATEUS,False,101.0,BR-101,87.0,-18.87613475,-39.94546143,Mal súbito do condutor,Colisão traseira,Com Vítimas Feridas,Pleno dia,Decrescente,Céu Claro,Simples,Reta;Aclive,Não,0.0,0.0,4.0,4.0,1.0,0.0,2.0,5.0,SPRF-ES,DEL04-ES,UOP02-DEL04-ES,0,moderado
2025-10-30,21:20,2025-10-30 21:20:00,2025.0,10.0,quinta,21.0,noite,ES,VIANA,True,262.0,BR-262,26.0,-20.38249102,-40.54827332,Demais falhas mecânicas ou elétricas,Incêndio,Sem Vítimas,Plena Noite,Crescente,Chuva,Simples,Reta,Não,0.0,0.0,0.0,0.0,1.0,0.0,1.0,1.0,SPRF-ES,DEL01-ES,UOP01-DEL01-ES,0,baixo
2025-10-20,07:40,2025-10-20 07:40:00,2025.0,10.0,segunda,7.0,manha,ES,DOMINGOS MARTINS,False,262.0,BR-262,97.0,-20.360803,-41.075352,Conversão proibida,Colisão lateral mesmo sentido,Com Vítimas Feridas,Pleno dia,Crescente,Nublado,Simples,Reta,Não,0.0,1.0,4.0,5.0,3.0,0.0,2.0,8.0,SPRF-ES,DEL01-ES,UOP02-DEL01-ES,1,grave
2025-08-04,01:30,2025-08-04 01:30:00,2025.0,8.0,segunda,1.0,madrugada,ES,SERRA,True,101.0,BR-101,262.0,-20.173115,-40.26732167,Desrespeitar a preferência no cruzamento,Colisão transversal,Com Vítimas Feridas,Plena Noite,Crescente,Céu Claro,Dupla,Interseção de Vias;Reta,Não,0.0,1.0,0.0,1.0,1.0,0.0,2.0,2.0,SPRF-ES,DEL02-ES,UOP01-DEL02-ES,1,grave
2025-10-31,11:25,2025-10-31 11:25:00,2025.0,10.0,sexta,11.0,manha,ES,LINHARES,False,101.0,BR-101,145.1,-19.3587967,-40.0646779,Velocidade Incompatível,Tombamento,Com Vítimas Feridas,Pleno dia,Crescente,Nublado,Múltipla,Reta,Não,0.0,0.0,1.0,1.0,0.0,0.0,1.0,1.0,SPRF-ES,DEL04-ES,UOP01-DEL04-ES,0,moderado
2025-10-31,13:50,2025-10-31 13:50:00,2025.0,10.0,sexta,13.0,tarde,ES,SERRA,True,101.0,BR-101,265.0,-20.18060213,-40.26498377,Reação tardia ou ineficiente do condutor,Colisão traseira,Com Vítimas Feridas,Pleno dia,Crescente,Garoa/Chuvisco,Dupla,Reta,Sim,0.0,1.0,0.0,1.0,1.0,0.0,2.0,2.0,SPRF-ES,DEL02-ES,UOP01-DEL02-ES,1,grave
2025-10-31,13:50,2025-10-31 13:50:00,2025.0,10.0,sexta,13.0,tarde,ES,CARIACICA,True,101.0,BR-101,292.0,-20.30884804,-40.39481375,Acessar a via sem observar a presença dos outros veículos,Colisão transversal,Com Vítimas Feridas,Pleno dia,Crescente,Sol,Dupla,Reta,Não,0.0,0.0,1.0,1.0,2.0,0.0,2.0,3.0,SPRF-ES,DEL01-ES,UOP01-DEL01-ES,0,moderado
2025-08-20,10:30,2025-08-20 10:30:00,2025.0,8.0,quarta,10.0,manha,ES,VENDA NOVA DO IMIGRANTE,False,262.0,BR-262,107.0,-20.32974516,-41.15283821,Ausência de reação do condutor,Colisão transversal,Com Vítimas Feridas,Pleno dia,Crescente,Sol,Simples,Reta,Sim,0.0,1.0,0.0,1.0,1.0,0.0,2.0,2.0,SPRF-ES,DEL01-ES,UOP02-DEL01-ES,1,grave
2025-10-31,13:50,2025-10-31 13:50:00,2025.0,10.0,sexta,13.0,tarde,ES,DOMINGOS MARTINS,False,262.0,BR-262,39.9,-20.38389901,-40.6357011,Curva acentuada,Colisão transversal,Com Vítimas Feridas,Pleno dia,Crescente,Chuva,Simples,Curva;Declive,Não,0.0,0.0,1.0,1.0,3.0,0.0,2.0,4.0,SPRF-ES,DEL01-ES,UOP01-DEL01-ES,0,moderado