data,hora,data_hora,ano,mes,dia_semana,hora_dia,periodo_dia,uf,municipio,regiao_grande_vitoria,rodovia,rodovia_label,km,latitude,longitude,causa,tipo_acidente,classificacao,fase_dia,sentido_via,condicao_metereologica,tipo_pista,tracado_via,uso_solo,mortos,feridos_graves,feridos_leves,feridos,ilesos,ignorados,veiculos,pessoas,regional,delegacia,uop,risco_alto,nivel_risco
2025-10-31,18:30,2025-10-31 18:30:00,2025.0,10.0,sexta,18.0,noite,ES,VIANA,True,101.0,BR-101,299.0,-20.35768331,-40.42706719,Manobra de mudança de faixa,Queda de ocupante de veículo,Com Vítimas Feridas,Plena Noite,Decrescente,Céu Claro,Dupla,Curva,Sim,0.0,0.0,1.0,1.0,0.0,1.0,2.0,2.0,SPRF-ES,DEL01-ES,UOP01-DEL01-ES,0,moderado
2025-11-01,07:00,2025-11-01 07:00:00,2025.0,11.0,sabado,7.0,manha,ES,LINHARES,False,101.0,BR-101,140.5,-19.32258038,-40.07363725,Demais falhas mecânicas ou elétricas,Incêndio,Sem Vítimas,Pleno dia,Crescente,Céu Claro,Múltipla,Reta;Aclive,Sim,0.0,0.0,0.0,0.0,1.0,0.0,1.0,1.0,SPRF-ES,DEL04-ES,UOP01-DEL04-ES,0,baixo
2025-11-01,07:15,2025-11-01 07:15:00,2025.0,11.0,sabado,7.0,manha,ES,LINHARES,False,101.0,BR-101,148.4,-19.392214,-40.0665229,Condutor deixou de manter distância do veículo da frente,Colisão traseira,Com Vítimas Feridas,Pleno dia,Decrescente,Céu Claro,Múltipla,Reta,Sim,0.0,0.0,2.0,2.0,1.0,0.0,2.0,3.0,SPRF-ES,DEL04-ES,UOP01-DEL04-ES,0,moderado
2025-11-01,07:00,2025-11-01 07:00:00,2025.0,11.0,sabado,7.0,manha,ES,SERRA,True,101.0,BR-101,270.0,-20.23067133,-40.27337852,Condutor desrespeitou a iluminação vermelha do semáforo,Atropelamento de Pedestre,Com Vítimas Feridas,Pleno dia,Crescente,Céu Claro,Simples,Reta,Não,0.0,0.0,1.0,1.0,0.0,1.0,2.0,2.0,SPRF-ES,DEL02-ES,UOP01-DEL02-ES,0,moderado
2025-11-01,15:30,2025-11-01 15:30:00,2025.0,11.0,sabado,15.0,tarde,ES,SAO MATEUS,False,101.0,BR-101,65.0,-18.714378,-39.877271,Reação tardia ou ineficiente do condutor,Tombamento,Com Vítimas Feridas,Pleno dia,Crescente,Céu Claro,Simples,Reta,Sim,0.0,0.0,1.0,1.0,0.0,1.0,2.0,2.0,SPRF-ES,DEL04-ES,UOP02-DEL04-ES,0,moderado
2025-11-01,16:30,2025-11-01 16:30:00,2025.0,11.0,sabado,16.0,tarde,ES,ITAPEMIRIM,False,101.0,BR-101,399.6,-20.8785333,-40.9660825,Acessar a via sem observar a presença dos outros veículos,Colisão lateral mesmo sentido,Com Vítimas Feridas,Anoitecer,Crescente,Nublado,Simples,Reta,Não,0.0,0.0,2.0,2.0,0.0,0.0,2.0,2.0,SPRF-ES,DEL03-ES,UOP02-DEL03-ES,0,moderado
2025-11-01,19:40,2025-11-01 19:40:00,2025.0,11.0,sabado,19.0,noite,ES,CARIACICA,True,101.0,BR-101,296.0,-20.3383642,-40.4025451,Reação tardia ou ineficiente do condutor,Colisão traseira,Com Vítimas Feridas,Plena Noite,Decrescente,Céu Claro,Dupla,Reta,Sim,0.0,1.0,0.0,1.0,3.0,0.0,2.0,4.0,SPRF-ES,DEL01-ES,UOP01-DEL01-ES,1,grave
2025-11-02,02:00,2025-11-02 02:00:00,2025.0,11.0,domingo,2.0,madrugada,ES,IBIRACU,False,101.0,BR-101,213.0,-19.83003744,-40.37261009,Demais falhas mecânicas ou elétricas,Incêndio,Sem Vítimas,Plena Noite,Crescente,Nublado,Simples,Reta,Não,0.0,0.0,0.0,0.0,0.0,1.0,1.0,1.0,SPRF-ES,DEL02-ES,UOP01-DEL02-ES,0,baixo
2025-11-02,10:30,2025-11-02 10:30:00,2025.0,11.0,domingo,10.0,manha,ES,CARIACICA,True,101.0,BR-101,282.8,-20.23468336,-40.36946571,Transitar na contramão,Colisão lateral sentido oposto,Com Vítimas Feridas,Pleno dia,Crescente,Céu Claro,Dupla,Declive,Não,0.0,1.0,1.0,2.0,0.0,0.0,2.0,2.0,SPRF-ES,DEL01-ES,UOP01-DEL01-ES,1,grave
2025-11-02,13:10,2025-11-02 13:10:00,2025.0,11.0,domingo,13.0,tarde,ES,MARECHAL FLORIANO,False,262.0,BR-262,59.0,-20.41086951,-40.67757575,Condutor deixou de manter distância do veículo da frente,Colisão traseira,Com Vítimas Feridas,Pleno dia,Decrescente,Chuva,Simples,Reta,Sim,0.0,0.0,1.0,1.0,2.0,0.0,2.0,3.0,SPRF-ES,DEL01-ES,UOP01-DEL01-ES,0,moderado
2025-11-02,14:50,2025-11-02 14:50:00,2025.0,11.0,domingo,14.0,tarde,ES,LINHARES,False,101.0,BR-101,145.7,-19.36126545,-40.0646052,Acessar a via sem observar a presença dos outros veículos,Colisão transversal,Com Vítimas Feridas,Pleno dia,Decrescente,Céu Claro,Simples,Reta,Sim,0.0,1.0,0.0,1.0,0.0,1.0,2.0,2.0,SPRF-ES,DEL04-ES,UOP01-DEL04-ES,1,grave
2025-11-02,17:55,2025-11-02 17:55:00,2025.0,11.0,domingo,17.0,tarde,ES,FUNDAO,True,101.0,BR-101,228.1,-19.924925,-40.406535,Reação tardia ou ineficiente do condutor,Tombamento,Com Vítimas Feridas,Plena Noite,Crescente,Céu Claro,Simples,Reta,Não,0.0,1.0,1.0,2.0,1.0,0.0,2.0,3.0,SPRF-ES,DEL02-ES,UOP01-DEL02-ES,1,grave
2025-11-02,19:00,2025-11-02 19:00:00,2025.0,11.0,domingo,19.0,noite,ES,VIANA,True,262.0,BR-262,19.9,-20.386523,-40.496017,Acessar a via sem observar a presença dos outros veículos,Colisão transversal,Com Vítimas Feridas,Plena Noite,Crescente,Céu Claro,Simples,Curva,Sim,0.0,0.0,5.0,5.0,0.0,0.0,3.0,5.0,SPRF-ES,DEL01-ES,UOP01-DEL01-ES,0,moderado
2025-11-02,20:40,2025-11-02 20:40:00,2025.0,11.0,domingo,20.0,noite,ES,SAO MATEUS,False,101.0,BR-101,65.0,-18.71872577,-39.86930816,Ausência de reação do condutor,Colisão lateral mesmo sentido,Sem Vítimas,Plena Noite,Decrescente,Céu Claro,Dupla,Reta,Sim,0.0,0.0,0.0,0.0,3.0,1.0,3.0,4.0,SPRF-ES,DEL04-ES,UOP02-DEL04-ES,0,baixo
2025-11-02,19:00,2025-11-02 19:00:00,2025.0,11.0,domingo,19.0,noite,ES,SAO MATEUS,False,101.0,BR-101,65.0,-18.72167253,-39.86316053,Ausência de reação do condutor,Tombamento,Com Vítimas Feridas,Plena Noite,Decrescente,Céu Claro,Dupla,Retorno Regulamentado,Sim,0.0,0.0,1.0,1.0,0.0,0.0,1.0,1.0,SPRF-ES,DEL04-ES,UOP02-DEL04-ES,0,moderado
2025-11-03,06:00,2025-11-03 06:00:00,2025.0,11.0,segunda,6.0,manha,ES,MARECHAL FLORIANO,False,262.0,BR-262,51.0,-20.4136603,-40.7150185,Ausência de reação do condutor,Queda de ocupante de veículo,Com Vítimas Feridas,Pleno dia,Crescente,Céu Claro,Simples,Reta,Não,0.0,0.0,2.0,2.0,0.0,0.0,1.0,2.0,SPRF-ES,DEL01-ES,UOP01-DEL01-ES,0,moderado
2025-11-03,11:30,2025-11-03 11:30:00,2025.0,11.0,segunda,11.0,manha,ES,FUNDAO,True,101.0,BR-101,238.0,-20.01210422,-40.40600916,Objeto estático sobre o leito carroçável,Colisão com objeto,Com Vítimas Feridas,Pleno dia,Crescente,Céu Claro,Simples,Reta,Não,0.0,0.0,1.0,1.0,0.0,0.0,1.0,1.0,SPRF-ES,DEL02-ES,UOP01-DEL02-ES,0,moderado
2025-11-03,16:35,2025-11-03 16:35:00,2025.0,11.0,segunda,16.0,tarde,ES,DOMINGOS MARTINS,False,262.0,BR-262,89.0,-20.381048,-41.025632,Acessar a via sem observar a presença dos outros veículos,Colisão transversal,Com Vítimas Feridas,Pleno dia,Crescente,Nublado,Simples,Aclive;Reta,Sim,0.0,0.0,1.0,1.0,1.0,0.0,2.0,2.0,SPRF-ES,DEL01-ES,UOP02-DEL01-ES,0,moderado
2025-11-03,18:45,2025-11-03 18:45:00,2025.0,11.0,segunda,18.0,noite,ES,LINHARES,False,101.0,BR-101,140.5,-19.4223318,-40.0778325,Reação tardia ou ineficiente do condutor,Atropelamento de Pedestre,Com Vítimas Feridas,Plena Noite,Decrescente,Céu Claro,Simples,Reta,Sim,0.0,0.0,1.0,1.0,1.0,1.0,2.0,3.0,SPRF-ES,DEL04-ES,UOP01-DEL04-ES,0,moderado
2025-11-04,07:10,2025-11-04 07:10:00,2025.0,11.0,terca,7.0,manha,ES,SERRA,True,101.0,BR-101,269.5,-20.0488573,-40.3867013,Manobra de mudança de faixa,Colisão lateral mesmo sentido,Sem Vítimas,Pleno dia,Crescente,Céu Claro,Dupla,Reta,Sim,0.0,0.0,0.0,0.0,2.0,0.0,2.0,2.0,SPRF-ES,DEL02-ES,UOP01-DEL02-ES,0,baixo
2025-11-04,17:05,2025-11-04 17:05:00,2025.0,11.0,terca,17.0,tarde,ES,LINHARES,False,101.0,BR-101,146.7,-19.37645806,-40.06654859,Manobra de mudança de faixa,Colisão lateral mesmo sentido,Com Vítimas Feridas,Pleno dia,Crescente,Céu Claro,Múltipla,Reta;Retorno Regulamentado,Sim,0.0,0.0,1.0,1.0,0.0,1.0,2.0,2.0,SPRF-ES,DEL04-ES,UOP01-DEL04-ES,0,moderado
2025-11-04,15:00,2025-11-04 15:00:00,2025.0,11.0,terca,15.0,tarde,ES,SAO MATEUS,False,101.0,BR-101,66.9,-18.720011,-39.866424,Manobra de mudança de faixa,Colisão lateral mesmo sentido,Com Vítimas Feridas,Pleno dia,Decrescente,Céu Claro,Múltipla,Reta,Sim,0.0,0.0,2.0,2.0,1.0,0.0,2.0,3.0,SPRF-ES,DEL04-ES,UOP02-DEL04-ES,0,moderado
2025-11-04,19:30,2025-11-04 19:30:00,2025.0,11.0,terca,19.0,noite,ES,ARACRUZ,False,101.0,BR-101,189.9,-19.68155182,-40.27130532,Acessar a via sem observar a presença dos outros veículos,Colisão transversal,Com Vítimas Feridas,Plena Noite,Crescente,Nublado,Simples,Interseção de Vias;Reta,Sim,0.0,0.0,1.0,1.0,1.0,0.0,2.0,2.0,SPRF-ES,DEL04-ES,UOP01-DEL04-ES,0,moderado
2025-11-05,06:00,2025-11-05 06:00:00,2025.0,11.0,quarta,6.0,manha,ES,SERRA,True,101.0,BR-101,270.5,-20.23243894,-40.27519226,Ausência de reação do condutor,Colisão com objeto,Com Vítimas Fatais,Amanhecer,Crescente,Céu Claro,Dupla,Curva,Sim,1.0,1.0,0.0,1.0,0.0,0.0,1.0,2.0,SPRF-ES,DEL02-ES,UOP01-DEL02-ES,1,fatal
2025-11-05,13:30,2025-11-05 13:30:00,2025.0,11.0,quarta,13.0,tarde,ES,CARIACICA,True,101.0,BR-101,288.4,-20.27487744,-40.39231424,Velocidade Incompatível,Saída de leito carroçável,Com Vítimas Feridas,Pleno dia,Crescente,Céu Claro,Múltipla,Reta,Sim,0.0,1.0,3.0,4.0,0.0,0.0,1.0,4.0,SPRF-ES,DEL01-ES,UOP01-DEL01-ES,1,grave
2025-11-05,17:50,2025-11-05 17:50:00,2025.0,11.0,quarta,17.0,tarde,ES,LINHARES,False,101.0,BR-101,122.1,-19.161118,-40.083653,Retorno proibido,Colisão transversal,Com Vítimas Feridas,Plena Noite,Decrescente,Céu Claro,Simples,Reta,Não,0.0,0.0,1.0,1.0,1.0,0.0,2.0,2.0,SPRF-ES,DEL04-ES,UOP01-DEL04-ES,0,moderado
2025-11-05,18:15,2025-11-05 18:15:00,2025.0,11.0,quarta,18.0,noite,ES,SERRA,True,101.0,BR-101,262.3,-20.1535907,-40.27801752,Condutor desrespeitou a iluminação vermelha do semáforo,Colisão transversal,Com Vítimas Feridas,Plena Noite,Crescente,Nublado,Múltipla,Interseção de Vias,Sim,0.0,0.0,1.0,1.0,1.0,1.0,3.0,3.0,SPRF-ES,DEL02-ES,UOP01-DEL02-ES,0,moderado
2025-11-05,18:09,2025-11-05 18:09:00,2025.0,11.0,quarta,18.0,noite,ES,SERRA,True,101.0,BR-101,264.0,-20.22230476,-40.27050161,Ausência de reação do condutor,Colisão traseira,Com Vítimas Feridas,Pleno dia,Decrescente,Céu Claro,Simples,Reta,Não,0.0,0.0,1.0,1.0,1.0,0.0,2.0,2.0,SPRF-ES,DEL02-ES,UOP01-DEL02-ES,0,moderado
2025-11-05,19:40,2025-11-05 19:40:00,2025.0,11.0,quarta,19.0,noite,ES,DOMINGOS MARTINS,False,262.0,BR-262,89.0,-20.38878578,-41.01554836,Reação tardia ou ineficiente do condutor,Colisão traseira,Com Vítimas Feridas,Plena Noite,Decrescente,Nublado,Simples,Reta,Sim,0.0,0.0,1.0,1.0,0.0,1.0,2.0,2.0,SPRF-ES,DEL01-ES,UOP02-DEL01-ES,0,moderado
2025-11-06,13:00,2025-11-06 13:00:00,2025.0,11.0,quinta,13.0,tarde,ES,COLATINA,False,259.0,BR-259,49.1,-19.511289,-40.605233,Acessar a via sem observar a presença dos outros veículos,Colisão transversal,Com Vítimas Feridas,Pleno dia,Crescente,Nublado,Múltipla,Retorno Regulamentado;Curva;Interseção de Vias,Não,0.0,0.0,2.0,2.0,1.0,0.0,2.0,3.0,SPRF-ES,DEL02-ES,UOP01-DEL02-ES,0,moderado
2025-11-06,15:30,2025-11-06 15:30:00,2025.0,11.0,quinta,15.0,tarde,ES,LINHARES,False,101.0,BR-101,144.0,-19.26327363,-40.08908791,Acumulo de areia ou detritos sobre o pavimento,Tombamento,Com Vítimas Feridas,Pleno dia,Decrescente,Céu Claro,Dupla,Reta,Sim,0.0,0.0,1.0,1.0,0.0,0.0,1.0,1.0,SPRF-ES,DEL04-ES,UOP01-DEL04-ES,0,moderado
2025-11-06,19:30,2025-11-06 19:30:00,2025.0,11.0,quinta,19.0,noite,ES,JOAO NEIVA,False,259.0,BR-259,4.0,-19.70358,-40.38188,Transitar na contramão,Colisão frontal,Com Vítimas Feridas,Plena Noite,Crescente,Nublado,Simples,Reta,Não,0.0,0.0,3.0,3.0,1.0,0.0,2.0,4.0,SPRF-ES,DEL02-ES,UOP01-DEL02-ES,0,moderado
2025-11-06,20:10,2025-11-06 20:10:00,2025.0,11.0,quinta,20.0,noite,ES,SERRA,True,101.0,BR-101,264.5,-20.17775167,-40.26560667,Reação tardia ou ineficiente do condutor,Tombamento,Com Vítimas Feridas,Plena Noite,Crescente,Nublado,Múltipla,Reta,Sim,0.0,0.0,1.0,1.0,0.0,0.0,1.0,1.0,SPRF-ES,DEL02-ES,UOP01-DEL02-ES,0,moderado
2025-11-07,12:50,2025-11-07 12:50:00,2025.0,11.0,sexta,12.0,tarde,ES,VIANA,True,262.0,BR-262,17.0,-20.38565,-40.471053,Condutor deixou de manter distância do veículo da frente,Colisão traseira,Com Vítimas Feridas,Pleno dia,Crescente,Nublado,Simples,Reta,Sim,0.0,0.0,1.0,1.0,3.0,0.0,2.0,4.0,SPRF-ES,DEL01-ES,UOP01-DEL01-ES,0,moderado
2025-10-19,05:40,2025-10-19 05:40:00,2025.0,10.0,domingo,5.0,madrugada,ES,SERRA,True,101.0,BR-101,269.0,-20.11139198,-40.32669067,Condutor desrespeitou a iluminação vermelha do semáforo,Colisão transversal,Com Vítimas Feridas,Amanhecer,Decrescente,Nublado,Dupla,Interseção de Vias;Reta,Sim,0.0,0.0,1.0,1.0,1.0,0.0,2.0,2.0,SPRF-ES,DEL02-ES,UOP01-DEL02-ES,0,moderado
2025-11-07,07:45,2025-11-07 07:45:00,2025.0,11.0,sexta,7.0,manha,ES,SAO MATEUS,False,101.0,BR-101,68.3,-18.72927656,-39.85959403,Animais na Pista,Tombamento,Com Vítimas Feridas,Pleno dia,Decrescente,Nublado,Simples,Interseção de Vias,Sim,0.0,0.0,1.0,1.0,0.0,0.0,1.0,1.0,SPRF-ES,DEL04-ES,UOP02-DEL04-ES,0,moderado
2025-11-07,17:50,2025-11-07 17:50:00,2025.0,11.0,sexta,17.0,tarde,ES,SAO MATEUS,False,101.0,BR-101,65.0,-18.714398,-39.87733,Ausência de reação do condutor,Colisão traseira,Com Vítimas Feridas,Anoitecer,Crescente,Nublado,Múltipla,Reta,Sim,0.0,0.0,1.0,1.0,1.0,0.0,2.0,2.0,SPRF-ES,DEL04-ES,UOP02-DEL04-ES,0,moderado
2025-11-07,21:00,2025-11-07 21:00:00,2025.0,11.0,sexta,21.0,noite,ES,CARIACICA,True,101.0,BR-101,297.0,-20.344911,-40.410048,Reação tardia ou ineficiente do condutor,Colisão com objeto,Com Vítimas Fatais,Plena Noite,Crescente,Garoa/Chuvisco,Dupla,Aclive;Curva,Não,1.0,0.0,0.0,0.0,0.0,0.0,1.0,1.0,SPRF-ES,DEL01-ES,UOP01-DEL01-ES,1,fatal
2025-11-08,06:00,2025-11-08 06:00:00,2025.0,11.0,sabado,6.0,manha,ES,COLATINA,False,259.0,BR-259,53.5,-19.50383017,-40.65457971,Ausência de reação do condutor,Capotamento,Com Vítimas Feridas,Pleno dia,Crescente,Nublado,Simples,Aclive;Reta,Não,0.0,0.0,1.0,1.0,1.0,0.0,1.0,2.0,SPRF-ES,DEL02-ES,UOP01-DEL02-ES,0,moderado
2025-11-08,10:40,2025-11-08 10:40:00,2025.0,11.0,sabado,10.0,manha,ES,SERRA,True,101.0,BR-101,265.0,-20.0488582,-40.3867015,Ausência de reação do condutor,Atropelamento de Pedestre,Com Vítimas Feridas,Pleno dia,Crescente,Nublado,Dupla,Reta,Sim,0.0,0.0,2.0,2.0,0.0,1.0,2.0,3.0,SPRF-ES,DEL02-ES,UOP01-DEL02-ES,0,moderado
2025-11-08,13:00,2025-11-08 13:00:00,2025.0,11.0,sabado,13.0,tarde,ES,DOMINGOS MARTINS,False,262.0,BR-262,35.0,-20.379668,-40.594603,Reação tardia ou ineficiente do condutor,Tombamento,Com Vítimas Feridas,Pleno dia,Crescente,Nublado,Dupla,Aclive;Curva,Não,0.0,1.0,0.0,1.0,0.0,0.0,1.0,1.0,SPRF-ES,DEL01-ES,UOP01-DEL01-ES,1,grave
2025-09-25,09:10,2025-09-25 09:10:00,2025.0,9.0,quinta,9.0,manha,ES,LINHARES,False,101.0,BR-101,144.9,-19.3603269,-40.0650771,Objeto estático sobre o leito carroçável,Colisão traseira,Com Vítimas Feridas,Pleno dia,Crescente,Nublado,Múltipla,Reta,Sim,0.0,0.0,1.0,1.0,2.0,0.0,3.0,3.0,SPRF-ES,DEL04-ES,UOP01-DEL04-ES,0,moderado
2025-11-08,22:30,2025-11-08 22:30:00,2025.0,11.0,sabado,22.0,noite,ES,VILA VELHA,True,101.0,BR-101,313.2,-20.45533709,-40.46342467,Animais na Pista,Atropelamento de Animal,Com Vítimas Feridas,Plena Noite,Crescente,Céu Claro,Dupla,Reta,Não,0.0,0.0,1.0,1.0,0.0,0.0,1.0,1.0,SPRF-ES,DEL01-ES,UOP01-DEL01-ES,0,moderado
2025-11-08,23:00,2025-11-08 23:00:00,2025.0,11.0,sabado,23.0,noite,ES,ITAPEMIRIM,False,101.0,BR-101,401.0,-20.88888,-40.98522,Acessar a via sem observar a presença dos outros veículos,Colisão transversal,Com Vítimas Feridas,Plena Noite,Crescente,Nublado,Simples,Curva,Não,0.0,0.0,2.0,2.0,2.0,1.0,2.0,5.0,SPRF-ES,DEL03-ES,UOP02-DEL03-ES,0,moderado
2025-11-09,00:30,2025-11-09 00:30:00,2025.0,11.0,domingo,0.0,madrugada,ES,SERRA,True,101.0,BR-101,269.6,-20.2231921,-40.2702095,Acessar a via sem observar a presença dos outros veículos,Colisão lateral mesmo sentido,Com Vítimas Feridas,Plena Noite,Decrescente,Nublado,Múltipla,Retorno Regulamentado,Sim,0.0,0.0,2.0,2.0,1.0,0.0,2.0,3.0,SPRF-ES,DEL02-ES,UOP01-DEL02-ES,0,moderado
2025-11-09,00:00,2025-11-09 00:00:00,2025.0,11.0,domingo,0.0,madrugada,ES,COLATINA,False,259.0,BR-259,63.6,-19.524,-40.704,Ausência de reação do condutor,Colisão transversal,Com Vítimas Feridas,Plena Noite,Crescente,Céu Claro,Simples,Interseção de Vias;Reta,Sim,0.0,0.0,1.0,1.0,2.0,0.0,2.0,3.0,SPRF-ES,DEL02-ES,UOP01-DEL02-ES,0,moderado
2025-11-09,04:50,2025-11-09 04:50:00,2025.0,11.0,domingo,4.0,madrugada,ES,CONCEICAO DA BARRA,False,101.0,BR-101,26.0,-18.42424475,-39.93461609,Reação tardia ou ineficiente do condutor,Saída de leito carroçável,Sem Vítimas,Amanhecer,Crescente,Céu Claro,Simples,Reta,Não,0.0,0.0,0.0,0.0,0.0,1.0,1.0,1.0,SPRF-ES,DEL04-ES,UOP02-DEL04-ES,0,baixo
2025-11-09,13:50,2025-11-09 13:50:00,2025.0,11.0,domingo,13.0,tarde,ES,RIO NOVO DO SUL,False,101.0,BR-101,391.0,-20.86556581,-40.89650993,Reação tardia ou ineficiente do condutor,Colisão frontal,Com Vítimas Feridas,Pleno dia,Crescente,Chuva,Simples,Curva,Não,0.0,0.0,3.0,3.0,0.0,0.0,2.0,3.0,SPRF-ES,DEL03-ES,UOP02-DEL03-ES,0,moderado
2025-11-09,14:40,2025-11-09 14:40:00,2025.0,11.0,domingo,14.0,tarde,ES,MIMOSO DO SUL,False,101.0,BR-101,448.3,-21.1311171,-41.2791321,Ausência de reação do condutor,Queda de ocupante de veículo,Com Vítimas Feridas,Pleno dia,Crescente,Chuva,Simples,Curva,Não,0.0,0.0,1.0,1.0,0.0,0.0,1.0,1.0,SPRF-ES,DEL03-ES,UOP02-DEL03-ES,0,moderado
2025-11-09,17:00,2025-11-09 17:00:00,2025.0,11.0,domingo,17.0,tarde,ES,LINHARES,False,101.0,BR-101,141.0,-19.3319898,-40.06931663,Ausência de reação do condutor,Colisão lateral mesmo sentido,Com Vítimas Feridas,Anoitecer,Crescente,Chuva,Múltipla,Reta,Não,0.0,1.0,1.0,2.0,0.0,1.0,2.0,3.0,SPRF-ES,DEL04-ES,UOP01-DEL04-ES,1,grave
2025-11-09,19:10,2025-11-09 19:10:00,2025.0,11.0,domingo,19.0,noite,ES,IBIRACU,False,101.0,BR-101,208.0,-19.78271,-40.371653,Animais na Pista,Atropelamento de Animal,Com Vítimas Feridas,Plena Noite,Crescente,Nublado,Simples,Curva,Não,0.0,0.0,2.0,2.0,3.0,0.0,2.0,5.0,SPRF-ES,DEL02-ES,UOP01-DEL02-ES,0,moderado
2025-11-09,20:50,2025-11-09 20:50:00,2025.0,11.0,domingo,20.0,noite,ES,ARACRUZ,False,101.0,BR-101,183.5,-19.65177277,-40.23161924,Ausência de reação do condutor,Tombamento,Com Vítimas Feridas,Plena Noite,Decrescente,Chuva,Simples,Aclive;Curva,Não,0.0,0.0,2.0,2.0,0.0,0.0,1.0,2.0,SPRF-ES,DEL04-ES,UOP01-DEL04-ES,0,moderado
2025-11-09,21:50,2025-11-09 21:50:00,2025.0,11.0,domingo,21.0,noite,ES,CONCEICAO DA BARRA,False,101.0,BR-101,42.0,-18.5184682,-39.9128996,Condutor deixou de manter distância do veículo da frente,Colisão traseira,Com Vítimas Feridas,Plena Noite,Crescente,Chuva,Simples,Reta,Não,0.0,0.0,1.0,1.0,0.0,1.0,2.0,2.0,SPRF-ES,DEL04-ES,UOP02-DEL04-ES,0,moderado
2025-11-09,21:40,2025-11-09 21:40:00,2025.0,11.0,domingo,21.0,noite,ES,IBATIBA,False,262.0,BR-262,165.8,-20.26264524,-41.56990235,Demais falhas mecânicas ou elétricas,Incêndio,Sem Vítimas,Plena Noite,Decrescente,Chuva,Simples,Reta,Não,0.0,0.0,0.0,0.0,1.0,0.0,1.0,1.0,SPRF-ES,DEL01-ES,UOP02-DEL01-ES,0,baixo
2025-11-09,22:20,2025-11-09 22:20:00,2025.0,11.0,domingo,22.0,noite,ES,VIANA,True,101.0,BR-101,297.0,-20.351073,-40.41326,Manobra de mudança de faixa,Saída de leito carroçável,Com Vítimas Feridas,Plena Noite,Crescente,Garoa/Chuvisco,Dupla,Curva,Sim,0.0,0.0,2.0,2.0,0.0,0.0,1.0,2.0,SPRF-ES,DEL01-ES,UOP01-DEL01-ES,0,moderado
2025-11-09,23:55,2025-11-09 23:55:00,2025.0,11.0,domingo,23.0,noite,ES,SERRA,True,101.0,BR-101,262.0,-20.13592779,-40.29247721,Ausência de reação do condutor,Colisão traseira,Com Vítimas Feridas,Plena Noite,Crescente,Céu Claro,Simples,Reta,Não,0.0,1.0,2.0,3.0,0.0,0.0,2.0,3.0,SPRF-ES,DEL02-ES,UOP01-DEL02-ES,1,grave
2025-11-10,07:21,2025-11-10 07:21:00,2025.0,11.0,segunda,7.0,manha,ES,CARIACICA,True,101.0,BR-101,293.0,-20.316048,-40.3955,Acumulo de óleo sobre o pavimento,Tombamento,Com Vítimas Feridas,Pleno dia,Decrescente,Nublado,Dupla,Reta,Sim,0.0,0.0,2.0,2.0,0.0,0.0,1.0,2.0,SPRF-ES,DEL01-ES,UOP01-DEL01-ES,0,moderado
2025-11-10,07:50,2025-11-10 07:50:00,2025.0,11.0,segunda,7.0,manha,ES,SERRA,True,101.0,BR-101,278.0,-20.21752,-40.33552,Velocidade Incompatível,Saída de leito carroçável,Com Vítimas Feridas,Pleno dia,Crescente,Nublado,Dupla,Curva;Declive,Não,0.0,0.0,1.0,1.0,0.0,0.0,1.0,1.0,SPRF-ES,DEL02-ES,UOP01-DEL02-ES,0,moderado
2025-11-10,12:00,2025-11-10 12:00:00,2025.0,11.0,segunda,12.0,tarde,ES,ARACRUZ,False,101.0,BR-101,189.0,-19.680853,-40.269613,Pedestre cruzava a pista fora da faixa,Atropelamento de Pedestre,Com Vítimas Feridas,Pleno dia,Crescente,Céu Claro,Simples,Reta,Sim,0.0,1.0,1.0,2.0,0.0,0.0,2.0,2.0,SPRF-ES,DEL04-ES,UOP01-DEL04-ES,1,grave
2025-11-10,16:00,2025-11-10 16:00:00,2025.0,11.0,segunda,16.0,tarde,ES,SERRA,True,101.0,BR-101,262.2,-20.160165,-40.275838,Manobra de mudança de faixa,Colisão lateral mesmo sentido,Com Vítimas Feridas,Pleno dia,Decrescente,Nublado,Múltipla,Reta;Interseção de Vias;Retorno Regulamentado,Sim,0.0,0.0,1.0,1.0,1.0,0.0,2.0,2.0,SPRF-ES,DEL02-ES,UOP01-DEL02-ES,0,moderado