data,hora,data_hora,ano,mes,dia_semana,hora_dia,periodo_dia,uf,municipio,regiao_grande_vitoria,rodovia,rodovia_label,km,latitude,longitude,causa,tipo_acidente,classificacao,fase_dia,sentido_via,condicao_metereologica,tipo_pista,tracado_via,uso_solo,mortos,feridos_graves,feridos_leves,feridos,ilesos,ignorados,veiculos,pessoas,regional,delegacia,uop,risco_alto,nivel_risco
2025-11-11,06:00,2025-11-11 06:00:00,2025.0,11.0,terca,6.0,manha,ES,SERRA,True,101.0,BR-101,10.0,-20.14579,-40.34384,Suicídio (presumido),Saída de leito carroçável,Com Vítimas Feridas,Plena Noite,Decrescente,Nublado,Dupla,Reta,Não,0.0,0.0,1.0,1.0,0.0,0.0,1.0,1.0,SPRF-ES,DEL02-ES,UOP01-DEL02-ES,0,moderado
2025-11-11,06:40,2025-11-11 06:40:00,2025.0,11.0,terca,6.0,manha,ES,MARECHAL FLORIANO,False,262.0,BR-262,51.0,-20.41368682,-40.71574473,Condutor deixou de manter distância do veículo da frente,Colisão traseira,Com Vítimas Feridas,Pleno dia,Crescente,Nublado,Simples,Reta,Não,0.0,0.0,1.0,1.0,1.0,0.0,2.0,2.0,SPRF-ES,DEL01-ES,UOP01-DEL01-ES,0,moderado
2025-10-30,07:30,2025-10-30 07:30:00,2025.0,10.0,quinta,7.0,manha,ES,SERRA,True,101.0,BR-101,266.7,-20.195662,-40.268922,Acessar a via sem observar a presença dos outros veículos,Colisão transversal,Com Vítimas Feridas,Pleno dia,Decrescente,Nublado,Dupla,Retorno Regulamentado;Reta,Sim,0.0,1.0,0.0,1.0,2.0,0.0,2.0,3.0,SPRF-ES,DEL02-ES,UOP01-DEL02-ES,1,grave
2025-11-11,21:20,2025-11-11 21:20:00,2025.0,11.0,terca,21.0,noite,ES,VIANA,True,101.0,BR-101,301.0,-20.363575,-40.440774,Reação tardia ou ineficiente do condutor,Colisão com objeto,Com Vítimas Feridas,Plena Noite,Decrescente,Céu Claro,Múltipla,Curva,Não,0.0,1.0,2.0,3.0,0.0,0.0,1.0,3.0,SPRF-ES,DEL01-ES,UOP01-DEL01-ES,1,grave
2025-11-12,07:24,2025-11-12 07:24:00,2025.0,11.0,quarta,7.0,manha,ES,IBIRACU,False,101.0,BR-101,207.9,-19.78148544,-40.37166506,Demais falhas mecânicas ou elétricas,Queda de ocupante de veículo,Com Vítimas Feridas,Pleno dia,Decrescente,Sol,Simples,Reta,Sim,0.0,0.0,1.0,1.0,0.0,0.0,1.0,1.0,SPRF-ES,DEL02-ES,UOP01-DEL02-ES,0,moderado
2025-11-12,13:00,2025-11-12 13:00:00,2025.0,11.0,quarta,13.0,tarde,ES,LINHARES,False,101.0,BR-101,146.4,-19.37253304,-40.06487749,Trafegar com motocicleta (ou similar) entre as faixas,Colisão traseira,Com Vítimas Feridas,Pleno dia,Crescente,Nublado,Múltipla,Reta,Sim,0.0,0.0,1.0,1.0,1.0,0.0,2.0,2.0,SPRF-ES,DEL04-ES,UOP01-DEL04-ES,0,moderado
2025-11-12,18:50,2025-11-12 18:50:00,2025.0,11.0,quarta,18.0,noite,ES,SERRA,True,101.0,BR-101,271.2,-20.23103408,-40.27947217,Demais falhas mecânicas ou elétricas,Incêndio,Sem Vítimas,Plena Noite,Decrescente,Céu Claro,Múltipla,Retorno Regulamentado,Sim,0.0,0.0,0.0,0.0,1.0,0.0,1.0,1.0,SPRF-ES,DEL02-ES,UOP01-DEL02-ES,0,baixo
2025-11-13,18:45,2025-11-13 18:45:00,2025.0,11.0,quinta,18.0,noite,ES,LINHARES,False,101.0,BR-101,146.8,-19.37562565,-40.06598759,Conversão proibida,Colisão transversal,Com Vítimas Feridas,Plena Noite,Decrescente,Céu Claro,Dupla,Interseção de Vias,Sim,0.0,0.0,1.0,1.0,1.0,0.0,2.0,2.0,SPRF-ES,DEL04-ES,UOP01-DEL04-ES,0,moderado
2025-11-13,20:15,2025-11-13 20:15:00,2025.0,11.0,quinta,20.0,noite,ES,ARACRUZ,False,101.0,BR-101,179.2,-19.61801318,-40.21655263,Conversão proibida,Colisão transversal,Com Vítimas Feridas,Plena Noite,Crescente,Céu Claro,Simples,Interseção de Vias,Não,0.0,0.0,1.0,1.0,1.0,0.0,2.0,2.0,SPRF-ES,DEL04-ES,UOP01-DEL04-ES,0,moderado
2025-11-14,07:57,2025-11-14 07:57:00,2025.0,11.0,sexta,7.0,manha,ES,SERRA,True,101.0,BR-101,263.9,-20.17284167,-40.26738333,Condutor deixou de manter distância do veículo da frente,Colisão traseira,Com Vítimas Feridas,Pleno dia,Crescente,Sol,Múltipla,Reta,Não,0.0,1.0,1.0,2.0,0.0,0.0,2.0,2.0,SPRF-ES,DEL02-ES,UOP01-DEL02-ES,1,grave
2025-11-14,11:10,2025-11-14 11:10:00,2025.0,11.0,sexta,11.0,manha,ES,CACHOEIRO DE ITAPEMIRIM,False,393.0,BR-393,1.5,-20.83420129,-41.17173169,Condutor deixou de manter distância do veículo da frente,Colisão traseira,Com Vítimas Feridas,Pleno dia,Crescente,Sol,Simples,Reta,Sim,0.0,0.0,1.0,1.0,1.0,0.0,2.0,2.0,SPRF-ES,DEL03-ES,UOP02-DEL03-ES,0,moderado
2025-11-14,15:13,2025-11-14 15:13:00,2025.0,11.0,sexta,15.0,tarde,ES,SERRA,True,101.0,BR-101,246.1,-20.06466,-40.37609,Demais falhas mecânicas ou elétricas,Colisão com objeto,Com Vítimas Feridas,Pleno dia,Crescente,Céu Claro,Dupla,Reta;Em Obras;Declive,Não,0.0,0.0,1.0,1.0,2.0,0.0,2.0,3.0,SPRF-ES,DEL02-ES,UOP01-DEL02-ES,0,moderado
2025-11-14,19:10,2025-11-14 19:10:00,2025.0,11.0,sexta,19.0,noite,ES,COLATINA,False,259.0,BR-259,66.0,-19.51146,-40.73418,Reação tardia ou ineficiente do condutor,Saída de leito carroçável,Com Vítimas Feridas,Plena Noite,Crescente,Nublado,Simples,Reta,Não,0.0,1.0,0.0,1.0,0.0,0.0,1.0,1.0,SPRF-ES,DEL02-ES,UOP01-DEL02-ES,1,grave
2025-11-14,20:20,2025-11-14 20:20:00,2025.0,11.0,sexta,20.0,noite,ES,IBATIBA,False,262.0,BR-262,159.6,-20.237623,-41.513023,Acessar a via sem observar a presença dos outros veículos,Colisão transversal,Sem Vítimas,Plena Noite,Decrescente,Nublado,Simples,Reta;Interseção de Vias,Sim,0.0,0.0,0.0,0.0,2.0,0.0,2.0,2.0,SPRF-ES,DEL01-ES,UOP02-DEL01-ES,0,baixo
2025-11-15,00:20,2025-11-15 00:20:00,2025.0,11.0,sabado,0.0,madrugada,ES,SERRA,True,101.0,BR-101,260.8,-20.14740833,-40.28014833,Acesso irregular,Tombamento,Com Vítimas Feridas,Plena Noite,Crescente,Céu Claro,Dupla,Curva,Sim,0.0,0.0,1.0,1.0,0.0,1.0,1.0,2.0,SPRF-ES,DEL02-ES,UOP01-DEL02-ES,0,moderado
2025-11-15,08:30,2025-11-15 08:30:00,2025.0,11.0,sabado,8.0,manha,ES,VIANA,True,101.0,BR-101,304.0,-20.3811397,-40.4567558,Ausência de reação do condutor,Colisão traseira,Com Vítimas Feridas,Pleno dia,Crescente,Sol,Dupla,Reta,Sim,0.0,0.0,1.0,1.0,1.0,0.0,2.0,2.0,SPRF-ES,DEL01-ES,UOP01-DEL01-ES,0,moderado
2025-11-15,09:20,2025-11-15 09:20:00,2025.0,11.0,sabado,9.0,manha,ES,CARIACICA,True,101.0,BR-101,284.0,-20.2483959,-40.3707993,Ausência de reação do condutor,Queda de ocupante de veículo,Com Vítimas Feridas,Pleno dia,Crescente,Céu Claro,Dupla,Reta,Não,0.0,0.0,2.0,2.0,0.0,0.0,1.0,2.0,SPRF-ES,DEL01-ES,UOP01-DEL01-ES,0,moderado
2025-11-15,09:50,2025-11-15 09:50:00,2025.0,11.0,sabado,9.0,manha,ES,VIANA,True,101.0,BR-101,299.8,-20.3574457,-40.42419434,Acessar a via sem observar a presença dos outros veículos,Colisão frontal,Com Vítimas Feridas,Pleno dia,Crescente,Sol,Dupla,Retorno Regulamentado,Sim,0.0,0.0,1.0,1.0,1.0,0.0,2.0,2.0,SPRF-ES,DEL01-ES,UOP01-DEL01-ES,0,moderado
2025-11-15,11:00,2025-11-15 11:00:00,2025.0,11.0,sabado,11.0,manha,ES,MARECHAL FLORIANO,False,262.0,BR-262,57.4,-20.42044384,-40.76708794,Avarias e/ou desgaste excessivo no pneu,Saída de leito carroçável,Com Vítimas Feridas,Pleno dia,Crescente,Chuva,Simples,Curva,Não,0.0,0.0,2.0,2.0,0.0,0.0,1.0,2.0,SPRF-ES,DEL01-ES,UOP01-DEL01-ES,0,moderado
2025-11-15,14:50,2025-11-15 14:50:00,2025.0,11.0,sabado,14.0,tarde,ES,GUARAPARI,True,101.0,BR-101,343.0,-20.663552,-40.594615,Ausência de reação do condutor,Colisão com objeto,Com Vítimas Feridas,Pleno dia,Crescente,Nublado,Dupla,Curva,Não,0.0,0.0,1.0,1.0,2.0,0.0,2.0,3.0,SPRF-ES,DEL03-ES,UOP01-DEL03-ES,0,moderado
2025-11-15,18:30,2025-11-15 18:30:00,2025.0,11.0,sabado,18.0,noite,ES,LINHARES,False,101.0,BR-101,135.8,-19.28299243,-40.08698227,Acessar a via sem observar a presença dos outros veículos,Colisão transversal,Com Vítimas Feridas,Plena Noite,Crescente,Nublado,Simples,Reta,Não,0.0,2.0,0.0,2.0,1.0,0.0,2.0,3.0,SPRF-ES,DEL04-ES,UOP01-DEL04-ES,1,grave
2025-11-15,19:50,2025-11-15 19:50:00,2025.0,11.0,sabado,19.0,noite,ES,DOMINGOS MARTINS,False,262.0,BR-262,95.0,-20.36467098,-41.06280375,Acessar a via sem observar a presença dos outros veículos,Colisão transversal,Com Vítimas Feridas,Plena Noite,Crescente,Céu Claro,Simples,Rotatória,Não,0.0,1.0,1.0,2.0,0.0,1.0,2.0,3.0,SPRF-ES,DEL01-ES,UOP02-DEL01-ES,1,grave
2025-11-15,21:50,2025-11-15 21:50:00,2025.0,11.0,sabado,21.0,noite,ES,COLATINA,False,259.0,BR-259,57.8,-19.52464603,-40.67301661,Ausência de reação do condutor,Tombamento,Sem Vítimas,Plena Noite,Crescente,Céu Claro,Simples,Reta,Não,0.0,0.0,0.0,0.0,0.0,1.0,1.0,1.0,SPRF-ES,DEL02-ES,UOP01-DEL02-ES,0,baixo
2025-11-16,00:15,2025-11-16 00:15:00,2025.0,11.0,domingo,0.0,madrugada,ES,SERRA,True,101.0,BR-101,267.0,-20.22124525,-40.27041574,Acessar a via sem observar a presença dos outros veículos,Colisão traseira,Com Vítimas Feridas,Plena Noite,Crescente,Céu Claro,Dupla,Reta,Sim,0.0,0.0,1.0,1.0,0.0,1.0,2.0,2.0,SPRF-ES,DEL02-ES,UOP01-DEL02-ES,0,moderado
2025-11-16,00:10,2025-11-16 00:10:00,2025.0,11.0,domingo,0.0,madrugada,ES,JOAO NEIVA,False,101.0,BR-101,204.0,-19.75474809,-40.38023949,Estacionar ou parar em local proibido,Colisão frontal,Sem Vítimas,Pleno dia,Decrescente,Céu Claro,Simples,Reta,Sim,0.0,0.0,0.0,0.0,0.0,1.0,1.0,1.0,SPRF-ES,DEL02-ES,UOP01-DEL02-ES,0,baixo
2025-11-16,07:10,2025-11-16 07:10:00,2025.0,11.0,domingo,7.0,manha,ES,LINHARES,False,101.0,BR-101,169.3,-19.5450986,-40.16495402,Acesso irregular,Colisão traseira,Com Vítimas Feridas,Pleno dia,Crescente,Céu Claro,Simples,Reta,Não,0.0,0.0,1.0,1.0,1.0,0.0,2.0,2.0,SPRF-ES,DEL04-ES,UOP01-DEL04-ES,0,moderado
2025-11-16,18:45,2025-11-16 18:45:00,2025.0,11.0,domingo,18.0,noite,ES,COLATINA,False,259.0,BR-259,47.9,-19.51958751,-40.59544553,Transitar na contramão,Colisão frontal,Com Vítimas Fatais,Plena Noite,Crescente,Nublado,Simples,Curva,Não,2.0,0.0,0.0,0.0,1.0,0.0,2.0,3.0,SPRF-ES,DEL02-ES,UOP01-DEL02-ES,1,fatal
2025-11-17,09:23,2025-11-17 09:23:00,2025.0,11.0,segunda,9.0,manha,ES,SERRA,True,101.0,BR-101,256.0,-20.12233268,-40.30568361,Acessar a via sem observar a presença dos outros veículos,Atropelamento de Pedestre,Com Vítimas Feridas,Pleno dia,Crescente,Nublado,Simples,Reta,Não,0.0,0.0,1.0,1.0,1.0,0.0,2.0,2.0,SPRF-ES,DEL02-ES,UOP01-DEL02-ES,0,moderado
2025-11-17,10:10,2025-11-17 10:10:00,2025.0,11.0,segunda,10.0,manha,ES,CARIACICA,True,101.0,BR-101,290.0,-20.29184775,-40.39198017,Condutor deixou de manter distância do veículo da frente,Colisão traseira,Com Vítimas Feridas,Pleno dia,Decrescente,Nublado,Dupla,Reta,Não,0.0,2.0,0.0,2.0,1.0,0.0,2.0,3.0,SPRF-ES,DEL01-ES,UOP01-DEL01-ES,1,grave
2025-11-17,12:43,2025-11-17 12:43:00,2025.0,11.0,segunda,12.0,tarde,ES,ICONHA,False,101.0,BR-101,2.0,-20.81947295,-40.80411164,Demais falhas mecânicas ou elétricas,Colisão com objeto,Com Vítimas Feridas,Pleno dia,Crescente,Céu Claro,Dupla,Curva,Não,0.0,0.0,1.0,1.0,0.0,1.0,2.0,2.0,SPRF-ES,DEL03-ES,UOP02-DEL03-ES,0,moderado
2025-11-17,12:53,2025-11-17 12:53:00,2025.0,11.0,segunda,12.0,tarde,ES,SERRA,True,101.0,BR-101,265.0,-20.182903,-40.266,Manobra de mudança de faixa,Colisão lateral mesmo sentido,Com Vítimas Feridas,Pleno dia,Decrescente,Nublado,Múltipla,Reta,Sim,0.0,0.0,1.0,1.0,1.0,0.0,2.0,2.0,SPRF-ES,DEL02-ES,UOP01-DEL02-ES,0,moderado
2025-11-17,14:40,2025-11-17 14:40:00,2025.0,11.0,segunda,14.0,tarde,ES,SAO MATEUS,False,101.0,BR-101,69.0,-18.736039,-39.860745,Reação tardia ou ineficiente do condutor,Tombamento,Com Vítimas Feridas,Pleno dia,Crescente,Céu Claro,Simples,Reta,Sim,0.0,0.0,1.0,1.0,0.0,0.0,1.0,1.0,SPRF-ES,DEL04-ES,UOP02-DEL04-ES,0,moderado
2025-11-17,15:00,2025-11-17 15:00:00,2025.0,11.0,segunda,15.0,tarde,ES,SERRA,True,101.0,BR-101,277.0,-20.2169,-40.328888,Reação tardia ou ineficiente do condutor,Colisão com objeto,Com Vítimas Feridas,Pleno dia,Decrescente,Céu Claro,Dupla,Reta,Não,0.0,0.0,1.0,1.0,0.0,1.0,1.0,2.0,SPRF-ES,DEL02-ES,UOP01-DEL02-ES,0,moderado
2025-11-17,18:01,2025-11-17 18:01:00,2025.0,11.0,segunda,18.0,noite,ES,SERRA,True,101.0,BR-101,247.0,-20.0682195,-40.37198067,Demais falhas mecânicas ou elétricas,Tombamento,Com Vítimas Feridas,Pleno dia,Decrescente,Céu Claro,Simples,Reta,Não,0.0,0.0,2.0,2.0,0.0,0.0,1.0,2.0,SPRF-ES,DEL02-ES,UOP01-DEL02-ES,0,moderado
2025-11-17,21:30,2025-11-17 21:30:00,2025.0,11.0,segunda,21.0,noite,ES,LINHARES,False,101.0,BR-101,139.4,-19.313519,-40.078498,Acessar a via sem observar a presença dos outros veículos,Colisão lateral mesmo sentido,Com Vítimas Feridas,Plena Noite,Crescente,Céu Claro,Dupla,Reta;Interseção de Vias,Sim,0.0,0.0,1.0,1.0,1.0,1.0,3.0,3.0,SPRF-ES,DEL04-ES,UOP01-DEL04-ES,0,moderado
2025-11-18,11:30,2025-11-18 11:30:00,2025.0,11.0,terca,11.0,manha,ES,LINHARES,False,101.0,BR-101,145.7,-19.34708195,-40.06322734,Acessar a via sem observar a presença dos outros veículos,Colisão lateral mesmo sentido,Com Vítimas Feridas,Pleno dia,Crescente,Céu Claro,Dupla,Interseção de Vias;Reta,Sim,0.0,1.0,0.0,1.0,1.0,0.0,2.0,2.0,SPRF-ES,DEL04-ES,UOP01-DEL04-ES,1,grave
2025-11-18,12:13,2025-11-18 12:13:00,2025.0,11.0,terca,12.0,tarde,ES,LINHARES,False,101.0,BR-101,145.8,-19.37370606,-40.06581314,Mal súbito do condutor,Queda de ocupante de veículo,Com Vítimas Feridas,Pleno dia,Crescente,Céu Claro,Dupla,Reta,Não,0.0,0.0,1.0,1.0,0.0,0.0,1.0,1.0,SPRF-ES,DEL04-ES,UOP01-DEL04-ES,0,moderado
2025-11-19,09:15,2025-11-19 09:15:00,2025.0,11.0,quarta,9.0,manha,ES,VIANA,True,101.0,BR-101,299.8,-20.3573382,-40.4299421,Ausência de reação do condutor,Colisão lateral sentido oposto,Com Vítimas Feridas,Pleno dia,Crescente,Céu Claro,Simples,Reta,Sim,0.0,0.0,2.0,2.0,1.0,0.0,2.0,3.0,SPRF-ES,DEL01-ES,UOP01-DEL01-ES,0,moderado
2025-11-19,11:10,2025-11-19 11:10:00,2025.0,11.0,quarta,11.0,manha,ES,DOMINGOS MARTINS,False,262.0,BR-262,92.0,-20.379308,-41.040726,Condutor deixou de manter distância do veículo da frente,Colisão traseira,Com Vítimas Feridas,Pleno dia,Crescente,Céu Claro,Simples,Reta,Não,0.0,0.0,1.0,1.0,0.0,1.0,2.0,2.0,SPRF-ES,DEL01-ES,UOP02-DEL01-ES,0,moderado
2025-11-19,12:00,2025-11-19 12:00:00,2025.0,11.0,quarta,12.0,tarde,ES,CACHOEIRO DE ITAPEMIRIM,False,393.0,BR-393,2.5,-20.83218124,-41.17804527,Acessar a via sem observar a presença dos outros veículos,Colisão transversal,Com Vítimas Feridas,Pleno dia,Crescente,Sol,Simples,Reta;Interseção de Vias,Sim,0.0,1.0,0.0,1.0,1.0,0.0,2.0,2.0,SPRF-ES,DEL03-ES,UOP02-DEL03-ES,1,grave
2025-11-19,20:20,2025-11-19 20:20:00,2025.0,11.0,quarta,20.0,noite,ES,MARECHAL FLORIANO,False,262.0,BR-262,49.0,-20.4121184,-40.70478559,Reação tardia ou ineficiente do condutor,Saída de leito carroçável,Com Vítimas Feridas,Plena Noite,Crescente,Nublado,Simples,Reta,Não,0.0,0.0,1.0,1.0,0.0,0.0,1.0,1.0,SPRF-ES,DEL01-ES,UOP01-DEL01-ES,0,moderado
2025-11-20,07:15,2025-11-20 07:15:00,2025.0,11.0,quinta,7.0,manha,ES,SERRA,True,101.0,BR-101,276.0,-20.0488699,-40.3866955,Reação tardia ou ineficiente do condutor,Colisão com objeto,Com Vítimas Feridas,Pleno dia,Crescente,Céu Claro,Dupla,Reta,Não,0.0,0.0,1.0,1.0,0.0,0.0,1.0,1.0,SPRF-ES,DEL02-ES,UOP01-DEL02-ES,0,moderado
2025-11-20,07:15,2025-11-20 07:15:00,2025.0,11.0,quinta,7.0,manha,ES,LINHARES,False,101.0,BR-101,139.8,-19.31680561,-40.07646223,Ausência de reação do condutor,Saída de leito carroçável,Com Vítimas Feridas,Pleno dia,Decrescente,Céu Claro,Múltipla,Reta,Sim,0.0,0.0,1.0,1.0,0.0,0.0,1.0,1.0,SPRF-ES,DEL04-ES,UOP01-DEL04-ES,0,moderado
2025-11-20,09:10,2025-11-20 09:10:00,2025.0,11.0,quinta,9.0,manha,ES,BAIXO GUANDU,False,259.0,BR-259,84.0,-19.50925604,-40.87246478,Reação tardia ou ineficiente do condutor,Colisão traseira,Com Vítimas Feridas,Pleno dia,Decrescente,Sol,Simples,Curva;Em Obras,Não,0.0,0.0,1.0,1.0,4.0,0.0,4.0,5.0,SPRF-ES,DEL02-ES,UOP01-DEL02-ES,0,moderado
2025-11-20,08:40,2025-11-20 08:40:00,2025.0,11.0,quinta,8.0,manha,ES,LINHARES,False,101.0,BR-101,159.2,-19.46992068,-40.111159,Mal súbito do condutor,Saída de leito carroçável,Com Vítimas Feridas,Pleno dia,Decrescente,Céu Claro,Simples,Interseção de Vias,Sim,0.0,0.0,1.0,1.0,0.0,0.0,1.0,1.0,SPRF-ES,DEL04-ES,UOP01-DEL04-ES,0,moderado
2025-11-20,14:45,2025-11-20 14:45:00,2025.0,11.0,quinta,14.0,tarde,ES,FUNDAO,True,101.0,BR-101,235.8,-19.9821246,-40.4131256,Reação tardia ou ineficiente do condutor,Saída de leito carroçável,Com Vítimas Feridas,Pleno dia,Crescente,Sol,Simples,Curva,Não,0.0,1.0,0.0,1.0,0.0,0.0,1.0,1.0,SPRF-ES,DEL02-ES,UOP01-DEL02-ES,1,grave
2025-11-20,18:50,2025-11-20 18:50:00,2025.0,11.0,quinta,18.0,noite,ES,SERRA,True,101.0,BR-101,5.0,-20.09557398,-40.35487314,Reação tardia ou ineficiente do condutor,Colisão com objeto,Com Vítimas Feridas,Plena Noite,Crescente,Céu Claro,Dupla,Reta,Não,0.0,0.0,1.0,1.0,0.0,0.0,1.0,1.0,SPRF-ES,DEL04-ES,UOP02-DEL04-ES,0,moderado
2025-11-20,21:35,2025-11-20 21:35:00,2025.0,11.0,quinta,21.0,noite,ES,SERRA,True,101.0,BR-101,245.0,-20.04007795,-40.39273658,Reação tardia ou ineficiente do condutor,Queda de ocupante de veículo,Com Vítimas Feridas,Plena Noite,Crescente,Nublado,Simples,Declive,Não,0.0,0.0,1.0,1.0,0.0,0.0,1.0,1.0,SPRF-ES,DEL02-ES,UOP01-DEL02-ES,0,moderado
2025-11-21,06:45,2025-11-21 06:45:00,2025.0,11.0,sexta,6.0,manha,ES,CARIACICA,True,101.0,BR-101,296.0,-20.34336949,-40.40617252,Manobra de mudança de faixa,Colisão lateral mesmo sentido,Com Vítimas Feridas,Pleno dia,Crescente,Céu Claro,Dupla,Curva;Viaduto,Sim,0.0,1.0,0.0,1.0,1.0,0.0,2.0,2.0,SPRF-ES,DEL01-ES,UOP01-DEL01-ES,1,grave
2025-11-21,07:15,2025-11-21 07:15:00,2025.0,11.0,sexta,7.0,manha,ES,LINHARES,False,101.0,BR-101,157.9,-19.46076496,-40.10477989,Ingestão de substâncias psicoativas pelo condutor,Colisão lateral mesmo sentido,Sem Vítimas,Pleno dia,Decrescente,Céu Claro,Dupla,Reta,Não,0.0,0.0,0.0,0.0,5.0,0.0,2.0,5.0,SPRF-ES,DEL04-ES,UOP01-DEL04-ES,0,baixo
2025-11-21,08:00,2025-11-21 08:00:00,2025.0,11.0,sexta,8.0,manha,ES,LINHARES,False,101.0,BR-101,146.0,-19.3824921,-40.06725565,Acessar a via sem observar a presença dos outros veículos,Colisão lateral mesmo sentido,Com Vítimas Feridas,Pleno dia,Crescente,Céu Claro,Dupla,Reta,Sim,0.0,0.0,1.0,1.0,1.0,0.0,2.0,2.0,SPRF-ES,DEL04-ES,UOP01-DEL04-ES,0,moderado
2025-11-21,05:50,2025-11-21 05:50:00,2025.0,11.0,sexta,5.0,madrugada,ES,CARIACICA,True,101.0,BR-101,293.0,-20.31615636,-40.39581656,Avarias e/ou desgaste excessivo no pneu,Tombamento,Com Vítimas Feridas,Amanhecer,Decrescente,Céu Claro,Múltipla,Reta,Sim,0.0,0.0,2.0,2.0,0.0,0.0,1.0,2.0,SPRF-ES,DEL01-ES,UOP01-DEL01-ES,0,moderado
2025-11-21,12:52,2025-11-21 12:52:00,2025.0,11.0,sexta,12.0,tarde,ES,VIANA,True,262.0,BR-262,16.0,-20.3840281,-40.46566582,Acessar a via sem observar a presença dos outros veículos,Colisão lateral mesmo sentido,Com Vítimas Feridas,Pleno dia,Crescente,Céu Claro,Simples,Reta,Sim,0.0,1.0,1.0,2.0,1.0,0.0,2.0,3.0,SPRF-ES,DEL01-ES,UOP01-DEL01-ES,1,grave
2025-11-21,21:00,2025-11-21 21:00:00,2025.0,11.0,sexta,21.0,noite,ES,SERRA,True,101.0,BR-101,263.9,-20.17303671,-40.26733875,Condutor desrespeitou a iluminação vermelha do semáforo,Atropelamento de Pedestre,Com Vítimas Feridas,Plena Noite,Decrescente,Nublado,Dupla,Interseção de Vias;Reta,Sim,0.0,0.0,1.0,1.0,0.0,1.0,2.0,2.0,SPRF-ES,DEL02-ES,UOP01-DEL02-ES,0,moderado
2025-11-21,20:30,2025-11-21 20:30:00,2025.0,11.0,sexta,20.0,noite,ES,LINHARES,False,101.0,BR-101,147.0,-19.38149277,-40.06710498,Condutor desrespeitou a iluminação vermelha do semáforo,Colisão transversal,Com Vítimas Feridas,Plena Noite,Crescente,Nublado,Dupla,Interseção de Vias,Sim,0.0,2.0,0.0,2.0,1.0,0.0,2.0,3.0,SPRF-ES,DEL04-ES,UOP01-DEL04-ES,1,grave
2025-11-21,21:50,2025-11-21 21:50:00,2025.0,11.0,sexta,21.0,noite,ES,SERRA,True,101.0,BR-101,267.9,-20.207961,-40.269408,Reação tardia ou ineficiente do condutor,Colisão traseira,Com Vítimas Feridas,Plena Noite,Crescente,Céu Claro,Múltipla,Reta,Sim,0.0,0.0,2.0,2.0,1.0,0.0,2.0,3.0,SPRF-ES,DEL02-ES,UOP01-DEL02-ES,0,moderado
2025-11-22,00:20,2025-11-22 00:20:00,2025.0,11.0,sabado,0.0,madrugada,ES,SAO MATEUS,False,101.0,BR-101,78.3,-18.81721,-39.903538,Pedestre - Ingestão de álcool/ substâncias psicoativas,Atropelamento de Pedestre,Com Vítimas Fatais,Plena Noite,Crescente,Nublado,Simples,Reta;Declive,Não,1.0,0.0,0.0,0.0,0.0,1.0,2.0,2.0,SPRF-ES,DEL04-ES,UOP02-DEL04-ES,1,fatal
2025-11-22,08:10,2025-11-22 08:10:00,2025.0,11.0,sabado,8.0,manha,ES,SERRA,True,101.0,BR-101,271.0,-20.22986,-40.28137,Semáforo com defeito,Colisão traseira,Com Vítimas Feridas,Pleno dia,Crescente,Céu Claro,Dupla,Reta;Interseção de Vias,Sim,0.0,0.0,1.0,1.0,2.0,0.0,2.0,3.0,SPRF-ES,DEL02-ES,UOP01-DEL02-ES,0,moderado
2025-11-22,13:00,2025-11-22 13:00:00,2025.0,11.0,sabado,13.0,tarde,ES,VENDA NOVA DO IMIGRANTE,False,262.0,BR-262,106.4,-20.328575,-41.150003,Acessar a via sem observar a presença dos outros veículos,Colisão transversal,Com Vítimas Feridas,Pleno dia,Crescente,Céu Claro,Simples,Reta,Sim,0.0,1.0,0.0,1.0,1.0,0.0,2.0,2.0,SPRF-ES,DEL01-ES,UOP02-DEL01-ES,1,grave
2025-11-22,16:45,2025-11-22 16:45:00,2025.0,11.0,sabado,16.0,tarde,ES,LINHARES,False,101.0,BR-101,146.0,-19.375561,-40.066005,Manobra de mudança de faixa,Colisão lateral mesmo sentido,Com Vítimas Feridas,Pleno dia,Crescente,Céu Claro,Dupla,Interseção de Vias;Reta,Não,0.0,0.0,1.0,1.0,0.0,1.0,2.0,2.0,SPRF-ES,DEL04-ES,UOP01-DEL04-ES,0,moderado