data,hora,data_hora,ano,mes,dia_semana,hora_dia,periodo_dia,uf,municipio,regiao_grande_vitoria,rodovia,rodovia_label,km,latitude,longitude,causa,tipo_acidente,classificacao,fase_dia,sentido_via,condicao_metereologica,tipo_pista,tracado_via,uso_solo,mortos,feridos_graves,feridos_leves,feridos,ilesos,ignorados,veiculos,pessoas,regional,delegacia,uop,risco_alto,nivel_risco
2025-11-23,01:05,2025-11-23 01:05:00,2025.0,11.0,domingo,1.0,madrugada,ES,CARIACICA,True,101.0,BR-101,293.7,-20.32144249,-40.39581506,Condutor Dormindo,Colisão com objeto,Com Vítimas Feridas,Plena Noite,Crescente,Céu Claro,Múltipla,Reta,Não,0.0,0.0,1.0,1.0,0.0,0.0,1.0,1.0,SPRF-ES,DEL01-ES,UOP01-DEL01-ES,0,moderado
2025-11-23,11:10,2025-11-23 11:10:00,2025.0,11.0,domingo,11.0,manha,ES,ANCHIETA,False,101.0,BR-101,371.0,-20.77004744,-40.76938089,Transitar na contramão,Colisão frontal,Com Vítimas Feridas,Pleno dia,Crescente,Céu Claro,Simples,Reta,Não,0.0,1.0,2.0,3.0,1.0,0.0,2.0,4.0,SPRF-ES,DEL03-ES,UOP01-DEL03-ES,1,grave
2025-11-23,15:30,2025-11-23 15:30:00,2025.0,11.0,domingo,15.0,tarde,ES,LINHARES,False,101.0,BR-101,138.5,-19.30569333,-40.08199833,Manobra de mudança de faixa,Colisão lateral mesmo sentido,Com Vítimas Feridas,Pleno dia,Decrescente,Céu Claro,Múltipla,Reta,Não,0.0,0.0,2.0,2.0,1.0,0.0,2.0,3.0,SPRF-ES,DEL04-ES,UOP01-DEL04-ES,0,moderado
2025-11-23,15:50,2025-11-23 15:50:00,2025.0,11.0,domingo,15.0,tarde,ES,SERRA,True,101.0,BR-101,281.4,-20.22416662,-40.36014805,Reação tardia ou ineficiente do condutor,Colisão traseira,Com Vítimas Feridas,Pleno dia,Decrescente,Nublado,Dupla,Reta,Não,0.0,0.0,1.0,1.0,2.0,0.0,3.0,3.0,SPRF-ES,DEL02-ES,UOP01-DEL02-ES,0,moderado
2025-11-23,15:30,2025-11-23 15:30:00,2025.0,11.0,domingo,15.0,tarde,ES,DOMINGOS MARTINS,False,262.0,BR-262,38.0,-20.3814214,-40.618562,Ausência de reação do condutor,Queda de ocupante de veículo,Com Vítimas Feridas,Pleno dia,Decrescente,Sol,Simples,Reta,Não,0.0,0.0,1.0,1.0,0.0,0.0,1.0,1.0,SPRF-ES,DEL01-ES,UOP01-DEL01-ES,0,moderado
2025-11-23,18:50,2025-11-23 18:50:00,2025.0,11.0,domingo,18.0,noite,ES,SERRA,True,101.0,BR-101,262.0,-20.12313859,-40.30983926,Condutor deixou de manter distância do veículo da frente,Colisão traseira,Com Vítimas Feridas,Plena Noite,Crescente,Céu Claro,Dupla,Reta,Sim,0.0,2.0,0.0,2.0,3.0,0.0,2.0,5.0,SPRF-ES,DEL02-ES,UOP01-DEL02-ES,1,grave
2025-11-23,19:20,2025-11-23 19:20:00,2025.0,11.0,domingo,19.0,noite,ES,PINHEIROS,False,101.0,BR-101,28.3,-18.39663268,-39.94000238,Condutor deixou de manter distância do veículo da frente,Engavetamento,Com Vítimas Feridas,Plena Noite,Crescente,Chuva,Simples,Reta,Não,0.0,0.0,3.0,3.0,2.0,1.0,3.0,6.0,SPRF-ES,DEL04-ES,UOP02-DEL04-ES,0,moderado
2025-11-23,20:30,2025-11-23 20:30:00,2025.0,11.0,domingo,20.0,noite,ES,IBATIBA,False,262.0,BR-262,148.3,-20.21515,-41.42766,Reação tardia ou ineficiente do condutor,Colisão com objeto,Com Vítimas Fatais,Plena Noite,Crescente,Chuva,Simples,Curva,Não,2.0,3.0,9.0,12.0,44.0,0.0,1.0,58.0,SPRF-ES,DEL01-ES,UOP02-DEL01-ES,1,fatal
2025-11-23,22:30,2025-11-23 22:30:00,2025.0,11.0,domingo,22.0,noite,ES,LINHARES,False,101.0,BR-101,147.0,-19.37955252,-40.06659796,Manobra de mudança de faixa,Queda de ocupante de veículo,Com Vítimas Feridas,Plena Noite,Crescente,Céu Claro,Múltipla,Interseção de Vias;Reta,Sim,0.0,0.0,1.0,1.0,0.0,0.0,1.0,1.0,SPRF-ES,DEL04-ES,UOP01-DEL04-ES,0,moderado
2025-11-24,06:25,2025-11-24 06:25:00,2025.0,11.0,segunda,6.0,manha,ES,SERRA,True,101.0,BR-101,245.5,-20.0488473,-40.3867012,Ultrapassagem Indevida,Colisão lateral mesmo sentido,Sem Vítimas,Amanhecer,Crescente,Nublado,Simples,Reta,Não,0.0,0.0,0.0,0.0,2.0,0.0,2.0,2.0,SPRF-ES,DEL02-ES,UOP01-DEL02-ES,0,baixo
2025-11-24,06:40,2025-11-24 06:40:00,2025.0,11.0,segunda,6.0,manha,ES,CARIACICA,True,101.0,BR-101,288.5,-20.27485826,-40.39220095,Reação tardia ou ineficiente do condutor,Colisão lateral mesmo sentido,Com Vítimas Feridas,Pleno dia,Decrescente,Nublado,Dupla,Reta,Sim,0.0,0.0,1.0,1.0,2.0,0.0,2.0,3.0,SPRF-ES,DEL01-ES,UOP01-DEL01-ES,0,moderado
2025-11-24,10:35,2025-11-24 10:35:00,2025.0,11.0,segunda,10.0,manha,ES,JOAO NEIVA,False,101.0,BR-101,202.1,-19.74293535,-40.36508608,Demais falhas mecânicas ou elétricas,Incêndio,Sem Vítimas,Pleno dia,Decrescente,Garoa/Chuvisco,Simples,Curva,Não,0.0,0.0,0.0,0.0,1.0,0.0,1.0,1.0,SPRF-ES,DEL04-ES,UOP01-DEL04-ES,0,baixo
2025-11-04,07:50,2025-11-04 07:50:00,2025.0,11.0,terca,7.0,manha,ES,SERRA,True,101.0,BR-101,270.5,-20.22896003,-40.27210611,Trafegar com motocicleta (ou similar) entre as faixas,Colisão lateral mesmo sentido,Com Vítimas Feridas,Pleno dia,Crescente,Céu Claro,Múltipla,Reta,Sim,0.0,0.0,1.0,1.0,0.0,1.0,2.0,2.0,SPRF-ES,DEL02-ES,UOP01-DEL02-ES,0,moderado
2025-10-11,06:00,2025-10-11 06:00:00,2025.0,10.0,sabado,6.0,manha,ES,IBATIBA,False,262.0,BR-262,170.9,-20.26466186,-41.59061047,Reação tardia ou ineficiente do condutor,Colisão traseira,Com Vítimas Feridas,Pleno dia,Decrescente,Céu Claro,Simples,Curva,Não,0.0,1.0,0.0,1.0,1.0,1.0,3.0,3.0,SPRF-ES,DEL01-ES,UOP02-DEL01-ES,1,grave
2025-11-24,15:20,2025-11-24 15:20:00,2025.0,11.0,segunda,15.0,tarde,ES,BAIXO GUANDU,False,259.0,BR-259,94.5,-19.5057699,-40.957934,Ausência de reação do condutor,Colisão com objeto,Com Vítimas Feridas,Pleno dia,Crescente,Chuva,Simples,Reta,Não,0.0,0.0,1.0,1.0,0.0,0.0,1.0,1.0,SPRF-ES,DEL02-ES,UOP01-DEL02-ES,0,moderado
2025-11-24,21:40,2025-11-24 21:40:00,2025.0,11.0,segunda,21.0,noite,ES,CARIACICA,True,101.0,BR-101,294.0,-20.32446078,-40.39551465,Velocidade Incompatível,Colisão com objeto,Com Vítimas Feridas,Plena Noite,Crescente,Chuva,Múltipla,Curva;Declive,Não,0.0,1.0,0.0,1.0,0.0,0.0,1.0,1.0,SPRF-ES,DEL01-ES,UOP01-DEL01-ES,1,grave
2025-11-25,10:39,2025-11-25 10:39:00,2025.0,11.0,terca,10.0,manha,ES,COLATINA,False,259.0,BR-259,50.0,-19.51219,-40.604095,Conversão proibida,Colisão transversal,Com Vítimas Feridas,Pleno dia,Crescente,Céu Claro,Simples,Reta;Interseção de Vias,Não,0.0,0.0,3.0,3.0,0.0,0.0,2.0,3.0,SPRF-ES,DEL02-ES,UOP01-DEL02-ES,0,moderado
2025-11-25,15:10,2025-11-25 15:10:00,2025.0,11.0,terca,15.0,tarde,ES,CARIACICA,True,101.0,BR-101,288.9,-20.27910928,-40.39280987,Desrespeitar a preferência no cruzamento,Colisão transversal,Com Vítimas Feridas,Pleno dia,Decrescente,Nublado,Dupla,Reta;Retorno Regulamentado,Sim,0.0,0.0,1.0,1.0,1.0,0.0,2.0,2.0,SPRF-ES,DEL01-ES,UOP01-DEL01-ES,0,moderado
2025-11-25,17:10,2025-11-25 17:10:00,2025.0,11.0,terca,17.0,tarde,ES,COLATINA,False,259.0,BR-259,50.5,-19.52905371,-40.68202972,Acessar a via sem observar a presença dos outros veículos,Tombamento,Com Vítimas Feridas,Pleno dia,Crescente,Céu Claro,Simples,Reta,Sim,0.0,1.0,0.0,1.0,0.0,0.0,1.0,1.0,SPRF-ES,DEL02-ES,UOP01-DEL02-ES,1,grave
2025-11-25,18:30,2025-11-25 18:30:00,2025.0,11.0,terca,18.0,noite,ES,SERRA,True,101.0,BR-101,269.0,-20.21990742,-40.27025521,Pedestre cruzava a pista fora da faixa,Atropelamento de Pedestre,Com Vítimas Feridas,Plena Noite,Crescente,Chuva,Múltipla,Reta,Sim,0.0,0.0,2.0,2.0,0.0,0.0,2.0,2.0,SPRF-ES,DEL02-ES,UOP01-DEL02-ES,0,moderado
2025-11-26,03:20,2025-11-26 03:20:00,2025.0,11.0,quarta,3.0,madrugada,ES,SAO MATEUS,False,101.0,BR-101,67.0,-18.71996333,-39.86631,Acessar a via sem observar a presença dos outros veículos,Atropelamento de Pedestre,Com Vítimas Fatais,Amanhecer,Decrescente,Nublado,Dupla,Reta,Sim,1.0,0.0,0.0,0.0,0.0,1.0,2.0,2.0,SPRF-ES,DEL04-ES,UOP02-DEL04-ES,1,fatal
2025-11-26,06:40,2025-11-26 06:40:00,2025.0,11.0,quarta,6.0,manha,ES,SERRA,True,101.0,BR-101,278.6,-20.21775875,-40.3343353,Trafegar com motocicleta (ou similar) entre as faixas,Colisão transversal,Com Vítimas Feridas,Pleno dia,Decrescente,Sol,Simples,Reta;Aclive,Não,0.0,1.0,0.0,1.0,1.0,0.0,2.0,2.0,SPRF-ES,DEL02-ES,UOP01-DEL02-ES,1,grave
2025-11-26,09:35,2025-11-26 09:35:00,2025.0,11.0,quarta,9.0,manha,ES,ANCHIETA,False,101.0,BR-101,366.2,-20.739455,-40.760676,Demais falhas mecânicas ou elétricas,Tombamento,Com Vítimas Feridas,Pleno dia,Decrescente,Céu Claro,Simples,Curva,Não,0.0,2.0,0.0,2.0,0.0,0.0,1.0,2.0,SPRF-ES,DEL03-ES,UOP01-DEL03-ES,1,grave
2025-11-26,18:09,2025-11-26 18:09:00,2025.0,11.0,quarta,18.0,noite,ES,COLATINA,False,259.0,BR-259,61.0,-19.53223758,-40.68846524,Acessar a via sem observar a presença dos outros veículos,Colisão transversal,Com Vítimas Feridas,Pleno dia,Crescente,Céu Claro,Simples,Reta,Não,0.0,0.0,1.0,1.0,1.0,1.0,2.0,3.0,SPRF-ES,DEL02-ES,UOP01-DEL02-ES,0,moderado
2025-11-26,19:10,2025-11-26 19:10:00,2025.0,11.0,quarta,19.0,noite,ES,ANCHIETA,False,101.0,BR-101,356.8,-20.690916,-40.693678,Demais falhas mecânicas ou elétricas,Tombamento,Com Vítimas Feridas,Plena Noite,Decrescente,Nublado,Dupla,Reta,Não,0.0,1.0,0.0,1.0,0.0,0.0,1.0,1.0,SPRF-ES,DEL03-ES,UOP01-DEL03-ES,1,grave
2025-11-26,20:30,2025-11-26 20:30:00,2025.0,11.0,quarta,20.0,noite,ES,COLATINA,False,259.0,BR-259,57.4,-19.514704,-40.661239,Ultrapassagem Indevida,Colisão lateral mesmo sentido,Com Vítimas Feridas,Plena Noite,Crescente,Céu Claro,Simples,Reta,Sim,0.0,1.0,0.0,1.0,0.0,1.0,2.0,2.0,SPRF-ES,DEL02-ES,UOP01-DEL02-ES,1,grave
2025-11-27,01:30,2025-11-27 01:30:00,2025.0,11.0,quinta,1.0,madrugada,ES,SERRA,True,101.0,BR-101,269.9,-20.223609,-40.270345,Retorno proibido,Colisão transversal,Com Vítimas Feridas,Plena Noite,Decrescente,Céu Claro,Múltipla,Reta,Sim,0.0,0.0,2.0,2.0,1.0,0.0,2.0,3.0,SPRF-ES,DEL02-ES,UOP01-DEL02-ES,0,moderado
2025-11-27,04:30,2025-11-27 04:30:00,2025.0,11.0,quinta,4.0,madrugada,ES,VENDA NOVA DO IMIGRANTE,False,262.0,BR-262,101.0,-20.3409315,-41.1120281,Falta de acostamento,Colisão com objeto,Sem Vítimas,Amanhecer,Decrescente,Nublado,Simples,Aclive;Curva,Não,0.0,0.0,0.0,0.0,1.0,0.0,1.0,1.0,SPRF-ES,DEL01-ES,UOP02-DEL01-ES,0,baixo
2025-11-27,06:30,2025-11-27 06:30:00,2025.0,11.0,quinta,6.0,manha,ES,DOMINGOS MARTINS,False,262.0,BR-262,39.9,-20.38403976,-40.63580843,Condutor deixou de manter distância do veículo da frente,Colisão traseira,Com Vítimas Feridas,Pleno dia,Crescente,Sol,Simples,Curva,Não,0.0,0.0,2.0,2.0,1.0,0.0,3.0,3.0,SPRF-ES,DEL01-ES,UOP01-DEL01-ES,0,moderado
2025-11-01,14:30,2025-11-01 14:30:00,2025.0,11.0,sabado,14.0,tarde,ES,LINHARES,False,101.0,BR-101,159.0,-19.469738,-40.0,Acessar a via sem observar a presença dos outros veículos,Colisão transversal,Com Vítimas Feridas,Pleno dia,Decrescente,Céu Claro,Simples,Curva,Não,0.0,3.0,2.0,5.0,2.0,0.0,2.0,7.0,SPRF-ES,DEL04-ES,UOP01-DEL04-ES,1,grave
2025-11-27,23:50,2025-11-27 23:50:00,2025.0,11.0,quinta,23.0,noite,ES,IBATIBA,False,262.0,BR-262,151.0,-20.21514,-41.45,Transitar na contramão,Colisão frontal,Com Vítimas Fatais,Plena Noite,Decrescente,Céu Claro,Simples,Declive;Curva,Não,1.0,0.0,0.0,0.0,1.0,0.0,2.0,2.0,SPRF-ES,DEL01-ES,UOP02-DEL01-ES,1,fatal
2025-11-28,07:57,2025-11-28 07:57:00,2025.0,11.0,sexta,7.0,manha,ES,CARIACICA,True,101.0,BR-101,289.1,-20.27909698,-40.39274502,Acessar a via sem observar a presença dos outros veículos,Colisão transversal,Com Vítimas Feridas,Pleno dia,Decrescente,Céu Claro,Dupla,Retorno Regulamentado,Não,0.0,1.0,0.0,1.0,1.0,0.0,2.0,2.0,SPRF-ES,DEL01-ES,UOP01-DEL01-ES,1,grave
2025-11-28,07:10,2025-11-28 07:10:00,2025.0,11.0,sexta,7.0,manha,ES,MARECHAL FLORIANO,False,262.0,BR-262,72.0,-20.419967,-40.87724,Reação tardia ou ineficiente do condutor,Saída de leito carroçável,Com Vítimas Feridas,Pleno dia,Crescente,Céu Claro,Simples,Reta,Não,0.0,0.0,1.0,1.0,0.0,0.0,1.0,1.0,SPRF-ES,DEL01-ES,UOP02-DEL01-ES,0,moderado
2025-11-28,09:40,2025-11-28 09:40:00,2025.0,11.0,sexta,9.0,manha,ES,SOORETAMA,False,101.0,BR-101,125.2,-19.18799409,-40.09440224,Ingestão de álcool pelo condutor,Colisão traseira,Sem Vítimas,Pleno dia,Decrescente,Nublado,Múltipla,Declive;Reta,Sim,0.0,0.0,0.0,0.0,2.0,0.0,2.0,2.0,SPRF-ES,DEL04-ES,UOP01-DEL04-ES,0,baixo
2025-11-28,11:45,2025-11-28 11:45:00,2025.0,11.0,sexta,11.0,manha,ES,VIANA,True,101.0,BR-101,300.1,-20.3585693,-40.43207693,Transitar no Acostamento,Colisão lateral sentido oposto,Com Vítimas Feridas,Pleno dia,Decrescente,Céu Claro,Dupla,Reta,Sim,0.0,0.0,1.0,1.0,1.0,1.0,3.0,3.0,SPRF-ES,DEL01-ES,UOP01-DEL01-ES,0,moderado
2025-11-12,12:00,2025-11-12 12:00:00,2025.0,11.0,quarta,12.0,tarde,ES,SERRA,True,101.0,BR-101,268.0,-20.208733,-40.269764,Reação tardia ou ineficiente do condutor,Colisão traseira,Com Vítimas Feridas,Pleno dia,Crescente,Céu Claro,Dupla,Reta,Sim,0.0,0.0,1.0,1.0,1.0,0.0,2.0,2.0,SPRF-ES,DEL02-ES,UOP01-DEL02-ES,0,moderado
2025-11-28,18:29,2025-11-28 18:29:00,2025.0,11.0,sexta,18.0,noite,ES,CARIACICA,True,101.0,BR-101,284.1,-20.243704,-40.369835,Trafegar com motocicleta (ou similar) entre as faixas,Colisão lateral mesmo sentido,Com Vítimas Feridas,Plena Noite,Crescente,Céu Claro,Dupla,Reta,Não,0.0,1.0,0.0,1.0,1.0,0.0,2.0,2.0,SPRF-ES,DEL01-ES,UOP01-DEL01-ES,1,grave
2025-11-29,01:15,2025-11-29 01:15:00,2025.0,11.0,sabado,1.0,madrugada,ES,SERRA,True,101.0,BR-101,266.0,-20.195,-40.269,Condutor Dormindo,Colisão com objeto,Com Vítimas Feridas,Plena Noite,Crescente,Céu Claro,Dupla,Reta,Não,0.0,0.0,1.0,1.0,0.0,0.0,1.0,1.0,SPRF-ES,DEL02-ES,UOP01-DEL02-ES,0,moderado
2025-11-29,02:01,2025-11-29 02:01:00,2025.0,11.0,sabado,2.0,madrugada,ES,SAO MATEUS,False,101.0,BR-101,65.5,-18.7172594,-39.8738189,Ausência de reação do condutor,Colisão traseira,Com Vítimas Feridas,Plena Noite,Decrescente,Céu Claro,Dupla,Retorno Regulamentado,Sim,0.0,0.0,1.0,1.0,2.0,0.0,2.0,3.0,SPRF-ES,DEL04-ES,UOP02-DEL04-ES,0,moderado
2025-11-29,03:15,2025-11-29 03:15:00,2025.0,11.0,sabado,3.0,madrugada,ES,IBATIBA,False,262.0,BR-262,159.0,-20.233393,-41.505175,Transitar na contramão,Colisão frontal,Com Vítimas Feridas,Plena Noite,Crescente,Céu Claro,Simples,Reta,Sim,0.0,1.0,0.0,1.0,0.0,1.0,2.0,2.0,SPRF-ES,DEL01-ES,UOP02-DEL01-ES,1,grave
2025-11-29,10:00,2025-11-29 10:00:00,2025.0,11.0,sabado,10.0,manha,ES,SERRA,True,101.0,BR-101,268.0,-20.215477,-40.26965,Avarias e/ou desgaste excessivo no pneu,Tombamento,Com Vítimas Feridas,Pleno dia,Crescente,Céu Claro,Múltipla,Reta,Sim,0.0,0.0,2.0,2.0,0.0,0.0,1.0,2.0,SPRF-ES,DEL02-ES,UOP01-DEL02-ES,0,moderado
2025-11-29,12:40,2025-11-29 12:40:00,2025.0,11.0,sabado,12.0,tarde,ES,SERRA,True,101.0,BR-101,241.0,-20.03502428,-40.39516926,Frear bruscamente,Colisão com objeto,Com Vítimas Feridas,Pleno dia,Crescente,Céu Claro,Simples,Reta,Não,0.0,0.0,1.0,1.0,1.0,0.0,1.0,2.0,SPRF-ES,DEL02-ES,UOP01-DEL02-ES,0,moderado
2025-11-29,12:00,2025-11-29 12:00:00,2025.0,11.0,sabado,12.0,tarde,ES,SERRA,True,101.0,BR-101,264.5,-20.17856647,-40.26523501,Condutor desrespeitou a iluminação vermelha do semáforo,Colisão transversal,Com Vítimas Feridas,Pleno dia,Decrescente,Céu Claro,Múltipla,Interseção de Vias,Sim,0.0,0.0,1.0,1.0,1.0,1.0,2.0,3.0,SPRF-ES,DEL02-ES,UOP01-DEL02-ES,0,moderado
2025-11-29,14:45,2025-11-29 14:45:00,2025.0,11.0,sabado,14.0,tarde,ES,SAO MATEUS,False,101.0,BR-101,68.9,-18.73137949,-39.86028671,Ingestão de álcool pelo condutor,Saída de leito carroçável,Com Vítimas Feridas,Pleno dia,Decrescente,Nublado,Simples,Reta;Declive,Não,0.0,1.0,0.0,1.0,0.0,0.0,1.0,1.0,SPRF-ES,DEL04-ES,UOP02-DEL04-ES,1,grave
2025-11-29,17:00,2025-11-29 17:00:00,2025.0,11.0,sabado,17.0,tarde,ES,DOMINGOS MARTINS,False,262.0,BR-262,43.8,-20.38774765,-40.66826174,Acessar a via sem observar a presença dos outros veículos,Colisão transversal,Com Vítimas Feridas,Pleno dia,Crescente,Nublado,Simples,Reta,Não,0.0,1.0,0.0,1.0,1.0,0.0,2.0,2.0,SPRF-ES,DEL01-ES,UOP01-DEL01-ES,1,grave
2025-11-29,15:00,2025-11-29 15:00:00,2025.0,11.0,sabado,15.0,tarde,ES,COLATINA,False,259.0,BR-259,52.0,-19.49735739,-40.64373494,Pista Escorregadia,Tombamento,Com Vítimas Feridas,Pleno dia,Crescente,Céu Claro,Simples,Reta,Sim,0.0,0.0,2.0,2.0,0.0,0.0,1.0,2.0,SPRF-ES,DEL02-ES,UOP01-DEL02-ES,0,moderado
2025-11-29,18:30,2025-11-29 18:30:00,2025.0,11.0,sabado,18.0,noite,ES,GUARAPARI,True,101.0,BR-101,338.9,-20.643601,-40.557605,Reação tardia ou ineficiente do condutor,Tombamento,Com Vítimas Feridas,Plena Noite,Crescente,Céu Claro,Dupla,Curva,Não,0.0,0.0,1.0,1.0,0.0,0.0,1.0,1.0,SPRF-ES,DEL03-ES,UOP01-DEL03-ES,0,moderado
2025-11-29,20:00,2025-11-29 20:00:00,2025.0,11.0,sabado,20.0,noite,ES,JOAO NEIVA,False,259.0,BR-259,21.0,-19.64397,-40.464147,Transitar na contramão,Colisão frontal,Com Vítimas Feridas,Plena Noite,Decrescente,Nublado,Simples,Curva;Aclive,Não,0.0,1.0,0.0,1.0,1.0,0.0,2.0,2.0,SPRF-ES,DEL02-ES,UOP01-DEL02-ES,1,grave
2025-11-30,00:56,2025-11-30 00:56:00,2025.0,11.0,domingo,0.0,madrugada,ES,VIANA,True,262.0,BR-262,25.0,-20.37982037,-40.53944048,Ausência de reação do condutor,Colisão com objeto,Sem Vítimas,Plena Noite,Decrescente,Nublado,Simples,Reta,Não,0.0,0.0,0.0,0.0,0.0,1.0,1.0,1.0,SPRF-ES,DEL01-ES,UOP01-DEL01-ES,0,baixo
2025-11-30,14:30,2025-11-30 14:30:00,2025.0,11.0,domingo,14.0,tarde,ES,VIANA,True,101.0,BR-101,301.9,-20.36915421,-40.44419241,Transitar na contramão,Colisão transversal,Com Vítimas Feridas,Pleno dia,Crescente,Céu Claro,Dupla,Interseção de Vias;Viaduto;Retorno Regulamentado,Sim,0.0,0.0,1.0,1.0,1.0,0.0,2.0,2.0,SPRF-ES,DEL01-ES,UOP01-DEL01-ES,0,moderado
2025-11-30,15:25,2025-11-30 15:25:00,2025.0,11.0,domingo,15.0,tarde,ES,LINHARES,False,101.0,BR-101,115.0,-19.14168157,-40.06400585,Condutor Dormindo,Colisão lateral sentido oposto,Com Vítimas Feridas,Pleno dia,Crescente,Céu Claro,Simples,Aclive;Reta,Não,0.0,0.0,1.0,1.0,1.0,0.0,2.0,2.0,SPRF-ES,DEL04-ES,UOP01-DEL04-ES,0,moderado
2025-11-30,16:20,2025-11-30 16:20:00,2025.0,11.0,domingo,16.0,tarde,ES,VIANA,True,101.0,BR-101,304.0,-20.38281969,-40.45924783,Ausência de reação do condutor,Colisão traseira,Com Vítimas Feridas,Pleno dia,Decrescente,Céu Claro,Dupla,Reta,Não,0.0,0.0,1.0,1.0,2.0,0.0,3.0,3.0,SPRF-ES,DEL01-ES,UOP01-DEL01-ES,0,moderado
2025-11-30,19:31,2025-11-30 19:31:00,2025.0,11.0,domingo,19.0,noite,ES,SERRA,True,101.0,BR-101,268.8,-20.22178,-40.27003,Condutor desrespeitou a iluminação vermelha do semáforo,Colisão transversal,Com Vítimas Feridas,Plena Noite,Decrescente,Céu Claro,Dupla,Interseção de Vias;Reta,Sim,0.0,0.0,1.0,1.0,0.0,2.0,2.0,3.0,SPRF-ES,DEL02-ES,UOP01-DEL02-ES,0,moderado
2025-11-30,22:10,2025-11-30 22:10:00,2025.0,11.0,domingo,22.0,noite,ES,VENDA NOVA DO IMIGRANTE,False,262.0,BR-262,106.2,-20.32806,-41.148948,Condutor deixou de manter distância do veículo da frente,Colisão traseira,Com Vítimas Feridas,Plena Noite,Decrescente,Nublado,Simples,Aclive;Reta,Não,0.0,1.0,3.0,4.0,0.0,0.0,3.0,4.0,SPRF-ES,DEL01-ES,UOP02-DEL01-ES,1,grave
2025-12-01,06:25,2025-12-01 06:25:00,2025.0,12.0,segunda,6.0,manha,ES,MIMOSO DO SUL,False,101.0,BR-101,448.0,-21.13094177,-41.28044128,Acessar a via sem observar a presença dos outros veículos,Colisão transversal,Com Vítimas Feridas,Amanhecer,Crescente,Céu Claro,Simples,Declive;Interseção de Vias,Sim,0.0,0.0,1.0,1.0,1.0,0.0,2.0,2.0,SPRF-ES,DEL03-ES,UOP02-DEL03-ES,0,moderado
2025-12-01,06:40,2025-12-01 06:40:00,2025.0,12.0,segunda,6.0,manha,ES,VIANA,True,101.0,BR-101,297.0,-20.34947557,-40.41257501,Animais na Pista,Tombamento,Com Vítimas Feridas,Pleno dia,Crescente,Céu Claro,Múltipla,Reta,Sim,0.0,0.0,1.0,1.0,1.0,0.0,1.0,2.0,SPRF-ES,DEL01-ES,UOP01-DEL01-ES,0,moderado
2025-12-01,09:20,2025-12-01 09:20:00,2025.0,12.0,segunda,9.0,manha,ES,SERRA,True,101.0,BR-101,268.5,-20.212882,-40.269644,Manobra de mudança de faixa,Colisão lateral mesmo sentido,Com Vítimas Feridas,Pleno dia,Decrescente,Sol,Dupla,Reta,Sim,0.0,0.0,1.0,1.0,1.0,0.0,2.0,2.0,SPRF-ES,DEL02-ES,UOP01-DEL02-ES,0,moderado
2025-12-01,18:50,2025-12-01 18:50:00,2025.0,12.0,segunda,18.0,noite,ES,CARIACICA,True,101.0,BR-101,296.0,-20.340234,-40.40419579,Trafegar com motocicleta (ou similar) entre as faixas,Colisão traseira,Com Vítimas Feridas,Plena Noite,Decrescente,Céu Claro,Múltipla,Interseção de Vias,Sim,0.0,0.0,1.0,1.0,1.0,0.0,2.0,2.0,SPRF-ES,DEL01-ES,UOP01-DEL01-ES,0,moderado
2025-12-01,19:01,2025-12-01 19:01:00,2025.0,12.0,segunda,19.0,noite,ES,LINHARES,False,101.0,BR-101,148.3,-19.3921858,-40.0665988,Condutor deixou de manter distância do veículo da frente,Colisão traseira,Com Vítimas Feridas,Plena Noite,Decrescente,Céu Claro,Dupla,Reta,Sim,0.0,0.0,1.0,1.0,1.0,0.0,2.0,2.0,SPRF-ES,DEL04-ES,UOP01-DEL04-ES,0,moderado
2025-12-01,19:20,2025-12-01 19:20:00,2025.0,12.0,segunda,19.0,noite,ES,LINHARES,False,101.0,BR-101,148.7,-19.3946382,-40.0653978,Condutor desrespeitou a iluminação vermelha do semáforo,Colisão transversal,Com Vítimas Feridas,Plena Noite,Decrescente,Céu Claro,Múltipla,Reta;Interseção de Vias,Sim,0.0,2.0,1.0,3.0,0.0,0.0,2.0,3.0,SPRF-ES,DEL04-ES,UOP01-DEL04-ES,1,grave
2025-12-02,12:00,2025-12-02 12:00:00,2025.0,12.0,terca,12.0,tarde,ES,CARIACICA,True,101.0,BR-101,289.9,-20.29580478,-40.39365856,Demais falhas na via,Colisão transversal,Com Vítimas Feridas,Pleno dia,Crescente,Céu Claro,Dupla,Reta;Retorno Regulamentado,Não,0.0,0.0,1.0,1.0,0.0,2.0,3.0,3.0,SPRF-ES,DEL01-ES,UOP01-DEL01-ES,0,moderado