data,hora,data_hora,ano,mes,dia_semana,hora_dia,periodo_dia,uf,municipio,regiao_grande_vitoria,rodovia,rodovia_label,km,latitude,longitude,causa,tipo_acidente,classificacao,fase_dia,sentido_via,condicao_metereologica,tipo_pista,tracado_via,uso_solo,mortos,feridos_graves,feridos_leves,feridos,ilesos,ignorados,veiculos,pessoas,regional,delegacia,uop,risco_alto,nivel_risco
2025-12-02,13:00,2025-12-02 13:00:00,2025.0,12.0,terca,13.0,tarde,ES,SERRA,True,101.0,BR-101,260.0,-20.1696543,-40.26997107,Manobra de mudança de faixa,Colisão traseira,Com Vítimas Feridas,Pleno dia,Decrescente,Céu Claro,Dupla,Reta;Aclive,Não,0.0,0.0,1.0,1.0,1.0,0.0,2.0,2.0,SPRF-ES,DEL02-ES,UOP01-DEL02-ES,0,moderado
2025-12-02,18:50,2025-12-02 18:50:00,2025.0,12.0,terca,18.0,noite,ES,SERRA,True,101.0,BR-101,267.1,-20.2013021,-40.2688101,Manobra de mudança de faixa,Colisão lateral mesmo sentido,Com Vítimas Feridas,Plena Noite,Crescente,Céu Claro,Múltipla,Reta,Sim,0.0,1.0,1.0,2.0,1.0,0.0,2.0,3.0,SPRF-ES,DEL02-ES,UOP01-DEL02-ES,1,grave
2025-12-02,20:00,2025-12-02 20:00:00,2025.0,12.0,terca,20.0,noite,ES,ARACRUZ,False,101.0,BR-101,186.5,-19.66483023,-40.24905866,Demais falhas mecânicas ou elétricas,Saída de leito carroçável,Sem Vítimas,Plena Noite,Decrescente,Céu Claro,Simples,Curva;Aclive,Não,0.0,0.0,0.0,0.0,0.0,1.0,1.0,1.0,SPRF-ES,DEL04-ES,UOP01-DEL04-ES,0,baixo
2025-12-03,09:20,2025-12-03 09:20:00,2025.0,12.0,quarta,9.0,manha,ES,SERRA,True,101.0,BR-101,265.2,-20.1841415,-40.26664853,Transitar na contramão,Colisão frontal,Com Vítimas Feridas,Pleno dia,Decrescente,Céu Claro,Múltipla,Aclive;Reta,Sim,0.0,1.0,0.0,1.0,1.0,0.0,2.0,2.0,SPRF-ES,DEL02-ES,UOP01-DEL02-ES,1,grave
2025-12-03,13:15,2025-12-03 13:15:00,2025.0,12.0,quarta,13.0,tarde,ES,VIANA,True,262.0,BR-262,19.5,-20.39189406,-40.49034834,Ausência de reação do condutor,Colisão traseira,Com Vítimas Feridas,Pleno dia,Decrescente,Nublado,Simples,Reta,Sim,0.0,0.0,1.0,1.0,1.0,0.0,2.0,2.0,SPRF-ES,DEL01-ES,UOP01-DEL01-ES,0,moderado
2025-10-09,18:16,2025-10-09 18:16:00,2025.0,10.0,quinta,18.0,noite,ES,CARIACICA,True,101.0,BR-101,289.1,-20.281178,-40.393028,Reação tardia ou ineficiente do condutor,Queda de ocupante de veículo,Com Vítimas Feridas,Plena Noite,Crescente,Garoa/Chuvisco,Dupla,Declive;Curva,Sim,0.0,0.0,2.0,2.0,0.0,0.0,1.0,2.0,SPRF-ES,DEL01-ES,UOP01-DEL01-ES,0,moderado
2025-12-03,16:30,2025-12-03 16:30:00,2025.0,12.0,quarta,16.0,tarde,ES,VIANA,True,101.0,BR-101,297.9,-20.35170871,-40.41286469,Condutor deixou de manter distância do veículo da frente,Colisão lateral mesmo sentido,Com Vítimas Feridas,Pleno dia,Decrescente,Nublado,Dupla,Reta,Sim,0.0,0.0,1.0,1.0,1.0,0.0,2.0,2.0,SPRF-ES,DEL01-ES,UOP01-DEL01-ES,0,moderado
2025-12-03,19:00,2025-12-03 19:00:00,2025.0,12.0,quarta,19.0,noite,ES,CARIACICA,True,101.0,BR-101,294.0,-20.32960171,-40.39912271,Pista Escorregadia,Tombamento,Com Vítimas Feridas,Plena Noite,Crescente,Chuva,Dupla,Reta,Sim,0.0,0.0,1.0,1.0,0.0,0.0,1.0,1.0,SPRF-ES,DEL01-ES,UOP01-DEL01-ES,0,moderado
2025-12-03,20:10,2025-12-03 20:10:00,2025.0,12.0,quarta,20.0,noite,ES,CACHOEIRO DE ITAPEMIRIM,False,393.0,BR-393,2.0,-20.83252672,-41.17617695,Condutor deixou de manter distância do veículo da frente,Colisão traseira,Com Vítimas Feridas,Plena Noite,Crescente,Chuva,Simples,Reta,Sim,0.0,0.0,1.0,1.0,0.0,1.0,2.0,2.0,SPRF-ES,DEL03-ES,UOP02-DEL03-ES,0,moderado
2025-12-04,06:10,2025-12-04 06:10:00,2025.0,12.0,quinta,6.0,manha,ES,SERRA,True,101.0,BR-101,270.5,-20.2212404,-40.27022158,Reação tardia ou ineficiente do condutor,Tombamento,Com Vítimas Feridas,Pleno dia,Crescente,Céu Claro,Múltipla,Reta,Não,0.0,0.0,1.0,1.0,0.0,0.0,1.0,1.0,SPRF-ES,DEL02-ES,UOP01-DEL02-ES,0,moderado
2025-12-04,18:40,2025-12-04 18:40:00,2025.0,12.0,quinta,18.0,noite,ES,SOORETAMA,False,101.0,BR-101,125.8,-19.20105214,-40.09592414,Ausência de reação do condutor,Atropelamento de Pedestre,Com Vítimas Feridas,Plena Noite,Crescente,Chuva,Dupla,Reta,Sim,0.0,1.0,0.0,1.0,1.0,0.0,2.0,2.0,SPRF-ES,DEL04-ES,UOP01-DEL04-ES,1,grave
2025-12-05,07:08,2025-12-05 07:08:00,2025.0,12.0,sexta,7.0,manha,ES,MARECHAL FLORIANO,False,262.0,BR-262,47.0,-20.4120777,-40.68847004,Reação tardia ou ineficiente do condutor,Saída de leito carroçável,Com Vítimas Feridas,Pleno dia,Crescente,Garoa/Chuvisco,Simples,Reta,Não,0.0,1.0,0.0,1.0,0.0,0.0,1.0,1.0,SPRF-ES,DEL01-ES,UOP01-DEL01-ES,1,grave
2025-12-05,08:30,2025-12-05 08:30:00,2025.0,12.0,sexta,8.0,manha,ES,CARIACICA,True,101.0,BR-101,290.0,-20.29561359,-40.3936014,Manobra de mudança de faixa,Colisão lateral mesmo sentido,Com Vítimas Feridas,Pleno dia,Decrescente,Céu Claro,Dupla,Reta,Sim,0.0,0.0,1.0,1.0,0.0,1.0,2.0,2.0,SPRF-ES,DEL01-ES,UOP01-DEL01-ES,0,moderado
2025-12-05,16:26,2025-12-05 16:26:00,2025.0,12.0,sexta,16.0,tarde,ES,SERRA,True,101.0,BR-101,270.0,-20.2179094,-40.35273671,Entrada inopinada do pedestre,Atropelamento de Pedestre,Com Vítimas Feridas,Pleno dia,Crescente,Céu Claro,Dupla,Reta,Não,0.0,0.0,1.0,1.0,1.0,0.0,2.0,2.0,SPRF-ES,DEL02-ES,UOP01-DEL02-ES,0,moderado
2025-12-06,11:04,2025-12-06 11:04:00,2025.0,12.0,sabado,11.0,manha,ES,COLATINA,False,259.0,BR-259,56.0,-19.49728877,-40.64565003,Demais falhas mecânicas ou elétricas,Queda de ocupante de veículo,Com Vítimas Feridas,Pleno dia,Crescente,Céu Claro,Simples,Reta,Não,0.0,0.0,1.0,1.0,0.0,0.0,1.0,1.0,SPRF-ES,DEL02-ES,UOP01-DEL02-ES,0,moderado
2025-12-06,11:40,2025-12-06 11:40:00,2025.0,12.0,sabado,11.0,manha,ES,VIANA,True,101.0,BR-101,298.4,-20.35572412,-40.41733788,Ausência de reação do condutor,Tombamento,Com Vítimas Feridas,Pleno dia,Decrescente,Céu Claro,Múltipla,Reta,Sim,0.0,0.0,1.0,1.0,0.0,0.0,1.0,1.0,SPRF-ES,DEL01-ES,UOP01-DEL01-ES,0,moderado
2025-12-06,10:40,2025-12-06 10:40:00,2025.0,12.0,sabado,10.0,manha,ES,SAO MATEUS,False,101.0,BR-101,65.9,-18.716065,-39.87591,Demais falhas mecânicas ou elétricas,Colisão traseira,Com Vítimas Feridas,Pleno dia,Crescente,Garoa/Chuvisco,Múltipla,Reta,Sim,0.0,0.0,1.0,1.0,1.0,0.0,2.0,2.0,SPRF-ES,DEL04-ES,UOP02-DEL04-ES,0,moderado
2025-12-06,16:30,2025-12-06 16:30:00,2025.0,12.0,sabado,16.0,tarde,ES,LINHARES,False,101.0,BR-101,145.9,-19.39664287,-40.06435848,Ingestão de álcool pelo condutor,Colisão traseira,Sem Vítimas,Pleno dia,Crescente,Chuva,Múltipla,Reta;Declive,Sim,0.0,0.0,0.0,0.0,4.0,0.0,3.0,4.0,SPRF-ES,DEL04-ES,UOP01-DEL04-ES,0,baixo
2025-12-06,16:40,2025-12-06 16:40:00,2025.0,12.0,sabado,16.0,tarde,ES,LINHARES,False,101.0,BR-101,148.1,-19.37338,-40.0688415,Demais falhas mecânicas ou elétricas,Colisão com objeto,Sem Vítimas,Pleno dia,Decrescente,Nublado,Dupla,Reta,Sim,0.0,0.0,0.0,0.0,1.0,0.0,1.0,1.0,SPRF-ES,DEL04-ES,UOP01-DEL04-ES,0,baixo
2025-12-06,21:30,2025-12-06 21:30:00,2025.0,12.0,sabado,21.0,noite,ES,CACHOEIRO DE ITAPEMIRIM,False,393.0,BR-393,0.3,-20.78944784,-41.12659454,Ultrapassagem Indevida,Colisão transversal,Com Vítimas Feridas,Plena Noite,Crescente,Nublado,Simples,Reta,Sim,0.0,1.0,0.0,1.0,1.0,0.0,2.0,2.0,SPRF-ES,DEL03-ES,UOP02-DEL03-ES,1,grave
2025-12-07,04:30,2025-12-07 04:30:00,2025.0,12.0,domingo,4.0,madrugada,ES,ATILIO VIVACQUA,False,101.0,BR-101,427.1,-21.01260914,-41.14742982,Condutor Dormindo,Saída de leito carroçável,Com Vítimas Feridas,Pleno dia,Crescente,Nublado,Simples,Curva,Não,0.0,1.0,1.0,2.0,0.0,0.0,1.0,2.0,SPRF-ES,DEL03-ES,UOP02-DEL03-ES,1,grave
2025-12-07,08:55,2025-12-07 08:55:00,2025.0,12.0,domingo,8.0,manha,ES,COLATINA,False,259.0,BR-259,59.0,-19.524694,-40.67323,Condutor deixou de manter distância do veículo da frente,Colisão traseira,Com Vítimas Feridas,Pleno dia,Crescente,Nublado,Simples,Reta,Não,0.0,0.0,1.0,1.0,1.0,0.0,2.0,2.0,SPRF-ES,DEL02-ES,UOP01-DEL02-ES,0,moderado
2025-12-07,09:01,2025-12-07 09:01:00,2025.0,12.0,domingo,9.0,manha,ES,IBIRACU,False,101.0,BR-101,210.0,-19.801623,-40.36817,Transitar na contramão,Colisão frontal,Com Vítimas Feridas,Pleno dia,Crescente,Céu Claro,Simples,Curva,Não,0.0,2.0,3.0,5.0,1.0,0.0,3.0,6.0,SPRF-ES,DEL02-ES,UOP01-DEL02-ES,1,grave
2025-12-07,14:20,2025-12-07 14:20:00,2025.0,12.0,domingo,14.0,tarde,ES,VENDA NOVA DO IMIGRANTE,False,262.0,BR-262,102.0,-20.34907732,-41.1030234,Reação tardia ou ineficiente do condutor,Tombamento,Com Vítimas Feridas,Pleno dia,Crescente,Nublado,Simples,Curva,Não,0.0,0.0,1.0,1.0,0.0,0.0,1.0,1.0,SPRF-ES,DEL01-ES,UOP02-DEL01-ES,0,moderado
2025-12-07,19:20,2025-12-07 19:20:00,2025.0,12.0,domingo,19.0,noite,ES,MARECHAL FLORIANO,False,262.0,BR-262,48.5,-20.41173426,-40.69081513,Ultrapassagem Indevida,Colisão frontal,Com Vítimas Feridas,Plena Noite,Crescente,Nublado,Simples,Reta;Aclive,Não,0.0,1.0,2.0,3.0,1.0,0.0,2.0,4.0,SPRF-ES,DEL01-ES,UOP01-DEL01-ES,1,grave
2025-12-08,07:15,2025-12-08 07:15:00,2025.0,12.0,segunda,7.0,manha,ES,JOAO NEIVA,False,101.0,BR-101,204.7,-19.75567866,-40.37995845,Acessar a via sem observar a presença dos outros veículos,Colisão transversal,Com Vítimas Feridas,Pleno dia,Decrescente,Sol,Simples,Rotatória,Sim,0.0,0.0,1.0,1.0,1.0,0.0,2.0,2.0,SPRF-ES,DEL02-ES,UOP01-DEL02-ES,0,moderado
2025-12-08,07:40,2025-12-08 07:40:00,2025.0,12.0,segunda,7.0,manha,ES,CARIACICA,True,101.0,BR-101,289.7,-20.28418637,-40.39286321,Manobra de mudança de faixa,Colisão traseira,Com Vítimas Feridas,Pleno dia,Crescente,Céu Claro,Dupla,Reta;Aclive,Não,0.0,0.0,1.0,1.0,1.0,0.0,2.0,2.0,SPRF-ES,DEL01-ES,UOP01-DEL01-ES,0,moderado
2025-12-08,09:40,2025-12-08 09:40:00,2025.0,12.0,segunda,9.0,manha,ES,SERRA,True,101.0,BR-101,7.6,-20.12142,-40.34232,Condutor Dormindo,Colisão com objeto,Com Vítimas Feridas,Pleno dia,Crescente,Céu Claro,Dupla,Reta,Não,0.0,1.0,0.0,1.0,1.0,0.0,1.0,2.0,SPRF-ES,DEL02-ES,UOP01-DEL02-ES,1,grave
2025-12-08,11:10,2025-12-08 11:10:00,2025.0,12.0,segunda,11.0,manha,ES,SERRA,True,101.0,BR-101,269.0,-20.22393,-40.27055,Manobra de mudança de faixa,Colisão lateral mesmo sentido,Com Vítimas Feridas,Pleno dia,Crescente,Céu Claro,Dupla,Reta,Sim,0.0,1.0,0.0,1.0,1.0,1.0,3.0,3.0,SPRF-ES,DEL02-ES,UOP01-DEL02-ES,1,grave
2025-12-08,11:00,2025-12-08 11:00:00,2025.0,12.0,segunda,11.0,manha,ES,CARIACICA,True,101.0,BR-101,290.5,-20.29504551,-40.39338112,Manobra de mudança de faixa,Colisão transversal,Com Vítimas Feridas,Pleno dia,Decrescente,Céu Claro,Dupla,Retorno Regulamentado,Não,0.0,0.0,1.0,1.0,1.0,2.0,3.0,4.0,SPRF-ES,DEL01-ES,UOP01-DEL01-ES,0,moderado
2025-12-08,13:35,2025-12-08 13:35:00,2025.0,12.0,segunda,13.0,tarde,ES,SAO MATEUS,False,101.0,BR-101,46.8,-18.66925107,-39.86730069,Reação tardia ou ineficiente do condutor,Colisão com objeto,Com Vítimas Feridas,Pleno dia,Crescente,Céu Claro,Simples,Reta,Não,0.0,0.0,1.0,1.0,0.0,0.0,1.0,1.0,SPRF-ES,DEL04-ES,UOP02-DEL04-ES,0,moderado
2025-12-08,18:50,2025-12-08 18:50:00,2025.0,12.0,segunda,18.0,noite,ES,VENDA NOVA DO IMIGRANTE,False,262.0,BR-262,106.0,-20.328453,-41.149685,Acessar a via sem observar a presença dos outros veículos,Colisão lateral mesmo sentido,Sem Vítimas,Plena Noite,Decrescente,Céu Claro,Simples,Reta,Sim,0.0,0.0,0.0,0.0,2.0,0.0,2.0,2.0,SPRF-ES,DEL01-ES,UOP02-DEL01-ES,0,baixo
2025-12-09,08:30,2025-12-09 08:30:00,2025.0,12.0,terca,8.0,manha,ES,IBIRACU,False,101.0,BR-101,219.0,-19.8634551,-40.38297325,Ausência de reação do condutor,Queda de ocupante de veículo,Com Vítimas Feridas,Pleno dia,Crescente,Céu Claro,Dupla,Reta,Não,0.0,0.0,1.0,1.0,0.0,0.0,1.0,1.0,SPRF-ES,DEL02-ES,UOP01-DEL02-ES,0,moderado
2025-12-09,19:01,2025-12-09 19:01:00,2025.0,12.0,terca,19.0,noite,ES,ARACRUZ,False,101.0,BR-101,179.4,-19.619935,-40.21807,Acesso irregular,Colisão traseira,Com Vítimas Feridas,Plena Noite,Crescente,Céu Claro,Simples,Reta,Não,0.0,1.0,1.0,2.0,1.0,0.0,2.0,3.0,SPRF-ES,DEL04-ES,UOP01-DEL04-ES,1,grave
2025-12-10,06:40,2025-12-10 06:40:00,2025.0,12.0,quarta,6.0,manha,ES,GUARAPARI,True,101.0,BR-101,332.3,-20.61234008,-40.51075459,Velocidade Incompatível,Colisão com objeto,Com Vítimas Feridas,Pleno dia,Crescente,Chuva,Dupla,Curva,Não,0.0,0.0,1.0,1.0,0.0,0.0,1.0,1.0,SPRF-ES,DEL03-ES,UOP01-DEL03-ES,0,moderado
2025-12-10,06:40,2025-12-10 06:40:00,2025.0,12.0,quarta,6.0,manha,ES,LINHARES,False,101.0,BR-101,137.0,-19.29395171,-40.08598486,Desrespeitar a preferência no cruzamento,Colisão transversal,Com Vítimas Feridas,Pleno dia,Decrescente,Céu Claro,Simples,Reta;Interseção de Vias,Não,0.0,1.0,1.0,2.0,0.0,0.0,2.0,2.0,SPRF-ES,DEL04-ES,UOP01-DEL04-ES,1,grave
2025-12-10,08:10,2025-12-10 08:10:00,2025.0,12.0,quarta,8.0,manha,ES,MARECHAL FLORIANO,False,262.0,BR-262,50.3,-20.415939,-40.706626,Velocidade Incompatível,Tombamento,Com Vítimas Feridas,Pleno dia,Decrescente,Garoa/Chuvisco,Simples,Curva,Não,0.0,1.0,0.0,1.0,1.0,0.0,2.0,2.0,SPRF-ES,DEL01-ES,UOP01-DEL01-ES,1,grave
2025-12-10,07:30,2025-12-10 07:30:00,2025.0,12.0,quarta,7.0,manha,ES,SERRA,True,101.0,BR-101,265.0,-20.18999587,-40.26842147,Ausência de reação do condutor,Queda de ocupante de veículo,Com Vítimas Feridas,Pleno dia,Crescente,Nublado,Múltipla,Interseção de Vias,Sim,0.0,0.0,1.0,1.0,0.0,0.0,1.0,1.0,SPRF-ES,DEL02-ES,UOP01-DEL02-ES,0,moderado
2025-12-10,15:40,2025-12-10 15:40:00,2025.0,12.0,quarta,15.0,tarde,ES,SAO MATEUS,False,101.0,BR-101,57.9,-18.6531564,-39.8721867,Acessar a via sem observar a presença dos outros veículos,Colisão transversal,Com Vítimas Feridas,Pleno dia,Decrescente,Céu Claro,Simples,Reta,Não,0.0,0.0,1.0,1.0,2.0,0.0,2.0,3.0,SPRF-ES,DEL04-ES,UOP02-DEL04-ES,0,moderado
2025-12-10,19:45,2025-12-10 19:45:00,2025.0,12.0,quarta,19.0,noite,ES,LINHARES,False,101.0,BR-101,147.0,-19.3970634,-40.06396294,Ausência de reação do condutor,Queda de ocupante de veículo,Com Vítimas Feridas,Plena Noite,Crescente,Céu Claro,Dupla,Reta,Sim,0.0,0.0,1.0,1.0,0.0,0.0,1.0,1.0,SPRF-ES,DEL04-ES,UOP01-DEL04-ES,0,moderado
2025-12-11,07:30,2025-12-11 07:30:00,2025.0,12.0,quinta,7.0,manha,ES,SERRA,True,101.0,BR-101,256.0,-20.11769523,-40.31380177,Acessar a via sem observar a presença dos outros veículos,Colisão lateral mesmo sentido,Com Vítimas Feridas,Pleno dia,Crescente,Céu Claro,Simples,Reta,Sim,0.0,0.0,1.0,1.0,1.0,0.0,2.0,2.0,SPRF-ES,DEL02-ES,UOP01-DEL02-ES,0,moderado
2025-11-30,07:40,2025-11-30 07:40:00,2025.0,11.0,domingo,7.0,manha,ES,MARECHAL FLORIANO,False,262.0,BR-262,58.7,-20.42260556,-40.77545643,Condutor deixou de manter distância do veículo da frente,Colisão traseira,Com Vítimas Feridas,Pleno dia,Crescente,Céu Claro,Simples,Reta;Rotatória,Não,0.0,0.0,1.0,1.0,1.0,0.0,2.0,2.0,SPRF-ES,DEL01-ES,UOP01-DEL01-ES,0,moderado
2025-12-11,19:20,2025-12-11 19:20:00,2025.0,12.0,quinta,19.0,noite,ES,IBATIBA,False,262.0,BR-262,159.5,-20.23509648,-41.50741572,Entrada inopinada do pedestre,Atropelamento de Pedestre,Com Vítimas Feridas,Plena Noite,Crescente,Céu Claro,Simples,Reta,Sim,0.0,0.0,1.0,1.0,1.0,0.0,2.0,2.0,SPRF-ES,DEL01-ES,UOP02-DEL01-ES,0,moderado
2025-12-12,00:40,2025-12-12 00:40:00,2025.0,12.0,sexta,0.0,madrugada,ES,LINHARES,False,101.0,BR-101,157.0,-19.45861546,-40.10327188,Condutor Dormindo,Saída de leito carroçável,Com Vítimas Feridas,Plena Noite,Decrescente,Céu Claro,Simples,Reta,Não,0.0,0.0,1.0,1.0,0.0,0.0,1.0,1.0,SPRF-ES,DEL04-ES,UOP01-DEL04-ES,0,moderado
2025-12-12,10:10,2025-12-12 10:10:00,2025.0,12.0,sexta,10.0,manha,ES,DOMINGOS MARTINS,False,262.0,BR-262,90.0,-20.3808,-41.026,Reação tardia ou ineficiente do condutor,Colisão transversal,Com Vítimas Feridas,Pleno dia,Crescente,Céu Claro,Simples,Reta,Sim,0.0,1.0,0.0,1.0,1.0,1.0,3.0,3.0,SPRF-ES,DEL01-ES,UOP02-DEL01-ES,1,grave
2025-12-12,12:50,2025-12-12 12:50:00,2025.0,12.0,sexta,12.0,tarde,ES,LINHARES,False,101.0,BR-101,148.5,-19.39058308,-40.06761074,Ausência de reação do condutor,Colisão traseira,Com Vítimas Feridas,Pleno dia,Crescente,Céu Claro,Dupla,Reta,Sim,0.0,1.0,0.0,1.0,1.0,0.0,2.0,2.0,SPRF-ES,DEL04-ES,UOP01-DEL04-ES,1,grave
2025-12-12,13:40,2025-12-12 13:40:00,2025.0,12.0,sexta,13.0,tarde,ES,MARECHAL FLORIANO,False,262.0,BR-262,54.5,-20.41142805,-40.74691772,Conversão proibida,Colisão transversal,Com Vítimas Feridas,Pleno dia,Crescente,Céu Claro,Simples,Reta,Não,0.0,1.0,0.0,1.0,2.0,0.0,2.0,3.0,SPRF-ES,DEL01-ES,UOP01-DEL01-ES,1,grave
2025-07-19,20:00,2025-07-19 20:00:00,2025.0,7.0,sabado,20.0,noite,ES,COLATINA,False,259.0,BR-259,70.0,-19.49634034,-40.76209813,Ingestão de álcool pelo condutor,Saída de leito carroçável,Com Vítimas Feridas,Plena Noite,Decrescente,Céu Claro,Simples,Reta,Não,0.0,0.0,1.0,1.0,0.0,0.0,1.0,1.0,SPRF-ES,DEL02-ES,UOP01-DEL02-ES,0,moderado
2025-12-12,14:45,2025-12-12 14:45:00,2025.0,12.0,sexta,14.0,tarde,ES,COLATINA,False,259.0,BR-259,53.6,-19.49692,-40.63928,Manobra de mudança de faixa,Colisão lateral mesmo sentido,Com Vítimas Feridas,Pleno dia,Crescente,Chuva,Simples,Aclive;Reta,Não,0.0,0.0,1.0,1.0,1.0,0.0,2.0,2.0,SPRF-ES,DEL02-ES,UOP01-DEL02-ES,0,moderado
2025-12-12,16:27,2025-12-12 16:27:00,2025.0,12.0,sexta,16.0,tarde,ES,VIANA,True,262.0,BR-262,16.5,-20.384519,-40.468403,Condutor deixou de manter distância do veículo da frente,Colisão traseira,Com Vítimas Feridas,Pleno dia,Crescente,Nublado,Simples,Reta,Não,0.0,0.0,1.0,1.0,1.0,0.0,2.0,2.0,SPRF-ES,DEL01-ES,UOP01-DEL01-ES,0,moderado
2025-12-12,16:20,2025-12-12 16:20:00,2025.0,12.0,sexta,16.0,tarde,ES,JAGUARE,False,101.0,BR-101,94.0,-18.932449,-39.972644,Pedestre cruzava a pista fora da faixa,Atropelamento de Pedestre,Com Vítimas Feridas,Pleno dia,Crescente,Céu Claro,Simples,Rotatória;Retorno Regulamentado,Sim,0.0,0.0,1.0,1.0,1.0,0.0,2.0,2.0,SPRF-ES,DEL04-ES,UOP02-DEL04-ES,0,moderado
2025-12-12,18:00,2025-12-12 18:00:00,2025.0,12.0,sexta,18.0,noite,ES,LINHARES,False,101.0,BR-101,166.5,-19.52441699,-40.1491913,Acessar a via sem observar a presença dos outros veículos,Colisão transversal,Com Vítimas Feridas,Plena Noite,Decrescente,Céu Claro,Simples,Interseção de Vias,Sim,0.0,0.0,2.0,2.0,4.0,0.0,2.0,6.0,SPRF-ES,DEL04-ES,UOP01-DEL04-ES,0,moderado
2025-12-12,18:18,2025-12-12 18:18:00,2025.0,12.0,sexta,18.0,noite,ES,IBIRACU,False,101.0,BR-101,225.0,-19.90363615,-40.40822983,Condutor deixou de manter distância do veículo da frente,Colisão traseira,Com Vítimas Feridas,Plena Noite,Crescente,Nublado,Simples,Reta,Não,0.0,0.0,2.0,2.0,1.0,0.0,2.0,3.0,SPRF-ES,DEL02-ES,UOP01-DEL02-ES,0,moderado
2025-12-12,21:50,2025-12-12 21:50:00,2025.0,12.0,sexta,21.0,noite,ES,CARIACICA,True,101.0,BR-101,284.3,-20.24466117,-40.36977164,Avarias e/ou desgaste excessivo no pneu,Queda de ocupante de veículo,Com Vítimas Feridas,Plena Noite,Decrescente,Céu Claro,Dupla,Curva;Declive,Não,0.0,0.0,2.0,2.0,0.0,0.0,1.0,2.0,SPRF-ES,DEL01-ES,UOP01-DEL01-ES,0,moderado
2025-12-13,14:10,2025-12-13 14:10:00,2025.0,12.0,sabado,14.0,tarde,ES,CARIACICA,True,101.0,BR-101,292.0,-20.3063,-40.394986,Acessar a via sem observar a presença dos outros veículos,Colisão transversal,Com Vítimas Feridas,Pleno dia,Decrescente,Nublado,Dupla,Retorno Regulamentado;Reta,Sim,0.0,0.0,2.0,2.0,3.0,0.0,3.0,5.0,SPRF-ES,DEL01-ES,UOP01-DEL01-ES,0,moderado
2025-12-13,15:00,2025-12-13 15:00:00,2025.0,12.0,sabado,15.0,tarde,ES,CACHOEIRO DE ITAPEMIRIM,False,393.0,BR-393,3.0,-20.82828124,-41.18069609,Ingestão de álcool pelo condutor,Colisão transversal,Com Vítimas Feridas,Pleno dia,Crescente,Chuva,Simples,Reta,Sim,0.0,0.0,1.0,1.0,1.0,0.0,2.0,2.0,SPRF-ES,DEL03-ES,UOP02-DEL03-ES,0,moderado
2025-12-13,17:40,2025-12-13 17:40:00,2025.0,12.0,sabado,17.0,tarde,ES,VENDA NOVA DO IMIGRANTE,False,262.0,BR-262,104.0,-20.33117383,-41.13031002,Ingestão de álcool pelo condutor,Saída de leito carroçável,Sem Vítimas,Pleno dia,Crescente,Céu Claro,Simples,Reta,Sim,0.0,0.0,0.0,0.0,1.0,0.0,1.0,1.0,SPRF-ES,DEL01-ES,UOP02-DEL01-ES,0,baixo
2025-12-14,08:30,2025-12-14 08:30:00,2025.0,12.0,domingo,8.0,manha,ES,CONCEICAO DA BARRA,False,101.0,BR-101,35.1,-18.45,-39.93,Ausência de reação do condutor,Saída de leito carroçável,Com Vítimas Feridas,Pleno dia,Crescente,Céu Claro,Simples,Reta,Não,0.0,0.0,1.0,1.0,0.0,0.0,1.0,1.0,SPRF-ES,DEL04-ES,UOP02-DEL04-ES,0,moderado
2025-12-14,09:00,2025-12-14 09:00:00,2025.0,12.0,domingo,9.0,manha,ES,LINHARES,False,101.0,BR-101,167.7,-19.53284643,-40.1562171,Ingestão de álcool pelo condutor,Tombamento,Com Vítimas Feridas,Pleno dia,Crescente,Nublado,Simples,Retorno Regulamentado;Reta,Não,0.0,0.0,2.0,2.0,0.0,0.0,1.0,2.0,SPRF-ES,DEL04-ES,UOP01-DEL04-ES,0,moderado
2025-12-14,11:05,2025-12-14 11:05:00,2025.0,12.0,domingo,11.0,manha,ES,SAO MATEUS,False,101.0,BR-101,68.3,-18.72965901,-39.86004917,Condutor desrespeitou a iluminação vermelha do semáforo,Colisão traseira,Com Vítimas Feridas,Pleno dia,Decrescente,Céu Claro,Simples,Declive;Reta,Sim,0.0,0.0,1.0,1.0,1.0,1.0,2.0,3.0,SPRF-ES,DEL04-ES,UOP02-DEL04-ES,0,moderado
2025-12-14,13:20,2025-12-14 13:20:00,2025.0,12.0,domingo,13.0,tarde,ES,DOMINGOS MARTINS,False,262.0,BR-262,98.1,-20.35497788,-41.08725786,Acessar a via sem observar a presença dos outros veículos,Colisão transversal,Com Vítimas Feridas,Pleno dia,Crescente,Nublado,Simples,Interseção de Vias,Não,0.0,0.0,4.0,4.0,0.0,0.0,2.0,4.0,SPRF-ES,DEL01-ES,UOP02-DEL01-ES,0,moderado