data,hora,data_hora,ano,mes,dia_semana,hora_dia,periodo_dia,uf,municipio,regiao_grande_vitoria,rodovia,rodovia_label,km,latitude,longitude,causa,tipo_acidente,classificacao,fase_dia,sentido_via,condicao_metereologica,tipo_pista,tracado_via,uso_solo,mortos,feridos_graves,feridos_leves,feridos,ilesos,ignorados,veiculos,pessoas,regional,delegacia,uop,risco_alto,nivel_risco
2025-12-14,21:10,2025-12-14 21:10:00,2025.0,12.0,domingo,21.0,noite,ES,SOORETAMA,False,101.0,BR-101,126.5,-19.19737767,-40.09563446,Animais na Pista,Atropelamento de Animal,Com Vítimas Feridas,Plena Noite,Crescente,Nublado,Simples,Reta,Não,0.0,0.0,1.0,1.0,0.0,0.0,1.0,1.0,SPRF-ES,DEL04-ES,UOP01-DEL04-ES,0,moderado
2025-12-14,21:40,2025-12-14 21:40:00,2025.0,12.0,domingo,21.0,noite,ES,VENDA NOVA DO IMIGRANTE,False,262.0,BR-262,108.9,-20.33632245,-41.17842841,Acessar a via sem observar a presença dos outros veículos,Colisão transversal,Com Vítimas Feridas,Plena Noite,Crescente,Céu Claro,Dupla,Reta,Sim,0.0,0.0,1.0,1.0,1.0,0.0,2.0,2.0,SPRF-ES,DEL01-ES,UOP02-DEL01-ES,0,moderado
2025-12-14,22:10,2025-12-14 22:10:00,2025.0,12.0,domingo,22.0,noite,ES,CACHOEIRO DE ITAPEMIRIM,False,393.0,BR-393,3.0,-20.82728024,-41.18857831,Acumulo de areia ou detritos sobre o pavimento,Queda de ocupante de veículo,Com Vítimas Feridas,Plena Noite,Crescente,Chuva,Simples,Reta,Não,0.0,1.0,0.0,1.0,0.0,0.0,1.0,1.0,SPRF-ES,DEL03-ES,UOP02-DEL03-ES,1,grave
2025-12-14,22:20,2025-12-14 22:20:00,2025.0,12.0,domingo,22.0,noite,ES,VIANA,True,101.0,BR-101,299.2,-20.35754384,-40.42772339,Acessar a via sem observar a presença dos outros veículos,Tombamento,Com Vítimas Feridas,Plena Noite,Crescente,Nublado,Múltipla,Reta;Interseção de Vias,Sim,0.0,0.0,1.0,1.0,0.0,0.0,1.0,1.0,SPRF-ES,DEL01-ES,UOP01-DEL01-ES,0,moderado
2025-12-14,23:10,2025-12-14 23:10:00,2025.0,12.0,domingo,23.0,noite,ES,VIANA,True,262.0,BR-262,16.0,-20.38404811,-40.46566056,Acessar a via sem observar a presença dos outros veículos,Colisão transversal,Com Vítimas Feridas,Plena Noite,Crescente,Nublado,Simples,Curva,Não,0.0,0.0,1.0,1.0,1.0,0.0,2.0,2.0,SPRF-ES,DEL01-ES,UOP01-DEL01-ES,0,moderado
2025-12-15,08:00,2025-12-15 08:00:00,2025.0,12.0,segunda,8.0,manha,ES,RIO NOVO DO SUL,False,101.0,BR-101,393.0,-20.8655182,-40.92771953,Reação tardia ou ineficiente do condutor,Tombamento,Com Vítimas Feridas,Pleno dia,Crescente,Céu Claro,Simples,Declive;Curva,Não,0.0,0.0,1.0,1.0,0.0,0.0,1.0,1.0,SPRF-ES,DEL03-ES,UOP02-DEL03-ES,0,moderado
2025-12-15,10:40,2025-12-15 10:40:00,2025.0,12.0,segunda,10.0,manha,ES,SERRA,True,101.0,BR-101,3.9,-20.08930678,-40.35939217,Ausência de reação do condutor,Queda de ocupante de veículo,Com Vítimas Feridas,Pleno dia,Crescente,Céu Claro,Dupla,Reta,Não,0.0,0.0,1.0,1.0,0.0,0.0,1.0,1.0,SPRF-ES,DEL02-ES,UOP01-DEL02-ES,0,moderado
2025-12-15,14:45,2025-12-15 14:45:00,2025.0,12.0,segunda,14.0,tarde,ES,SERRA,True,101.0,BR-101,258.0,-20.13229445,-40.29416084,Ausência de reação do condutor,Colisão traseira,Com Vítimas Feridas,Pleno dia,Crescente,Nublado,Dupla,Aclive;Reta,Sim,0.0,1.0,0.0,1.0,0.0,1.0,2.0,2.0,SPRF-ES,DEL02-ES,UOP01-DEL02-ES,1,grave
2025-12-15,19:20,2025-12-15 19:20:00,2025.0,12.0,segunda,19.0,noite,ES,FUNDAO,True,101.0,BR-101,230.3,-19.94189349,-40.40590525,Conversão proibida,Colisão frontal,Com Vítimas Fatais,Plena Noite,Crescente,Céu Claro,Simples,Reta,Não,1.0,1.0,0.0,1.0,2.0,1.0,4.0,5.0,SPRF-ES,DEL02-ES,UOP01-DEL02-ES,1,fatal
2025-12-15,23:47,2025-12-15 23:47:00,2025.0,12.0,segunda,23.0,noite,ES,CACHOEIRO DE ITAPEMIRIM,False,393.0,BR-393,1.0,-20.83589803,-41.16940538,Ingestão de álcool pelo condutor,Colisão frontal,Com Vítimas Fatais,Plena Noite,Crescente,Nublado,Simples,Aclive;Reta,Não,1.0,1.0,0.0,1.0,1.0,0.0,2.0,3.0,SPRF-ES,DEL03-ES,UOP02-DEL03-ES,1,fatal
2025-12-16,07:15,2025-12-16 07:15:00,2025.0,12.0,terca,7.0,manha,ES,SERRA,True,101.0,BR-101,268.0,-20.20917,-40.2697,Manobra de mudança de faixa,Tombamento,Com Vítimas Feridas,Pleno dia,Crescente,Céu Claro,Dupla,Reta,Sim,0.0,0.0,4.0,4.0,1.0,0.0,3.0,5.0,SPRF-ES,DEL02-ES,UOP01-DEL02-ES,0,moderado
2025-12-16,07:30,2025-12-16 07:30:00,2025.0,12.0,terca,7.0,manha,ES,VILA VELHA,True,447.0,BR-447,15.0,-20.342445,-40.328595,Reação tardia ou ineficiente do condutor,Colisão traseira,Com Vítimas Feridas,Pleno dia,Crescente,Nublado,Dupla,Reta,Sim,0.0,0.0,2.0,2.0,1.0,0.0,2.0,3.0,SPRF-ES,DEL01-ES,UOP01-DEL01-ES,0,moderado
2025-12-16,10:00,2025-12-16 10:00:00,2025.0,12.0,terca,10.0,manha,ES,SERRA,True,101.0,BR-101,258.0,-20.14391,-40.29106,Reação tardia ou ineficiente do condutor,Tombamento,Com Vítimas Feridas,Pleno dia,Decrescente,Nublado,Simples,Aclive;Reta,Sim,0.0,0.0,2.0,2.0,0.0,0.0,1.0,2.0,SPRF-ES,DEL02-ES,UOP01-DEL02-ES,0,moderado
2025-12-16,12:55,2025-12-16 12:55:00,2025.0,12.0,terca,12.0,tarde,ES,VIANA,True,101.0,BR-101,298.0,-20.3587336,-40.42193818,Acessar a via sem observar a presença dos outros veículos,Colisão transversal,Com Vítimas Feridas,Pleno dia,Decrescente,Céu Claro,Dupla,Reta,Não,0.0,0.0,1.0,1.0,2.0,0.0,3.0,3.0,SPRF-ES,DEL01-ES,UOP01-DEL01-ES,0,moderado
2025-12-16,16:20,2025-12-16 16:20:00,2025.0,12.0,terca,16.0,tarde,ES,VIANA,True,101.0,BR-101,298.5,-20.35579272,-40.41825485,Desrespeitar a preferência no cruzamento,Colisão transversal,Com Vítimas Feridas,Pleno dia,Crescente,Céu Claro,Simples,Reta,Sim,0.0,0.0,1.0,1.0,0.0,1.0,2.0,2.0,SPRF-ES,DEL01-ES,UOP01-DEL01-ES,0,moderado
2025-12-16,19:30,2025-12-16 19:30:00,2025.0,12.0,terca,19.0,noite,ES,IBATIBA,False,262.0,BR-262,159.0,-20.23363484,-41.50573108,Ausência de sinalização,Colisão frontal,Com Vítimas Feridas,Plena Noite,Crescente,Nublado,Múltipla,Reta,Sim,0.0,1.0,0.0,1.0,1.0,0.0,2.0,2.0,SPRF-ES,DEL01-ES,UOP02-DEL01-ES,1,grave
2025-12-17,10:10,2025-12-17 10:10:00,2025.0,12.0,quarta,10.0,manha,ES,LINHARES,False,101.0,BR-101,149.0,-19.39654634,-40.06395992,Acumulo de areia ou detritos sobre o pavimento,Saída de leito carroçável,Com Vítimas Feridas,Pleno dia,Crescente,Céu Claro,Dupla,Reta,Sim,0.0,0.0,1.0,1.0,0.0,0.0,1.0,1.0,SPRF-ES,DEL04-ES,UOP01-DEL04-ES,0,moderado
2025-12-17,22:30,2025-12-17 22:30:00,2025.0,12.0,quarta,22.0,noite,ES,SERRA,True,101.0,BR-101,265.0,-20.182323,-40.265775,Ausência de reação do condutor,Colisão traseira,Com Vítimas Feridas,Plena Noite,Crescente,Nublado,Dupla,Reta,Sim,0.0,0.0,1.0,1.0,0.0,1.0,2.0,2.0,SPRF-ES,DEL02-ES,UOP01-DEL02-ES,0,moderado
2025-12-18,07:00,2025-12-18 07:00:00,2025.0,12.0,quinta,7.0,manha,ES,IBIRACU,False,101.0,BR-101,212.6,-19.8205687,-40.3686168,Acesso irregular,Colisão lateral mesmo sentido,Com Vítimas Feridas,Pleno dia,Crescente,Sol,Simples,Reta,Não,0.0,1.0,0.0,1.0,1.0,0.0,2.0,2.0,SPRF-ES,DEL02-ES,UOP01-DEL02-ES,1,grave
2025-12-18,08:30,2025-12-18 08:30:00,2025.0,12.0,quinta,8.0,manha,ES,SOORETAMA,False,101.0,BR-101,127.0,-19.20657173,-40.09513339,Ingestão de substâncias psicoativas pelo condutor,Tombamento,Com Vítimas Feridas,Pleno dia,Crescente,Céu Claro,Múltipla,Declive;Curva,Sim,0.0,0.0,1.0,1.0,0.0,0.0,1.0,1.0,SPRF-ES,DEL04-ES,UOP01-DEL04-ES,0,moderado
2025-12-18,12:00,2025-12-18 12:00:00,2025.0,12.0,quinta,12.0,tarde,ES,GUARAPARI,True,101.0,BR-101,320.8,-20.51909,-40.4782,Condutor deixou de manter distância do veículo da frente,Queda de ocupante de veículo,Com Vítimas Feridas,Pleno dia,Crescente,Sol,Múltipla,Reta,Não,0.0,0.0,1.0,1.0,0.0,0.0,1.0,1.0,SPRF-ES,DEL03-ES,UOP01-DEL03-ES,0,moderado
2025-12-18,22:30,2025-12-18 22:30:00,2025.0,12.0,quinta,22.0,noite,ES,SERRA,True,101.0,BR-101,261.0,-20.17060293,-40.26888145,Ausência de reação do condutor,Colisão com objeto,Sem Vítimas,Plena Noite,Decrescente,Céu Claro,Dupla,Reta,Sim,0.0,0.0,0.0,0.0,0.0,1.0,1.0,1.0,SPRF-ES,DEL02-ES,UOP01-DEL02-ES,0,baixo
2025-12-19,06:35,2025-12-19 06:35:00,2025.0,12.0,sexta,6.0,manha,ES,SAO MATEUS,False,101.0,BR-101,66.0,-18.74063156,-39.86114144,Condutor desrespeitou a iluminação vermelha do semáforo,Colisão transversal,Com Vítimas Feridas,Amanhecer,Crescente,Céu Claro,Dupla,Interseção de Vias,Sim,0.0,1.0,1.0,2.0,1.0,0.0,2.0,3.0,SPRF-ES,DEL04-ES,UOP02-DEL04-ES,1,grave
2025-12-19,13:35,2025-12-19 13:35:00,2025.0,12.0,sexta,13.0,tarde,ES,LINHARES,False,101.0,BR-101,147.0,-19.379499,-40.066643,Pedestre cruzava a pista fora da faixa,Atropelamento de Pedestre,Com Vítimas Feridas,Pleno dia,Crescente,Céu Claro,Simples,Interseção de Vias;Reta,Não,0.0,1.0,0.0,1.0,1.0,0.0,2.0,2.0,SPRF-ES,DEL04-ES,UOP01-DEL04-ES,1,grave
2025-12-19,13:40,2025-12-19 13:40:00,2025.0,12.0,sexta,13.0,tarde,ES,SERRA,True,101.0,BR-101,1.5,-20.08930678,-40.35913467,Velocidade Incompatível,Colisão com objeto,Com Vítimas Feridas,Pleno dia,Decrescente,Céu Claro,Dupla,Reta,Não,0.0,0.0,2.0,2.0,0.0,0.0,1.0,2.0,SPRF-ES,DEL02-ES,UOP01-DEL02-ES,0,moderado
2025-12-19,17:40,2025-12-19 17:40:00,2025.0,12.0,sexta,17.0,tarde,ES,SERRA,True,101.0,BR-101,268.9,-20.21673791,-40.27009606,Manobra de mudança de faixa,Colisão lateral mesmo sentido,Com Vítimas Feridas,Pleno dia,Decrescente,Nublado,Múltipla,Reta,Sim,0.0,0.0,1.0,1.0,0.0,1.0,2.0,2.0,SPRF-ES,DEL02-ES,UOP01-DEL02-ES,0,moderado
2025-12-19,18:30,2025-12-19 18:30:00,2025.0,12.0,sexta,18.0,noite,ES,CARIACICA,True,101.0,BR-101,294.0,-20.328523,-40.398269,Condutor deixou de manter distância do veículo da frente,Colisão traseira,Com Vítimas Feridas,Plena Noite,Crescente,Céu Claro,Dupla,Reta;Declive,Sim,0.0,0.0,1.0,1.0,1.0,0.0,2.0,2.0,SPRF-ES,DEL01-ES,UOP01-DEL01-ES,0,moderado
2025-12-19,19:40,2025-12-19 19:40:00,2025.0,12.0,sexta,19.0,noite,ES,IBIRACU,False,101.0,BR-101,214.9,-19.82973688,-40.37657992,Acessar a via sem observar a presença dos outros veículos,Colisão transversal,Com Vítimas Feridas,Plena Noite,Crescente,Nublado,Simples,Retorno Regulamentado,Sim,0.0,0.0,1.0,1.0,1.0,0.0,2.0,2.0,SPRF-ES,DEL02-ES,UOP01-DEL02-ES,0,moderado
2025-12-19,20:12,2025-12-19 20:12:00,2025.0,12.0,sexta,20.0,noite,ES,SERRA,True,101.0,BR-101,255.0,-20.12091896,-40.3083086,Pedestre andava na pista,Atropelamento de Pedestre,Com Vítimas Feridas,Plena Noite,Crescente,Céu Claro,Simples,Reta,Sim,0.0,0.0,1.0,1.0,1.0,0.0,2.0,2.0,SPRF-ES,DEL02-ES,UOP01-DEL02-ES,0,moderado
2025-12-19,20:35,2025-12-19 20:35:00,2025.0,12.0,sexta,20.0,noite,ES,DOMINGOS MARTINS,False,262.0,BR-262,94.0,-20.37409659,-41.05856385,Desrespeitar a preferência no cruzamento,Colisão transversal,Com Vítimas Feridas,Plena Noite,Crescente,Nublado,Simples,Reta,Não,0.0,1.0,2.0,3.0,3.0,0.0,2.0,6.0,SPRF-ES,DEL01-ES,UOP02-DEL01-ES,1,grave
2025-12-20,06:00,2025-12-20 06:00:00,2025.0,12.0,sabado,6.0,manha,ES,ITAPEMIRIM,False,101.0,BR-101,398.9,-20.878542,-40.966079,Pista Escorregadia,Queda de ocupante de veículo,Com Vítimas Feridas,Pleno dia,Decrescente,Garoa/Chuvisco,Múltipla,Reta,Não,0.0,0.0,1.0,1.0,0.0,0.0,1.0,1.0,SPRF-ES,DEL03-ES,UOP02-DEL03-ES,0,moderado
2025-12-20,09:30,2025-12-20 09:30:00,2025.0,12.0,sabado,9.0,manha,ES,SERRA,True,101.0,BR-101,255.4,-20.11788849,-40.31434232,Pedestre cruzava a pista fora da faixa,Atropelamento de Pedestre,Com Vítimas Feridas,Pleno dia,Decrescente,Nublado,Dupla,Reta,Sim,0.0,0.0,1.0,1.0,1.0,1.0,2.0,3.0,SPRF-ES,DEL02-ES,UOP01-DEL02-ES,0,moderado
2025-12-20,15:15,2025-12-20 15:15:00,2025.0,12.0,sabado,15.0,tarde,ES,COLATINA,False,259.0,BR-259,56.0,-19.51172,-40.65628,Acessar a via sem observar a presença dos outros veículos,Colisão transversal,Com Vítimas Feridas,Pleno dia,Crescente,Céu Claro,Simples,Aclive,Não,0.0,0.0,3.0,3.0,0.0,0.0,2.0,3.0,SPRF-ES,DEL02-ES,UOP01-DEL02-ES,0,moderado
2025-12-20,18:00,2025-12-20 18:00:00,2025.0,12.0,sabado,18.0,noite,ES,SERRA,True,101.0,BR-101,257.0,-20.129959,-40.297025,Ausência de reação do condutor,Colisão com objeto,Com Vítimas Feridas,Pleno dia,Crescente,Céu Claro,Dupla,Declive,Não,0.0,1.0,0.0,1.0,0.0,0.0,1.0,1.0,SPRF-ES,DEL02-ES,UOP01-DEL02-ES,1,grave
2025-12-20,21:25,2025-12-20 21:25:00,2025.0,12.0,sabado,21.0,noite,ES,JOAO NEIVA,False,259.0,BR-259,2.5,-19.72554,-40.37396,Reação tardia ou ineficiente do condutor,Saída de leito carroçável,Com Vítimas Feridas,Plena Noite,Decrescente,Nublado,Simples,Reta,Não,0.0,0.0,1.0,1.0,0.0,0.0,1.0,1.0,SPRF-ES,DEL02-ES,UOP01-DEL02-ES,0,moderado
2025-12-20,23:40,2025-12-20 23:40:00,2025.0,12.0,sabado,23.0,noite,ES,SERRA,True,101.0,BR-101,266.0,-20.19358129,-40.26876729,Reação tardia ou ineficiente do condutor,Tombamento,Sem Vítimas,Plena Noite,Crescente,Nublado,Dupla,Reta,Sim,0.0,0.0,0.0,0.0,0.0,1.0,1.0,1.0,SPRF-ES,DEL02-ES,UOP01-DEL02-ES,0,baixo
2025-12-20,23:50,2025-12-20 23:50:00,2025.0,12.0,sabado,23.0,noite,ES,LINHARES,False,101.0,BR-101,145.6,-19.35540092,-40.06452352,Ingestão de álcool pelo condutor,Saída de leito carroçável,Sem Vítimas,Plena Noite,Crescente,Céu Claro,Dupla,Reta,Não,0.0,0.0,0.0,0.0,1.0,0.0,1.0,1.0,SPRF-ES,DEL04-ES,UOP01-DEL04-ES,0,baixo
2025-12-21,00:05,2025-12-21 00:05:00,2025.0,12.0,domingo,0.0,madrugada,ES,SERRA,True,101.0,BR-101,257.5,-20.12804,-40.29946,Ausência de reação do condutor,Colisão traseira,Com Vítimas Feridas,Pleno dia,Crescente,Céu Claro,Dupla,Retorno Regulamentado;Rotatória;Curva,Sim,0.0,0.0,1.0,1.0,1.0,0.0,2.0,2.0,SPRF-ES,DEL02-ES,UOP01-DEL02-ES,0,moderado
2025-12-21,02:45,2025-12-21 02:45:00,2025.0,12.0,domingo,2.0,madrugada,ES,LINHARES,False,101.0,BR-101,156.5,-19.41469584,-40.06721947,Acessar a via sem observar a presença dos outros veículos,Colisão lateral sentido oposto,Com Vítimas Feridas,Plena Noite,Crescente,Céu Claro,Simples,Reta,Não,0.0,0.0,1.0,1.0,0.0,1.0,2.0,2.0,SPRF-ES,DEL04-ES,UOP01-DEL04-ES,0,moderado
2025-12-21,04:00,2025-12-21 04:00:00,2025.0,12.0,domingo,4.0,madrugada,ES,BREJETUBA,False,262.0,BR-262,136.3,-20.23546242,-41.34189606,Reação tardia ou ineficiente do condutor,Saída de leito carroçável,Com Vítimas Feridas,Amanhecer,Decrescente,Nevoeiro/Neblina,Simples,Declive;Curva,Não,0.0,1.0,7.0,8.0,0.0,0.0,1.0,8.0,SPRF-ES,DEL01-ES,UOP02-DEL01-ES,1,grave
2025-12-21,04:30,2025-12-21 04:30:00,2025.0,12.0,domingo,4.0,madrugada,ES,SERRA,True,101.0,BR-101,267.0,-20.224243,-40.270428,Ausência de reação do condutor,Colisão com objeto,Com Vítimas Fatais,Amanhecer,Crescente,Céu Claro,Dupla,Reta,Sim,1.0,0.0,0.0,0.0,0.0,0.0,1.0,1.0,SPRF-ES,DEL02-ES,UOP01-DEL02-ES,1,fatal
2025-12-21,05:00,2025-12-21 05:00:00,2025.0,12.0,domingo,5.0,madrugada,ES,SERRA,True,101.0,BR-101,239.0,-20.01669,-40.40384,Demais falhas mecânicas ou elétricas,Incêndio,Sem Vítimas,Amanhecer,Crescente,Céu Claro,Simples,Reta,Não,0.0,0.0,0.0,0.0,1.0,0.0,1.0,1.0,SPRF-ES,DEL02-ES,UOP01-DEL02-ES,0,baixo
2025-12-21,10:00,2025-12-21 10:00:00,2025.0,12.0,domingo,10.0,manha,ES,MARECHAL FLORIANO,False,262.0,BR-262,53.0,-20.415115,-40.741681,Animais na Pista,Queda de ocupante de veículo,Com Vítimas Feridas,Pleno dia,Decrescente,Céu Claro,Simples,Curva,Não,0.0,0.0,1.0,1.0,0.0,0.0,1.0,1.0,SPRF-ES,DEL01-ES,UOP01-DEL01-ES,0,moderado
2025-12-21,11:00,2025-12-21 11:00:00,2025.0,12.0,domingo,11.0,manha,ES,DOMINGOS MARTINS,False,262.0,BR-262,31.5,-20.37913365,-40.57418346,Problema com o freio,Saída de leito carroçável,Com Vítimas Feridas,Pleno dia,Crescente,Sol,Simples,Curva,Não,0.0,0.0,1.0,1.0,0.0,0.0,1.0,1.0,SPRF-ES,DEL01-ES,UOP01-DEL01-ES,0,moderado
2025-12-21,15:25,2025-12-21 15:25:00,2025.0,12.0,domingo,15.0,tarde,ES,CARIACICA,True,101.0,BR-101,287.6,-20.27907821,-40.39268301,Acessar a via sem observar a presença dos outros veículos,Colisão transversal,Com Vítimas Feridas,Pleno dia,Decrescente,Céu Claro,Dupla,Retorno Regulamentado;Reta;Aclive,Não,0.0,1.0,3.0,4.0,2.0,0.0,2.0,6.0,SPRF-ES,DEL01-ES,UOP01-DEL01-ES,1,grave
2025-12-21,15:50,2025-12-21 15:50:00,2025.0,12.0,domingo,15.0,tarde,ES,DOMINGOS MARTINS,False,262.0,BR-262,43.9,-20.38773508,-40.66821882,Transitar na contramão,Colisão frontal,Com Vítimas Fatais,Pleno dia,Crescente,Sol,Simples,Reta,Não,1.0,1.0,1.0,2.0,1.0,0.0,2.0,4.0,SPRF-ES,DEL01-ES,UOP01-DEL01-ES,1,fatal
2025-12-21,17:15,2025-12-21 17:15:00,2025.0,12.0,domingo,17.0,tarde,ES,LINHARES,False,101.0,BR-101,166.0,-19.51857772,-40.14348976,Reação tardia ou ineficiente do condutor,Engavetamento,Com Vítimas Feridas,Anoitecer,Crescente,Céu Claro,Simples,Reta,Não,0.0,0.0,3.0,3.0,3.0,0.0,3.0,6.0,SPRF-ES,DEL04-ES,UOP01-DEL04-ES,0,moderado
2025-12-21,19:00,2025-12-21 19:00:00,2025.0,12.0,domingo,19.0,noite,ES,SERRA,True,101.0,BR-101,271.0,-20.231946,-40.277744,Acessar a via sem observar a presença dos outros veículos,Colisão traseira,Com Vítimas Feridas,Plena Noite,Crescente,Céu Claro,Múltipla,Viaduto;Reta;Aclive,Sim,0.0,0.0,1.0,1.0,1.0,0.0,2.0,2.0,SPRF-ES,DEL02-ES,UOP01-DEL02-ES,0,moderado
2025-11-08,18:00,2025-11-08 18:00:00,2025.0,11.0,sabado,18.0,noite,ES,SAO MATEUS,False,101.0,BR-101,79.2,-18.81578944,-39.90239589,Ingestão de álcool pelo condutor,Colisão com objeto,Com Vítimas Feridas,Plena Noite,Crescente,Nublado,Simples,Reta;Ponte,Não,0.0,0.0,2.0,2.0,0.0,0.0,1.0,2.0,SPRF-ES,DEL04-ES,UOP02-DEL04-ES,0,moderado
2025-12-22,10:00,2025-12-22 10:00:00,2025.0,12.0,segunda,10.0,manha,ES,SERRA,True,101.0,BR-101,261.0,-20.15442604,-40.27776629,Retorno proibido,Colisão transversal,Com Vítimas Feridas,Pleno dia,Decrescente,Céu Claro,Dupla,Reta;Declive,Sim,0.0,0.0,2.0,2.0,1.0,0.0,2.0,3.0,SPRF-ES,DEL02-ES,UOP01-DEL02-ES,0,moderado
2025-12-22,10:45,2025-12-22 10:45:00,2025.0,12.0,segunda,10.0,manha,ES,SERRA,True,101.0,BR-101,264.0,-20.17292791,-40.26736384,Condutor desrespeitou a iluminação vermelha do semáforo,Colisão transversal,Com Vítimas Feridas,Pleno dia,Crescente,Sol,Múltipla,Retorno Regulamentado,Não,0.0,0.0,1.0,1.0,2.0,0.0,3.0,3.0,SPRF-ES,DEL02-ES,UOP01-DEL02-ES,0,moderado
2025-12-22,18:30,2025-12-22 18:30:00,2025.0,12.0,segunda,18.0,noite,ES,CARIACICA,True,101.0,BR-101,292.8,-20.29633958,-40.39400029,Acessar a via sem observar a presença dos outros veículos,Colisão transversal,Com Vítimas Feridas,Plena Noite,Decrescente,Ignorado,Dupla,Retorno Regulamentado,Não,0.0,1.0,0.0,1.0,1.0,0.0,2.0,2.0,SPRF-ES,DEL01-ES,UOP01-DEL01-ES,1,grave
2025-12-23,08:30,2025-12-23 08:30:00,2025.0,12.0,terca,8.0,manha,ES,SERRA,True,101.0,BR-101,276.0,-20.21770595,-40.333727,Manobra de mudança de faixa,Colisão lateral mesmo sentido,Com Vítimas Feridas,Pleno dia,Decrescente,Chuva,Dupla,Reta,Não,0.0,0.0,1.0,1.0,1.0,0.0,2.0,2.0,SPRF-ES,DEL02-ES,UOP01-DEL02-ES,0,moderado
2025-12-23,12:15,2025-12-23 12:15:00,2025.0,12.0,terca,12.0,tarde,ES,DOMINGOS MARTINS,False,262.0,BR-262,94.0,-20.37373655,-41.05867624,Acessar a via sem observar a presença dos outros veículos,Colisão transversal,Com Vítimas Feridas,Pleno dia,Crescente,Sol,Simples,Reta,Não,0.0,2.0,0.0,2.0,1.0,0.0,2.0,3.0,SPRF-ES,DEL01-ES,UOP02-DEL01-ES,1,grave
2025-12-23,18:00,2025-12-23 18:00:00,2025.0,12.0,terca,18.0,noite,ES,LINHARES,False,101.0,BR-101,143.5,-19.34643436,-40.0634238,Reação tardia ou ineficiente do condutor,Colisão traseira,Com Vítimas Feridas,Pleno dia,Decrescente,Céu Claro,Dupla,Reta,Não,0.0,1.0,0.0,1.0,2.0,0.0,2.0,3.0,SPRF-ES,DEL04-ES,UOP01-DEL04-ES,1,grave
2025-12-23,18:00,2025-12-23 18:00:00,2025.0,12.0,terca,18.0,noite,ES,JOAO NEIVA,False,101.0,BR-101,204.0,-19.749552,-40.379058,Acessar a via sem observar a presença dos outros veículos,Colisão transversal,Com Vítimas Feridas,Plena Noite,Decrescente,Nublado,Simples,Reta,Sim,0.0,1.0,0.0,1.0,1.0,0.0,2.0,2.0,SPRF-ES,DEL02-ES,UOP01-DEL02-ES,1,grave
2025-12-23,16:30,2025-12-23 16:30:00,2025.0,12.0,terca,16.0,tarde,ES,ANCHIETA,False,101.0,BR-101,362.0,-20.718367,-40.734663,Condutor Dormindo,Saída de leito carroçável,Com Vítimas Feridas,Anoitecer,Crescente,Céu Claro,Simples,Reta,Não,0.0,0.0,1.0,1.0,0.0,0.0,1.0,1.0,SPRF-ES,DEL03-ES,UOP01-DEL03-ES,0,moderado
2025-12-23,18:10,2025-12-23 18:10:00,2025.0,12.0,terca,18.0,noite,ES,ICONHA,False,101.0,BR-101,373.0,-20.775843,-40.778341,Acessar a via sem observar a presença dos outros veículos,Colisão transversal,Com Vítimas Feridas,Anoitecer,Crescente,Céu Claro,Simples,Reta,Não,0.0,1.0,0.0,1.0,3.0,0.0,2.0,4.0,SPRF-ES,DEL03-ES,UOP01-DEL03-ES,1,grave
2025-12-23,20:10,2025-12-23 20:10:00,2025.0,12.0,terca,20.0,noite,ES,SERRA,True,101.0,BR-101,266.0,-20.19125073,-40.26869059,Acesso irregular,Colisão transversal,Com Vítimas Feridas,Plena Noite,Crescente,Nublado,Múltipla,Reta,Sim,0.0,0.0,2.0,2.0,0.0,0.0,2.0,2.0,SPRF-ES,DEL02-ES,UOP01-DEL02-ES,0,moderado
2025-12-24,08:45,2025-12-24 08:45:00,2025.0,12.0,quarta,8.0,manha,ES,MARECHAL FLORIANO,False,262.0,BR-262,65.8,-20.41484091,-40.82712293,Curva acentuada,Tombamento,Com Vítimas Feridas,Pleno dia,Decrescente,Céu Claro,Simples,Curva,Não,0.0,0.0,2.0,2.0,0.0,0.0,1.0,2.0,SPRF-ES,DEL01-ES,UOP02-DEL01-ES,0,moderado
2025-12-24,11:00,2025-12-24 11:00:00,2025.0,12.0,quarta,11.0,manha,ES,CONCEICAO DA BARRA,False,101.0,BR-101,18.8,-18.3166859,-39.95193092,Frear bruscamente,Engavetamento,Com Vítimas Feridas,Pleno dia,Decrescente,Céu Claro,Simples,Declive,Não,0.0,0.0,2.0,2.0,4.0,1.0,3.0,7.0,SPRF-ES,DEL04-ES,UOP02-DEL04-ES,0,moderado