data,hora,data_hora,ano,mes,dia_semana,hora_dia,periodo_dia,uf,municipio,regiao_grande_vitoria,rodovia,rodovia_label,km,latitude,longitude,causa,tipo_acidente,classificacao,fase_dia,sentido_via,condicao_metereologica,tipo_pista,tracado_via,uso_solo,mortos,feridos_graves,feridos_leves,feridos,ilesos,ignorados,veiculos,pessoas,regional,delegacia,uop,risco_alto,nivel_risco
2025-12-24,15:35,2025-12-24 15:35:00,2025.0,12.0,quarta,15.0,tarde,ES,CARIACICA,True,101.0,BR-101,287.2,-20.266452,-40.386226,Reação tardia ou ineficiente do condutor,Colisão traseira,Com Vítimas Feridas,Pleno dia,Decrescente,Céu Claro,Dupla,Reta,Sim,0.0,1.0,0.0,1.0,2.0,0.0,2.0,3.0,SPRF-ES,DEL01-ES,UOP01-DEL01-ES,1,grave
2025-12-25,10:35,2025-12-25 10:35:00,2025.0,12.0,quinta,10.0,manha,ES,GUARAPARI,True,101.0,BR-101,339.7,-20.64571608,-40.56469917,Avarias e/ou desgaste excessivo no pneu,Tombamento,Com Vítimas Feridas,Pleno dia,Crescente,Céu Claro,Dupla,Curva,Não,0.0,0.0,1.0,1.0,0.0,0.0,1.0,1.0,SPRF-ES,DEL03-ES,UOP01-DEL03-ES,0,moderado
2025-12-25,12:18,2025-12-25 12:18:00,2025.0,12.0,quinta,12.0,tarde,ES,LINHARES,False,101.0,BR-101,145.9,-19.36573824,-40.06544632,Ingestão de álcool pelo condutor,Colisão lateral mesmo sentido,Com Vítimas Feridas,Pleno dia,Crescente,Céu Claro,Dupla,Reta,Sim,0.0,0.0,1.0,1.0,2.0,0.0,2.0,3.0,SPRF-ES,DEL04-ES,UOP01-DEL04-ES,0,moderado
2025-12-25,12:00,2025-12-25 12:00:00,2025.0,12.0,quinta,12.0,tarde,ES,SERRA,True,101.0,BR-101,278.0,-20.217288,-40.3315,Ausência de reação do condutor,Colisão traseira,Com Vítimas Feridas,Pleno dia,Crescente,Sol,Dupla,Reta,Sim,0.0,2.0,0.0,2.0,0.0,0.0,1.0,2.0,SPRF-ES,DEL02-ES,UOP01-DEL02-ES,1,grave
2025-12-25,12:10,2025-12-25 12:10:00,2025.0,12.0,quinta,12.0,tarde,ES,DOMINGOS MARTINS,False,262.0,BR-262,77.0,-20.41105,-40.918202,Reação tardia ou ineficiente do condutor,Queda de ocupante de veículo,Com Vítimas Feridas,Pleno dia,Crescente,Céu Claro,Simples,Curva,Não,0.0,1.0,0.0,1.0,0.0,0.0,1.0,1.0,SPRF-ES,DEL01-ES,UOP02-DEL01-ES,1,grave
2025-12-25,14:50,2025-12-25 14:50:00,2025.0,12.0,quinta,14.0,tarde,ES,LINHARES,False,101.0,BR-101,132.9,-19.25600315,-40.09021665,Avarias e/ou desgaste excessivo no pneu,Tombamento,Com Vítimas Feridas,Pleno dia,Decrescente,Sol,Simples,Reta,Não,0.0,0.0,2.0,2.0,0.0,0.0,1.0,2.0,SPRF-ES,DEL04-ES,UOP01-DEL04-ES,0,moderado
2025-12-25,15:34,2025-12-25 15:34:00,2025.0,12.0,quinta,15.0,tarde,ES,COLATINA,False,259.0,BR-259,61.0,-19.532004,-40.682904,Condutor deixou de manter distância do veículo da frente,Colisão traseira,Com Vítimas Feridas,Pleno dia,Decrescente,Sol,Simples,Reta,Não,0.0,1.0,1.0,2.0,1.0,0.0,2.0,3.0,SPRF-ES,DEL02-ES,UOP01-DEL02-ES,1,grave
2025-12-25,16:12,2025-12-25 16:12:00,2025.0,12.0,quinta,16.0,tarde,ES,ARACRUZ,False,101.0,BR-101,186.4,-19.66727795,-40.25327585,Manobra de mudança de faixa,Colisão com objeto,Com Vítimas Feridas,Pleno dia,Crescente,Céu Claro,Dupla,Aclive,Não,0.0,0.0,2.0,2.0,0.0,0.0,1.0,2.0,SPRF-ES,DEL04-ES,UOP01-DEL04-ES,0,moderado
2025-12-25,18:40,2025-12-25 18:40:00,2025.0,12.0,quinta,18.0,noite,ES,VENDA NOVA DO IMIGRANTE,False,101.0,BR-101,105.0,-20.33548,-41.16777,Ultrapassagem Indevida,Colisão lateral sentido oposto,Com Vítimas Feridas,Anoitecer,Crescente,Céu Claro,Simples,Curva,Não,0.0,0.0,1.0,1.0,1.0,0.0,2.0,2.0,SPRF-ES,DEL04-ES,UOP01-DEL04-ES,0,moderado
2025-12-26,17:30,2025-12-26 17:30:00,2025.0,12.0,sexta,17.0,tarde,ES,GUARAPARI,True,101.0,BR-101,355.0,-20.6585554,-40.613513,Conversão proibida,Colisão frontal,Com Vítimas Feridas,Pleno dia,Crescente,Céu Claro,Dupla,Curva,Não,0.0,1.0,0.0,1.0,0.0,1.0,2.0,2.0,SPRF-ES,DEL03-ES,UOP01-DEL03-ES,1,grave
2025-12-27,05:50,2025-12-27 05:50:00,2025.0,12.0,sabado,5.0,madrugada,ES,ITAPEMIRIM,False,101.0,BR-101,399.1,-20.87918937,-40.96684232,Condutor Dormindo,Colisão com objeto,Com Vítimas Feridas,Amanhecer,Decrescente,Céu Claro,Simples,Reta,Não,0.0,4.0,2.0,6.0,0.0,0.0,1.0,6.0,SPRF-ES,DEL03-ES,UOP02-DEL03-ES,1,grave
2025-12-27,03:20,2025-12-27 03:20:00,2025.0,12.0,sabado,3.0,madrugada,ES,PEDRO CANARIO,False,101.0,BR-101,14.6,-18.26854142,-39.95863698,Condutor Dormindo,Colisão com objeto,Sem Vítimas,Plena Noite,Decrescente,Céu Claro,Simples,Aclive,Não,0.0,0.0,0.0,0.0,0.0,1.0,1.0,1.0,SPRF-ES,DEL04-ES,UOP02-DEL04-ES,0,baixo
2025-12-27,07:30,2025-12-27 07:30:00,2025.0,12.0,sabado,7.0,manha,ES,SERRA,True,101.0,BR-101,13.0,-20.16451613,-40.35058056,Velocidade Incompatível,Queda de ocupante de veículo,Com Vítimas Feridas,Pleno dia,Crescente,Sol,Dupla,Rotatória,Não,0.0,0.0,2.0,2.0,0.0,0.0,2.0,2.0,SPRF-ES,DEL02-ES,UOP01-DEL02-ES,0,moderado
2025-12-27,08:27,2025-12-27 08:27:00,2025.0,12.0,sabado,8.0,manha,ES,ATILIO VIVACQUA,False,101.0,BR-101,425.0,-21.001944,-41.132574,Reação tardia ou ineficiente do condutor,Colisão traseira,Com Vítimas Feridas,Pleno dia,Crescente,Sol,Simples,Reta,Não,0.0,0.0,1.0,1.0,5.0,0.0,2.0,6.0,SPRF-ES,DEL03-ES,UOP02-DEL03-ES,0,moderado
2025-12-27,10:20,2025-12-27 10:20:00,2025.0,12.0,sabado,10.0,manha,ES,VIANA,True,262.0,BR-262,17.4,-20.387947,-40.47644,Reação tardia ou ineficiente do condutor,Saída de leito carroçável,Sem Vítimas,Pleno dia,Crescente,Céu Claro,Simples,Reta,Sim,0.0,0.0,0.0,0.0,0.0,1.0,1.0,1.0,SPRF-ES,DEL01-ES,UOP01-DEL01-ES,0,baixo
2025-12-27,13:07,2025-12-27 13:07:00,2025.0,12.0,sabado,13.0,tarde,ES,FUNDAO,True,101.0,BR-101,233.0,-19.96677868,-40.40611824,Transitar na contramão,Colisão lateral sentido oposto,Com Vítimas Feridas,Pleno dia,Crescente,Céu Claro,Simples,Reta,Não,0.0,0.0,1.0,1.0,2.0,0.0,2.0,3.0,SPRF-ES,DEL02-ES,UOP01-DEL02-ES,0,moderado
2025-12-27,14:29,2025-12-27 14:29:00,2025.0,12.0,sabado,14.0,tarde,ES,JAGUARE,False,101.0,BR-101,96.0,-18.95408411,-39.98319626,Transitar na contramão,Colisão lateral sentido oposto,Com Vítimas Feridas,Pleno dia,Decrescente,Sol,Simples,Reta,Não,0.0,0.0,3.0,3.0,4.0,1.0,5.0,8.0,SPRF-ES,DEL04-ES,UOP02-DEL04-ES,0,moderado
2025-12-27,15:40,2025-12-27 15:40:00,2025.0,12.0,sabado,15.0,tarde,ES,VENDA NOVA DO IMIGRANTE,False,262.0,BR-262,110.0,-20.33626628,-41.18020244,Ultrapassagem Indevida,Colisão lateral mesmo sentido,Com Vítimas Feridas,Pleno dia,Decrescente,Céu Claro,Simples,Reta,Sim,0.0,0.0,1.0,1.0,1.0,0.0,2.0,2.0,SPRF-ES,DEL01-ES,UOP02-DEL01-ES,0,moderado
2025-12-27,19:40,2025-12-27 19:40:00,2025.0,12.0,sabado,19.0,noite,ES,CARIACICA,True,101.0,BR-101,290.0,-20.295508,-40.393688,Acessar a via sem observar a presença dos outros veículos,Colisão transversal,Com Vítimas Feridas,Plena Noite,Crescente,Céu Claro,Dupla,Reta;Aclive,Sim,0.0,1.0,1.0,2.0,1.0,0.0,2.0,3.0,SPRF-ES,DEL01-ES,UOP01-DEL01-ES,1,grave
2025-12-27,21:20,2025-12-27 21:20:00,2025.0,12.0,sabado,21.0,noite,ES,SERRA,True,101.0,BR-101,260.6,-20.147885,-40.280023,Reação tardia ou ineficiente do condutor,Colisão traseira,Com Vítimas Feridas,Plena Noite,Decrescente,Céu Claro,Simples,Curva,Sim,0.0,0.0,3.0,3.0,0.0,1.0,2.0,4.0,SPRF-ES,DEL02-ES,UOP01-DEL02-ES,0,moderado
2025-12-28,08:15,2025-12-28 08:15:00,2025.0,12.0,domingo,8.0,manha,ES,SERRA,True,101.0,BR-101,267.8,-20.20705,-40.26941,Reação tardia ou ineficiente do condutor,Colisão transversal,Com Vítimas Feridas,Pleno dia,Crescente,Céu Claro,Dupla,Interseção de Vias;Reta,Sim,0.0,1.0,0.0,1.0,3.0,0.0,2.0,4.0,SPRF-ES,DEL02-ES,UOP01-DEL02-ES,1,grave
2025-12-28,08:30,2025-12-28 08:30:00,2025.0,12.0,domingo,8.0,manha,ES,BAIXO GUANDU,False,259.0,BR-259,100.4,-19.521463,-41.015331,Condutor deixou de manter distância do veículo da frente,Colisão traseira,Com Vítimas Feridas,Pleno dia,Crescente,Sol,Múltipla,Reta,Sim,0.0,0.0,1.0,1.0,2.0,0.0,2.0,3.0,SPRF-ES,DEL02-ES,UOP01-DEL02-ES,0,moderado
2025-12-28,09:00,2025-12-28 09:00:00,2025.0,12.0,domingo,9.0,manha,ES,IRUPI,False,262.0,BR-262,170.9,-20.29640304,-41.70220323,Acessar a via sem observar a presença dos outros veículos,Colisão transversal,Com Vítimas Feridas,Pleno dia,Crescente,Céu Claro,Simples,Declive;Reta,Não,0.0,2.0,1.0,3.0,3.0,0.0,2.0,6.0,SPRF-ES,DEL01-ES,UOP02-DEL01-ES,1,grave
2025-12-28,13:30,2025-12-28 13:30:00,2025.0,12.0,domingo,13.0,tarde,ES,IBATIBA,False,262.0,BR-262,163.4,-20.239873,-41.545967,Demais falhas mecânicas ou elétricas,Colisão lateral sentido oposto,Sem Vítimas,Pleno dia,Crescente,Céu Claro,Simples,Declive;Curva,Não,0.0,0.0,0.0,0.0,3.0,0.0,3.0,3.0,SPRF-ES,DEL01-ES,UOP02-DEL01-ES,0,baixo
2025-12-28,16:00,2025-12-28 16:00:00,2025.0,12.0,domingo,16.0,tarde,ES,RIO NOVO DO SUL,False,101.0,BR-101,392.0,-20.865053,-40.902391,Ausência de reação do condutor,Saída de leito carroçável,Com Vítimas Feridas,Pleno dia,Crescente,Céu Claro,Simples,Curva,Não,0.0,0.0,1.0,1.0,0.0,0.0,1.0,1.0,SPRF-ES,DEL03-ES,UOP02-DEL03-ES,0,moderado
2025-12-28,19:10,2025-12-28 19:10:00,2025.0,12.0,domingo,19.0,noite,ES,SERRA,True,101.0,BR-101,18.0,-20.21789,-40.3374,Reação tardia ou ineficiente do condutor,Tombamento,Com Vítimas Feridas,Plena Noite,Crescente,Céu Claro,Dupla,Curva;Retorno Regulamentado;Declive,Sim,0.0,1.0,1.0,2.0,0.0,0.0,1.0,2.0,SPRF-ES,DEL02-ES,UOP01-DEL02-ES,1,grave
2025-12-28,21:50,2025-12-28 21:50:00,2025.0,12.0,domingo,21.0,noite,ES,BREJETUBA,False,262.0,BR-262,152.8,-20.2537625,-41.32168293,Acessar a via sem observar a presença dos outros veículos,Colisão transversal,Com Vítimas Feridas,Plena Noite,Crescente,Céu Claro,Simples,Reta,Não,0.0,1.0,0.0,1.0,1.0,0.0,2.0,2.0,SPRF-ES,DEL01-ES,UOP02-DEL01-ES,1,grave
2025-12-29,03:00,2025-12-29 03:00:00,2025.0,12.0,segunda,3.0,madrugada,ES,IBATIBA,False,262.0,BR-262,148.2,-20.214575,-41.426832,Pista esburacada,Tombamento,Com Vítimas Feridas,Plena Noite,Crescente,Nublado,Simples,Declive;Curva,Não,0.0,0.0,1.0,1.0,0.0,0.0,1.0,1.0,SPRF-ES,DEL01-ES,UOP02-DEL01-ES,0,moderado
2025-12-29,06:30,2025-12-29 06:30:00,2025.0,12.0,segunda,6.0,manha,ES,LINHARES,False,101.0,BR-101,161.2,-19.48686451,-40.12342483,Acessar a via sem observar a presença dos outros veículos,Colisão transversal,Com Vítimas Feridas,Pleno dia,Crescente,Céu Claro,Simples,Reta,Não,0.0,2.0,0.0,2.0,0.0,0.0,2.0,2.0,SPRF-ES,DEL04-ES,UOP01-DEL04-ES,1,grave
2025-12-29,06:50,2025-12-29 06:50:00,2025.0,12.0,segunda,6.0,manha,ES,VIANA,True,262.0,BR-262,22.5,-20.37496802,-40.51571285,Animais na Pista,Atropelamento de Animal,Com Vítimas Feridas,Pleno dia,Decrescente,Céu Claro,Simples,Reta;Aclive,Não,0.0,0.0,1.0,1.0,0.0,0.0,1.0,1.0,SPRF-ES,DEL01-ES,UOP01-DEL01-ES,0,moderado
2025-12-29,07:45,2025-12-29 07:45:00,2025.0,12.0,segunda,7.0,manha,ES,SERRA,True,101.0,BR-101,259.0,-20.14082788,-40.29217556,Frear bruscamente,Colisão frontal,Com Vítimas Feridas,Pleno dia,Crescente,Céu Claro,Simples,Reta;Declive,Sim,0.0,0.0,2.0,2.0,1.0,0.0,2.0,3.0,SPRF-ES,DEL02-ES,UOP01-DEL02-ES,0,moderado
2025-12-29,10:00,2025-12-29 10:00:00,2025.0,12.0,segunda,10.0,manha,ES,VIANA,True,101.0,BR-101,304.4,-20.38221948,-40.45836417,Condutor deixou de manter distância do veículo da frente,Colisão traseira,Com Vítimas Feridas,Pleno dia,Decrescente,Céu Claro,Dupla,Reta,Sim,0.0,0.0,1.0,1.0,2.0,0.0,2.0,3.0,SPRF-ES,DEL01-ES,UOP01-DEL01-ES,0,moderado
2025-12-29,11:16,2025-12-29 11:16:00,2025.0,12.0,segunda,11.0,manha,ES,SERRA,True,101.0,BR-101,259.0,-20.1458838,-40.28926849,Reação tardia ou ineficiente do condutor,Colisão com objeto,Com Vítimas Feridas,Pleno dia,Crescente,Céu Claro,Dupla,Reta,Não,0.0,1.0,0.0,1.0,0.0,0.0,1.0,1.0,SPRF-ES,DEL02-ES,UOP01-DEL02-ES,1,grave
2025-12-29,14:38,2025-12-29 14:38:00,2025.0,12.0,segunda,14.0,tarde,ES,SERRA,True,101.0,BR-101,262.0,-20.159438,-40.276222,Condutor desrespeitou a iluminação vermelha do semáforo,Colisão transversal,Com Vítimas Feridas,Pleno dia,Crescente,Céu Claro,Dupla,Retorno Regulamentado;Reta,Não,0.0,0.0,1.0,1.0,1.0,0.0,2.0,2.0,SPRF-ES,DEL02-ES,UOP01-DEL02-ES,0,moderado
2025-12-29,16:30,2025-12-29 16:30:00,2025.0,12.0,segunda,16.0,tarde,ES,LINHARES,False,101.0,BR-101,147.5,-19.38399161,-40.06749916,Acessar a via sem observar a presença dos outros veículos,Colisão traseira,Com Vítimas Feridas,Pleno dia,Crescente,Céu Claro,Dupla,Reta,Sim,0.0,0.0,1.0,1.0,1.0,0.0,2.0,2.0,SPRF-ES,DEL04-ES,UOP01-DEL04-ES,0,moderado
2025-12-29,18:50,2025-12-29 18:50:00,2025.0,12.0,segunda,18.0,noite,ES,SAO MATEUS,False,101.0,BR-101,57.0,-18.64902496,-39.8734173,Condutor deixou de manter distância do veículo da frente,Colisão traseira,Sem Vítimas,Anoitecer,Decrescente,Céu Claro,Simples,Reta,Não,0.0,0.0,0.0,0.0,6.0,0.0,2.0,6.0,SPRF-ES,DEL04-ES,UOP02-DEL04-ES,0,baixo
2025-12-29,20:15,2025-12-29 20:15:00,2025.0,12.0,segunda,20.0,noite,ES,VIANA,True,101.0,BR-101,298.0,-20.352752,-40.41464,Ausência de reação do condutor,Colisão traseira,Com Vítimas Feridas,Plena Noite,Decrescente,Céu Claro,Simples,Reta,Sim,0.0,0.0,1.0,1.0,2.0,0.0,2.0,3.0,SPRF-ES,DEL01-ES,UOP01-DEL01-ES,0,moderado
2025-12-30,06:10,2025-12-30 06:10:00,2025.0,12.0,terca,6.0,manha,ES,VIANA,True,101.0,BR-101,297.5,-20.35135114,-40.4134318,Manobra de mudança de faixa,Colisão traseira,Com Vítimas Feridas,Pleno dia,Crescente,Céu Claro,Dupla,Reta,Não,0.0,0.0,1.0,1.0,1.0,0.0,2.0,2.0,SPRF-ES,DEL01-ES,UOP01-DEL01-ES,0,moderado
2025-12-30,09:01,2025-12-30 09:01:00,2025.0,12.0,terca,9.0,manha,ES,JOAO NEIVA,False,101.0,BR-101,204.8,-19.75569886,-40.38003355,Ausência de reação do condutor,Colisão transversal,Com Vítimas Feridas,Pleno dia,Crescente,Céu Claro,Simples,Interseção de Vias,Sim,0.0,0.0,3.0,3.0,1.0,0.0,2.0,4.0,SPRF-ES,DEL02-ES,UOP01-DEL02-ES,0,moderado
2025-12-30,09:50,2025-12-30 09:50:00,2025.0,12.0,terca,9.0,manha,ES,MARECHAL FLORIANO,False,262.0,BR-262,66.0,-20.414075,-40.839181,Condutor deixou de manter distância do veículo da frente,Colisão traseira,Com Vítimas Feridas,Pleno dia,Decrescente,Sol,Simples,Reta,Não,0.0,0.0,1.0,1.0,2.0,0.0,2.0,3.0,SPRF-ES,DEL01-ES,UOP02-DEL01-ES,0,moderado
2025-12-30,11:50,2025-12-30 11:50:00,2025.0,12.0,terca,11.0,manha,ES,SAO MATEUS,False,101.0,BR-101,64.5,-18.71551015,-39.87595081,Manobra de mudança de faixa,Colisão traseira,Com Vítimas Feridas,Pleno dia,Decrescente,Céu Claro,Múltipla,Reta,Sim,0.0,1.0,1.0,2.0,1.0,0.0,2.0,3.0,SPRF-ES,DEL04-ES,UOP02-DEL04-ES,1,grave
2025-12-30,12:26,2025-12-30 12:26:00,2025.0,12.0,terca,12.0,tarde,ES,SERRA,True,101.0,BR-101,267.0,-20.19712602,-40.26845276,Pedestre andava na pista,Atropelamento de Pedestre,Com Vítimas Feridas,Pleno dia,Decrescente,Céu Claro,Múltipla,Reta,Sim,0.0,0.0,1.0,1.0,1.0,0.0,2.0,2.0,SPRF-ES,DEL02-ES,UOP01-DEL02-ES,0,moderado
2025-12-30,15:30,2025-12-30 15:30:00,2025.0,12.0,terca,15.0,tarde,ES,RIO NOVO DO SUL,False,101.0,BR-101,392.5,-20.866372,-40.9077499,Desrespeitar a preferência no cruzamento,Colisão transversal,Com Vítimas Feridas,Pleno dia,Decrescente,Sol,Simples,Interseção de Vias,Não,0.0,1.0,3.0,4.0,0.0,0.0,2.0,4.0,SPRF-ES,DEL03-ES,UOP02-DEL03-ES,1,grave
2025-12-30,18:30,2025-12-30 18:30:00,2025.0,12.0,terca,18.0,noite,ES,CARIACICA,True,101.0,BR-101,285.0,-20.2519082,-40.3732453,Transitar no Acostamento,Colisão lateral mesmo sentido,Com Vítimas Feridas,Anoitecer,Crescente,Céu Claro,Dupla,Retorno Regulamentado;Aclive;Reta,Sim,0.0,1.0,0.0,1.0,1.0,0.0,2.0,2.0,SPRF-ES,DEL01-ES,UOP01-DEL01-ES,1,grave
2025-12-31,03:03,2025-12-31 03:03:00,2025.0,12.0,quarta,3.0,madrugada,ES,CARIACICA,True,101.0,BR-101,297.0,-20.34646381,-40.41082311,Condutor Dormindo,Colisão com objeto,Com Vítimas Feridas,Plena Noite,Decrescente,Céu Claro,Dupla,Reta,Não,0.0,1.0,0.0,1.0,0.0,0.0,1.0,1.0,SPRF-ES,DEL01-ES,UOP01-DEL01-ES,1,grave
2025-12-31,07:00,2025-12-31 07:00:00,2025.0,12.0,quarta,7.0,manha,ES,LINHARES,False,101.0,BR-101,143.2,-19.34920966,-40.06353378,Condutor deixou de manter distância do veículo da frente,Queda de ocupante de veículo,Com Vítimas Feridas,Pleno dia,Crescente,Céu Claro,Múltipla,Reta,Sim,0.0,0.0,2.0,2.0,0.0,0.0,1.0,2.0,SPRF-ES,DEL04-ES,UOP01-DEL04-ES,0,moderado
2025-12-31,08:40,2025-12-31 08:40:00,2025.0,12.0,quarta,8.0,manha,ES,JAGUARE,False,101.0,BR-101,92.0,-18.97831576,-39.99004126,Condutor deixou de manter distância do veículo da frente,Colisão traseira,Com Vítimas Feridas,Pleno dia,Crescente,Sol,Simples,Reta,Não,0.0,1.0,0.0,1.0,0.0,1.0,2.0,2.0,SPRF-ES,DEL04-ES,UOP02-DEL04-ES,1,grave
2025-12-31,11:25,2025-12-31 11:25:00,2025.0,12.0,quarta,11.0,manha,ES,SERRA,True,0.0,BR-0,0.0,-20.19367,-40.266663,Reação tardia ou ineficiente do condutor,Colisão com objeto,Com Vítimas Feridas,Pleno dia,Não Informado,Céu Claro,Dupla,Reta,Sim,0.0,0.0,1.0,1.0,2.0,0.0,2.0,3.0,SPRF-ES,DEL02-ES,UOP01-DEL02-ES,0,moderado
2025-12-31,13:40,2025-12-31 13:40:00,2025.0,12.0,quarta,13.0,tarde,ES,LINHARES,False,101.0,BR-101,144.0,-19.35685855,-40.0640367,Ausência de reação do condutor,Tombamento,Sem Vítimas,Pleno dia,Crescente,Céu Claro,Simples,Reta,Sim,0.0,0.0,0.0,0.0,0.0,1.0,1.0,1.0,SPRF-ES,DEL04-ES,UOP01-DEL04-ES,0,baixo
2025-12-31,14:00,2025-12-31 14:00:00,2025.0,12.0,quarta,14.0,tarde,ES,SERRA,True,101.0,BR-101,268.0,-20.2042113,-40.26990892,Acessar a via sem observar a presença dos outros veículos,Colisão lateral mesmo sentido,Com Vítimas Feridas,Pleno dia,Decrescente,Céu Claro,Dupla,Reta,Sim,0.0,2.0,0.0,2.0,2.0,0.0,3.0,4.0,SPRF-ES,DEL02-ES,UOP01-DEL02-ES,1,grave
2025-12-31,06:20,2025-12-31 06:20:00,2025.0,12.0,quarta,6.0,manha,ES,SERRA,True,101.0,BR-101,257.0,-20.12374993,-40.30476843,Acesso irregular,Colisão lateral mesmo sentido,Com Vítimas Feridas,Amanhecer,Crescente,Céu Claro,Dupla,Reta,Não,0.0,0.0,2.0,2.0,0.0,1.0,2.0,3.0,SPRF-ES,DEL02-ES,UOP01-DEL02-ES,0,moderado
2025-12-31,16:40,2025-12-31 16:40:00,2025.0,12.0,quarta,16.0,tarde,ES,DOMINGOS MARTINS,False,262.0,BR-262,36.0,-20.382492,-40.603608,Ausência de reação do condutor,Colisão com objeto,Com Vítimas Feridas,Pleno dia,Crescente,Céu Claro,Simples,Curva;Declive,Não,0.0,2.0,0.0,2.0,0.0,0.0,1.0,2.0,SPRF-ES,DEL01-ES,UOP01-DEL01-ES,1,grave
2025-12-31,18:30,2025-12-31 18:30:00,2025.0,12.0,quarta,18.0,noite,ES,VIANA,True,101.0,BR-101,306.8,-20.39886917,-40.45636296,Acessar a via sem observar a presença dos outros veículos,Colisão traseira,Com Vítimas Feridas,Plena Noite,Crescente,Céu Claro,Dupla,Reta,Não,0.0,0.0,1.0,1.0,0.0,1.0,2.0,2.0,SPRF-ES,DEL01-ES,UOP01-DEL01-ES,0,moderado
2025-10-12,20:20,2025-10-12 20:20:00,2025.0,10.0,domingo,20.0,noite,ES,SAO MATEUS,False,101.0,BR-101,71.8,-18.76157071,-39.86353657,Frear bruscamente,Queda de ocupante de veículo,Com Vítimas Feridas,Plena Noite,Crescente,Céu Claro,Simples,Reta;Aclive,Não,0.0,1.0,0.0,1.0,0.0,0.0,1.0,1.0,SPRF-ES,DEL04-ES,UOP02-DEL04-ES,1,grave
2025-11-29,04:37,2025-11-29 04:37:00,2025.0,11.0,sabado,4.0,madrugada,ES,CONCEICAO DA BARRA,False,101.0,BR-101,32.4,-18.433644,-39.933722,Entrada inopinada do pedestre,Atropelamento de Pedestre,Com Vítimas Fatais,Amanhecer,Crescente,Nevoeiro/Neblina,Simples,Reta,Sim,1.0,0.0,0.0,0.0,1.0,0.0,2.0,2.0,SPRF-ES,DEL04-ES,UOP02-DEL04-ES,1,fatal
2025-10-17,14:40,2025-10-17 14:40:00,2025.0,10.0,sexta,14.0,tarde,ES,COLATINA,False,259.0,BR-259,57.0,-19.5114768,-40.6562701,Conversão proibida,Colisão transversal,Com Vítimas Feridas,Pleno dia,Decrescente,Sol,Simples,Interseção de Vias;Curva,Sim,0.0,0.0,1.0,1.0,0.0,1.0,2.0,2.0,SPRF-ES,DEL02-ES,UOP01-DEL02-ES,0,moderado
2025-11-28,16:19,2025-11-28 16:19:00,2025.0,11.0,sexta,16.0,tarde,ES,LINHARES,False,101.0,BR-101,145.5,-19.3664476,-40.0651644,Condutor deixou de manter distância do veículo da frente,Colisão traseira,Com Vítimas Feridas,Pleno dia,Decrescente,Céu Claro,Múltipla,Reta,Sim,0.0,0.0,1.0,1.0,1.0,0.0,2.0,2.0,SPRF-ES,DEL04-ES,UOP01-DEL04-ES,0,moderado
2025-12-26,20:23,2025-12-26 20:23:00,2025.0,12.0,sexta,20.0,noite,ES,PEDRO CANARIO,False,101.0,BR-101,15.2,-18.29541929,-39.9568646,Desrespeitar a preferência no cruzamento,Colisão transversal,Com Vítimas Feridas,Pleno dia,Decrescente,Céu Claro,Simples,Interseção de Vias;Reta,Não,0.0,1.0,1.0,2.0,2.0,0.0,2.0,4.0,SPRF-ES,DEL04-ES,UOP02-DEL04-ES,1,grave
2025-11-14,21:30,2025-11-14 21:30:00,2025.0,11.0,sexta,21.0,noite,ES,MARECHAL FLORIANO,False,262.0,BR-262,65.5,-20.41461771,-40.82680366,Pedestre - Ingestão de álcool/ substâncias psicoativas,Atropelamento de Pedestre,Com Vítimas Fatais,Plena Noite,Crescente,Céu Claro,Simples,Reta,Não,1.0,0.0,0.0,0.0,4.0,0.0,2.0,5.0,SPRF-ES,DEL01-ES,UOP02-DEL01-ES,1,fatal
2025-11-05,04:00,2025-11-05 04:00:00,2025.0,11.0,quarta,4.0,madrugada,ES,VILA VELHA,True,101.0,BR-101,295.1,-20.46478424,-40.46530724,Ingestão de álcool pelo condutor,Colisão com objeto,Com Vítimas Feridas,Plena Noite,Crescente,Nublado,Múltipla,Reta,Não,0.0,1.0,0.0,1.0,0.0,0.0,1.0,1.0,SPRF-ES,DEL01-ES,UOP01-DEL01-ES,1,grave
2025-11-02,23:58,2025-11-02 23:58:00,2025.0,11.0,domingo,23.0,noite,ES,SERRA,True,101.0,BR-101,270.3,-20.22987,-40.2726,Ausência de reação do condutor,Colisão transversal,Com Vítimas Feridas,Plena Noite,Decrescente,Céu Claro,Dupla,Reta;Interseção de Vias,Sim,0.0,1.0,0.0,1.0,1.0,0.0,2.0,2.0,SPRF-ES,DEL02-ES,UOP01-DEL02-ES,1,grave